calendar_entry_id,calendar_date,academic_year,term,year_group,weekday,period_number,start_time,end_time,subject,planned_activity,event_name,event_type
CAL000001,2025-01-01,2025,Term 1,Grade 4,Wednesday,1,08:45,09:45,Science,,,
CAL000002,2025-01-01,2025,Term 1,Grade 4,Wednesday,2,09:45,10:45,Humanities,,,
CAL000003,2025-01-01,2025,Term 1,Grade 4,Wednesday,3,11:15,12:15,Arts,,,
CAL000004,2025-01-01,2025,Term 1,Grade 4,Wednesday,4,13:00,14:00,Mathematics,,,
CAL000005,2025-01-01,2025,Term 1,Grade 4,Wednesday,5,14:00,15:00,English,,,
CAL000006,2025-01-01,2025,Term 1,Grade 5,Wednesday,1,08:45,09:45,Science,,,
CAL000007,2025-01-01,2025,Term 1,Grade 5,Wednesday,2,09:45,10:45,Humanities,,,
CAL000008,2025-01-01,2025,Term 1,Grade 5,Wednesday,3,11:15,12:15,Health and Physical Education,,,
CAL000009,2025-01-01,2025,Term 1,Grade 5,Wednesday,4,13:00,14:00,Mathematics,,,
CAL000010,2025-01-01,2025,Term 1,Grade 5,Wednesday,5,14:00,15:00,English,,,
CAL000011,2025-01-01,2025,Term 1,Grade 6,Wednesday,1,08:45,09:45,Science,,,
CAL000012,2025-01-01,2025,Term 1,Grade 6,Wednesday,2,09:45,10:45,Humanities,,,
CAL000013,2025-01-01,2025,Term 1,Grade 6,Wednesday,3,11:15,12:15,Design and Technology,,,
CAL000014,2025-01-01,2025,Term 1,Grade 6,Wednesday,4,13:00,14:00,Mathematics,,,
CAL000015,2025-01-01,2025,Term 1,Grade 6,Wednesday,5,14:00,15:00,English,,,
CAL000016,2025-01-02,2025,Term 1,Grade 4,Thursday,1,08:45,09:45,Humanities,,,
CAL000017,2025-01-02,2025,Term 1,Grade 4,Thursday,2,09:45,10:45,Arts,,,
CAL000018,2025-01-02,2025,Term 1,Grade 4,Thursday,3,11:15,12:15,Mathematics,,,
CAL000019,2025-01-02,2025,Term 1,Grade 4,Thursday,4,13:00,14:00,English,,,
CAL000020,2025-01-02,2025,Term 1,Grade 4,Thursday,5,14:00,15:00,Science,,,
CAL000021,2025-01-02,2025,Term 1,Grade 5,Thursday,1,08:45,09:45,Humanities,,,
CAL000022,2025-01-02,2025,Term 1,Grade 5,Thursday,2,09:45,10:45,Health and Physical Education,,,
CAL000023,2025-01-02,2025,Term 1,Grade 5,Thursday,3,11:15,12:15,Mathematics,,,
CAL000024,2025-01-02,2025,Term 1,Grade 5,Thursday,4,13:00,14:00,English,,,
CAL000025,2025-01-02,2025,Term 1,Grade 5,Thursday,5,14:00,15:00,Science,,,
CAL000026,2025-01-02,2025,Term 1,Grade 6,Thursday,1,08:45,09:45,Humanities,,,
CAL000027,2025-01-02,2025,Term 1,Grade 6,Thursday,2,09:45,10:45,Design and Technology,,,
CAL000028,2025-01-02,2025,Term 1,Grade 6,Thursday,3,11:15,12:15,Mathematics,,,
CAL000029,2025-01-02,2025,Term 1,Grade 6,Thursday,4,13:00,14:00,English,,,
CAL000030,2025-01-02,2025,Term 1,Grade 6,Thursday,5,14:00,15:00,Science,,,
CAL000031,2025-01-03,2025,Term 1,Grade 4,Friday,1,08:45,09:45,Arts,,,
CAL000032,2025-01-03,2025,Term 1,Grade 4,Friday,2,09:45,10:45,Mathematics,,,
CAL000033,2025-01-03,2025,Term 1,Grade 4,Friday,3,11:15,12:15,English,,,
CAL000034,2025-01-03,2025,Term 1,Grade 4,Friday,4,13:00,14:00,Science,,,
CAL000035,2025-01-03,2025,Term 1,Grade 4,Friday,5,14:00,15:00,Humanities,,,
CAL000036,2025-01-03,2025,Term 1,Grade 5,Friday,1,08:45,09:45,Health and Physical Education,,,
CAL000037,2025-01-03,2025,Term 1,Grade 5,Friday,2,09:45,10:45,Mathematics,,,
CAL000038,2025-01-03,2025,Term 1,Grade 5,Friday,3,11:15,12:15,English,,,
CAL000039,2025-01-03,2025,Term 1,Grade 5,Friday,4,13:00,14:00,Science,,,
CAL000040,2025-01-03,2025,Term 1,Grade 5,Friday,5,14:00,15:00,Humanities,,,
CAL000041,2025-01-03,2025,Term 1,Grade 6,Friday,1,08:45,09:45,Design and Technology,,,
CAL000042,2025-01-03,2025,Term 1,Grade 6,Friday,2,09:45,10:45,Mathematics,,,
CAL000043,2025-01-03,2025,Term 1,Grade 6,Friday,3,11:15,12:15,English,,,
CAL000044,2025-01-03,2025,Term 1,Grade 6,Friday,4,13:00,14:00,Science,,,
CAL000045,2025-01-03,2025,Term 1,Grade 6,Friday,5,14:00,15:00,Humanities,,,
CAL000046,2025-01-06,2025,Term 1,Grade 4,Monday,1,08:45,09:45,Mathematics,,,
CAL000047,2025-01-06,2025,Term 1,Grade 4,Monday,2,09:45,10:45,English,,,
CAL000048,2025-01-06,2025,Term 1,Grade 4,Monday,3,11:15,12:15,Science,,,
CAL000049,2025-01-06,2025,Term 1,Grade 4,Monday,4,13:00,14:00,Humanities,,,
CAL000050,2025-01-06,2025,Term 1,Grade 4,Monday,5,14:00,15:00,Arts,,,
CAL000051,2025-01-06,2025,Term 1,Grade 5,Monday,1,08:45,09:45,Mathematics,,,
CAL000052,2025-01-06,2025,Term 1,Grade 5,Monday,2,09:45,10:45,English,,,
CAL000053,2025-01-06,2025,Term 1,Grade 5,Monday,3,11:15,12:15,Science,,,
CAL000054,2025-01-06,2025,Term 1,Grade 5,Monday,4,13:00,14:00,Humanities,,,
CAL000055,2025-01-06,2025,Term 1,Grade 5,Monday,5,14:00,15:00,Health and Physical Education,,,
CAL000056,2025-01-06,2025,Term 1,Grade 6,Monday,1,08:45,09:45,Mathematics,,,
CAL000057,2025-01-06,2025,Term 1,Grade 6,Monday,2,09:45,10:45,English,,,
CAL000058,2025-01-06,2025,Term 1,Grade 6,Monday,3,11:15,12:15,Science,,,
CAL000059,2025-01-06,2025,Term 1,Grade 6,Monday,4,13:00,14:00,Humanities,,,
CAL000060,2025-01-06,2025,Term 1,Grade 6,Monday,5,14:00,15:00,Design and Technology,,,
CAL000061,2025-01-07,2025,Term 1,Grade 4,Tuesday,1,08:45,09:45,English,,,
CAL000062,2025-01-07,2025,Term 1,Grade 4,Tuesday,2,09:45,10:45,Science,,,
CAL000063,2025-01-07,2025,Term 1,Grade 4,Tuesday,3,11:15,12:15,Humanities,,,
CAL000064,2025-01-07,2025,Term 1,Grade 4,Tuesday,4,13:00,14:00,Arts,,,
CAL000065,2025-01-07,2025,Term 1,Grade 4,Tuesday,5,14:00,15:00,Mathematics,,,
CAL000066,2025-01-07,2025,Term 1,Grade 5,Tuesday,1,08:45,09:45,English,,,
CAL000067,2025-01-07,2025,Term 1,Grade 5,Tuesday,2,09:45,10:45,Science,,,
CAL000068,2025-01-07,2025,Term 1,Grade 5,Tuesday,3,11:15,12:15,Humanities,,,
CAL000069,2025-01-07,2025,Term 1,Grade 5,Tuesday,4,13:00,14:00,Health and Physical Education,,,
CAL000070,2025-01-07,2025,Term 1,Grade 5,Tuesday,5,14:00,15:00,Mathematics,,,
CAL000071,2025-01-07,2025,Term 1,Grade 6,Tuesday,1,08:45,09:45,English,,,
CAL000072,2025-01-07,2025,Term 1,Grade 6,Tuesday,2,09:45,10:45,Science,,,
CAL000073,2025-01-07,2025,Term 1,Grade 6,Tuesday,3,11:15,12:15,Humanities,,,
CAL000074,2025-01-07,2025,Term 1,Grade 6,Tuesday,4,13:00,14:00,Design and Technology,,,
CAL000075,2025-01-07,2025,Term 1,Grade 6,Tuesday,5,14:00,15:00,Mathematics,,,
CAL000076,2025-01-08,2025,Term 1,Grade 4,Wednesday,1,08:45,09:45,Science,,,
CAL000077,2025-01-08,2025,Term 1,Grade 4,Wednesday,2,09:45,10:45,Humanities,,,
CAL000078,2025-01-08,2025,Term 1,Grade 4,Wednesday,3,11:15,12:15,Arts,,,
CAL000079,2025-01-08,2025,Term 1,Grade 4,Wednesday,4,13:00,14:00,Mathematics,,,
CAL000080,2025-01-08,2025,Term 1,Grade 4,Wednesday,5,14:00,15:00,English,,,
CAL000081,2025-01-08,2025,Term 1,Grade 5,Wednesday,1,08:45,09:45,Science,,,
CAL000082,2025-01-08,2025,Term 1,Grade 5,Wednesday,2,09:45,10:45,Humanities,,,
CAL000083,2025-01-08,2025,Term 1,Grade 5,Wednesday,3,11:15,12:15,Health and Physical Education,,,
CAL000084,2025-01-08,2025,Term 1,Grade 5,Wednesday,4,13:00,14:00,Mathematics,,,
CAL000085,2025-01-08,2025,Term 1,Grade 5,Wednesday,5,14:00,15:00,English,,,
CAL000086,2025-01-08,2025,Term 1,Grade 6,Wednesday,1,08:45,09:45,Science,,,
CAL000087,2025-01-08,2025,Term 1,Grade 6,Wednesday,2,09:45,10:45,Humanities,,,
CAL000088,2025-01-08,2025,Term 1,Grade 6,Wednesday,3,11:15,12:15,Design and Technology,,,
CAL000089,2025-01-08,2025,Term 1,Grade 6,Wednesday,4,13:00,14:00,Mathematics,,,
CAL000090,2025-01-08,2025,Term 1,Grade 6,Wednesday,5,14:00,15:00,English,,,
CAL000091,2025-01-09,2025,Term 1,Grade 4,Thursday,1,08:45,09:45,Humanities,,,
CAL000092,2025-01-09,2025,Term 1,Grade 4,Thursday,2,09:45,10:45,Arts,,,
CAL000093,2025-01-09,2025,Term 1,Grade 4,Thursday,3,11:15,12:15,Mathematics,,,
CAL000094,2025-01-09,2025,Term 1,Grade 4,Thursday,4,13:00,14:00,English,,,
CAL000095,2025-01-09,2025,Term 1,Grade 4,Thursday,5,14:00,15:00,Science,,,
CAL000096,2025-01-09,2025,Term 1,Grade 5,Thursday,1,08:45,09:45,Humanities,,,
CAL000097,2025-01-09,2025,Term 1,Grade 5,Thursday,2,09:45,10:45,Health and Physical Education,,,
CAL000098,2025-01-09,2025,Term 1,Grade 5,Thursday,3,11:15,12:15,Mathematics,,,
CAL000099,2025-01-09,2025,Term 1,Grade 5,Thursday,4,13:00,14:00,English,,,
CAL000100,2025-01-09,2025,Term 1,Grade 5,Thursday,5,14:00,15:00,Science,,,
CAL000101,2025-01-09,2025,Term 1,Grade 6,Thursday,1,08:45,09:45,Humanities,,,
CAL000102,2025-01-09,2025,Term 1,Grade 6,Thursday,2,09:45,10:45,Design and Technology,,,
CAL000103,2025-01-09,2025,Term 1,Grade 6,Thursday,3,11:15,12:15,Mathematics,,,
CAL000104,2025-01-09,2025,Term 1,Grade 6,Thursday,4,13:00,14:00,English,,,
CAL000105,2025-01-09,2025,Term 1,Grade 6,Thursday,5,14:00,15:00,Science,,,
CAL000106,2025-01-10,2025,Term 1,Grade 4,Friday,1,08:45,09:45,Arts,,,
CAL000107,2025-01-10,2025,Term 1,Grade 4,Friday,2,09:45,10:45,Mathematics,,,
CAL000108,2025-01-10,2025,Term 1,Grade 4,Friday,3,11:15,12:15,English,,,
CAL000109,2025-01-10,2025,Term 1,Grade 4,Friday,4,13:00,14:00,Science,,,
CAL000110,2025-01-10,2025,Term 1,Grade 4,Friday,5,14:00,15:00,Humanities,,,
CAL000111,2025-01-10,2025,Term 1,Grade 5,Friday,1,08:45,09:45,Health and Physical Education,,,
CAL000112,2025-01-10,2025,Term 1,Grade 5,Friday,2,09:45,10:45,Mathematics,,,
CAL000113,2025-01-10,2025,Term 1,Grade 5,Friday,3,11:15,12:15,English,,,
CAL000114,2025-01-10,2025,Term 1,Grade 5,Friday,4,13:00,14:00,Science,,,
CAL000115,2025-01-10,2025,Term 1,Grade 5,Friday,5,14:00,15:00,Humanities,,,
CAL000116,2025-01-10,2025,Term 1,Grade 6,Friday,1,08:45,09:45,Design and Technology,,,
CAL000117,2025-01-10,2025,Term 1,Grade 6,Friday,2,09:45,10:45,Mathematics,,,
CAL000118,2025-01-10,2025,Term 1,Grade 6,Friday,3,11:15,12:15,English,,,
CAL000119,2025-01-10,2025,Term 1,Grade 6,Friday,4,13:00,14:00,Science,,,
CAL000120,2025-01-10,2025,Term 1,Grade 6,Friday,5,14:00,15:00,Humanities,,,
CAL000121,2025-01-13,2025,Term 1,Grade 4,Monday,1,08:45,09:45,Mathematics,,,
CAL000122,2025-01-13,2025,Term 1,Grade 4,Monday,2,09:45,10:45,English,,,
CAL000123,2025-01-13,2025,Term 1,Grade 4,Monday,3,11:15,12:15,Science,,,
CAL000124,2025-01-13,2025,Term 1,Grade 4,Monday,4,13:00,14:00,Humanities,,,
CAL000125,2025-01-13,2025,Term 1,Grade 4,Monday,5,14:00,15:00,Arts,,,
CAL000126,2025-01-13,2025,Term 1,Grade 5,Monday,1,08:45,09:45,Mathematics,,,
CAL000127,2025-01-13,2025,Term 1,Grade 5,Monday,2,09:45,10:45,English,,,
CAL000128,2025-01-13,2025,Term 1,Grade 5,Monday,3,11:15,12:15,Science,,,
CAL000129,2025-01-13,2025,Term 1,Grade 5,Monday,4,13:00,14:00,Humanities,,,
CAL000130,2025-01-13,2025,Term 1,Grade 5,Monday,5,14:00,15:00,Health and Physical Education,,,
CAL000131,2025-01-13,2025,Term 1,Grade 6,Monday,1,08:45,09:45,Mathematics,,,
CAL000132,2025-01-13,2025,Term 1,Grade 6,Monday,2,09:45,10:45,English,,,
CAL000133,2025-01-13,2025,Term 1,Grade 6,Monday,3,11:15,12:15,Science,,,
CAL000134,2025-01-13,2025,Term 1,Grade 6,Monday,4,13:00,14:00,Humanities,,,
CAL000135,2025-01-13,2025,Term 1,Grade 6,Monday,5,14:00,15:00,Design and Technology,,,
CAL000136,2025-01-14,2025,Term 1,Grade 4,Tuesday,1,08:45,09:45,English,,,
CAL000137,2025-01-14,2025,Term 1,Grade 4,Tuesday,2,09:45,10:45,Science,,,
CAL000138,2025-01-14,2025,Term 1,Grade 4,Tuesday,3,11:15,12:15,Humanities,,,
CAL000139,2025-01-14,2025,Term 1,Grade 4,Tuesday,4,13:00,14:00,Arts,,,
CAL000140,2025-01-14,2025,Term 1,Grade 4,Tuesday,5,14:00,15:00,Mathematics,,,
CAL000141,2025-01-14,2025,Term 1,Grade 5,Tuesday,1,08:45,09:45,English,,,
CAL000142,2025-01-14,2025,Term 1,Grade 5,Tuesday,2,09:45,10:45,Science,,,
CAL000143,2025-01-14,2025,Term 1,Grade 5,Tuesday,3,11:15,12:15,Humanities,,,
CAL000144,2025-01-14,2025,Term 1,Grade 5,Tuesday,4,13:00,14:00,Health and Physical Education,,,
CAL000145,2025-01-14,2025,Term 1,Grade 5,Tuesday,5,14:00,15:00,Mathematics,,,
CAL000146,2025-01-14,2025,Term 1,Grade 6,Tuesday,1,08:45,09:45,English,,,
CAL000147,2025-01-14,2025,Term 1,Grade 6,Tuesday,2,09:45,10:45,Science,,,
CAL000148,2025-01-14,2025,Term 1,Grade 6,Tuesday,3,11:15,12:15,Humanities,,,
CAL000149,2025-01-14,2025,Term 1,Grade 6,Tuesday,4,13:00,14:00,Design and Technology,,,
CAL000150,2025-01-14,2025,Term 1,Grade 6,Tuesday,5,14:00,15:00,Mathematics,,,
CAL000151,2025-01-15,2025,Term 1,Grade 4,Wednesday,1,08:45,09:45,Science,,,
CAL000152,2025-01-15,2025,Term 1,Grade 4,Wednesday,2,09:45,10:45,Humanities,,,
CAL000153,2025-01-15,2025,Term 1,Grade 4,Wednesday,3,11:15,12:15,Arts,,,
CAL000154,2025-01-15,2025,Term 1,Grade 4,Wednesday,4,13:00,14:00,Mathematics,,,
CAL000155,2025-01-15,2025,Term 1,Grade 4,Wednesday,5,14:00,15:00,English,,,
CAL000156,2025-01-15,2025,Term 1,Grade 5,Wednesday,1,08:45,09:45,Science,,,
CAL000157,2025-01-15,2025,Term 1,Grade 5,Wednesday,2,09:45,10:45,Humanities,,,
CAL000158,2025-01-15,2025,Term 1,Grade 5,Wednesday,3,11:15,12:15,Health and Physical Education,,,
CAL000159,2025-01-15,2025,Term 1,Grade 5,Wednesday,4,13:00,14:00,Mathematics,,,
CAL000160,2025-01-15,2025,Term 1,Grade 5,Wednesday,5,14:00,15:00,English,,,
CAL000161,2025-01-15,2025,Term 1,Grade 6,Wednesday,1,08:45,09:45,Science,,,
CAL000162,2025-01-15,2025,Term 1,Grade 6,Wednesday,2,09:45,10:45,Humanities,,,
CAL000163,2025-01-15,2025,Term 1,Grade 6,Wednesday,3,11:15,12:15,Design and Technology,,,
CAL000164,2025-01-15,2025,Term 1,Grade 6,Wednesday,4,13:00,14:00,Mathematics,,,
CAL000165,2025-01-15,2025,Term 1,Grade 6,Wednesday,5,14:00,15:00,English,,,
CAL000166,2025-01-16,2025,Term 1,Grade 4,Thursday,1,08:45,09:45,Humanities,,,
CAL000167,2025-01-16,2025,Term 1,Grade 4,Thursday,2,09:45,10:45,Arts,,,
CAL000168,2025-01-16,2025,Term 1,Grade 4,Thursday,3,11:15,12:15,Mathematics,,,
CAL000169,2025-01-16,2025,Term 1,Grade 4,Thursday,4,13:00,14:00,English,,,
CAL000170,2025-01-16,2025,Term 1,Grade 4,Thursday,5,14:00,15:00,Science,,,
CAL000171,2025-01-16,2025,Term 1,Grade 5,Thursday,1,08:45,09:45,Humanities,,,
CAL000172,2025-01-16,2025,Term 1,Grade 5,Thursday,2,09:45,10:45,Health and Physical Education,,,
CAL000173,2025-01-16,2025,Term 1,Grade 5,Thursday,3,11:15,12:15,Mathematics,,,
CAL000174,2025-01-16,2025,Term 1,Grade 5,Thursday,4,13:00,14:00,English,,,
CAL000175,2025-01-16,2025,Term 1,Grade 5,Thursday,5,14:00,15:00,Science,,,
CAL000176,2025-01-16,2025,Term 1,Grade 6,Thursday,1,08:45,09:45,Humanities,,,
CAL000177,2025-01-16,2025,Term 1,Grade 6,Thursday,2,09:45,10:45,Design and Technology,,,
CAL000178,2025-01-16,2025,Term 1,Grade 6,Thursday,3,11:15,12:15,Mathematics,,,
CAL000179,2025-01-16,2025,Term 1,Grade 6,Thursday,4,13:00,14:00,English,,,
CAL000180,2025-01-16,2025,Term 1,Grade 6,Thursday,5,14:00,15:00,Science,,,
CAL000181,2025-01-17,2025,Term 1,Grade 4,Friday,1,08:45,09:45,Arts,,,
CAL000182,2025-01-17,2025,Term 1,Grade 4,Friday,2,09:45,10:45,Mathematics,,,
CAL000183,2025-01-17,2025,Term 1,Grade 4,Friday,3,11:15,12:15,English,,,
CAL000184,2025-01-17,2025,Term 1,Grade 4,Friday,4,13:00,14:00,Science,,,
CAL000185,2025-01-17,2025,Term 1,Grade 4,Friday,5,14:00,15:00,Humanities,,,
CAL000186,2025-01-17,2025,Term 1,Grade 5,Friday,1,08:45,09:45,Health and Physical Education,,,
CAL000187,2025-01-17,2025,Term 1,Grade 5,Friday,2,09:45,10:45,Mathematics,,,
CAL000188,2025-01-17,2025,Term 1,Grade 5,Friday,3,11:15,12:15,English,,,
CAL000189,2025-01-17,2025,Term 1,Grade 5,Friday,4,13:00,14:00,Science,,,
CAL000190,2025-01-17,2025,Term 1,Grade 5,Friday,5,14:00,15:00,Humanities,,,
CAL000191,2025-01-17,2025,Term 1,Grade 6,Friday,1,08:45,09:45,Design and Technology,,,
CAL000192,2025-01-17,2025,Term 1,Grade 6,Friday,2,09:45,10:45,Mathematics,,,
CAL000193,2025-01-17,2025,Term 1,Grade 6,Friday,3,11:15,12:15,English,,,
CAL000194,2025-01-17,2025,Term 1,Grade 6,Friday,4,13:00,14:00,Science,,,
CAL000195,2025-01-17,2025,Term 1,Grade 6,Friday,5,14:00,15:00,Humanities,,,
CAL000196,2025-01-20,2025,Term 1,Grade 4,Monday,1,08:45,09:45,Mathematics,,,
CAL000197,2025-01-20,2025,Term 1,Grade 4,Monday,2,09:45,10:45,English,,,
CAL000198,2025-01-20,2025,Term 1,Grade 4,Monday,3,11:15,12:15,Science,,,
CAL000199,2025-01-20,2025,Term 1,Grade 4,Monday,4,13:00,14:00,Humanities,,,
CAL000200,2025-01-20,2025,Term 1,Grade 4,Monday,5,14:00,15:00,Arts,,,
CAL000201,2025-01-20,2025,Term 1,Grade 5,Monday,1,08:45,09:45,Mathematics,,,
CAL000202,2025-01-20,2025,Term 1,Grade 5,Monday,2,09:45,10:45,English,,,
CAL000203,2025-01-20,2025,Term 1,Grade 5,Monday,3,11:15,12:15,Science,,,
CAL000204,2025-01-20,2025,Term 1,Grade 5,Monday,4,13:00,14:00,Humanities,,,
CAL000205,2025-01-20,2025,Term 1,Grade 5,Monday,5,14:00,15:00,Health and Physical Education,,,
CAL000206,2025-01-20,2025,Term 1,Grade 6,Monday,1,08:45,09:45,Mathematics,,,
CAL000207,2025-01-20,2025,Term 1,Grade 6,Monday,2,09:45,10:45,English,,,
CAL000208,2025-01-20,2025,Term 1,Grade 6,Monday,3,11:15,12:15,Science,,,
CAL000209,2025-01-20,2025,Term 1,Grade 6,Monday,4,13:00,14:00,Humanities,,,
CAL000210,2025-01-20,2025,Term 1,Grade 6,Monday,5,14:00,15:00,Design and Technology,,,
CAL000211,2025-01-21,2025,Term 1,Grade 4,Tuesday,1,08:45,09:45,English,,,
CAL000212,2025-01-21,2025,Term 1,Grade 4,Tuesday,2,09:45,10:45,Science,,,
CAL000213,2025-01-21,2025,Term 1,Grade 4,Tuesday,3,11:15,12:15,Humanities,,,
CAL000214,2025-01-21,2025,Term 1,Grade 4,Tuesday,4,13:00,14:00,Arts,,,
CAL000215,2025-01-21,2025,Term 1,Grade 4,Tuesday,5,14:00,15:00,Mathematics,,,
CAL000216,2025-01-21,2025,Term 1,Grade 5,Tuesday,1,08:45,09:45,English,,,
CAL000217,2025-01-21,2025,Term 1,Grade 5,Tuesday,2,09:45,10:45,Science,,,
CAL000218,2025-01-21,2025,Term 1,Grade 5,Tuesday,3,11:15,12:15,Humanities,,,
CAL000219,2025-01-21,2025,Term 1,Grade 5,Tuesday,4,13:00,14:00,Health and Physical Education,,,
CAL000220,2025-01-21,2025,Term 1,Grade 5,Tuesday,5,14:00,15:00,Mathematics,,,
CAL000221,2025-01-21,2025,Term 1,Grade 6,Tuesday,1,08:45,09:45,English,,,
CAL000222,2025-01-21,2025,Term 1,Grade 6,Tuesday,2,09:45,10:45,Science,,,
CAL000223,2025-01-21,2025,Term 1,Grade 6,Tuesday,3,11:15,12:15,Humanities,,,
CAL000224,2025-01-21,2025,Term 1,Grade 6,Tuesday,4,13:00,14:00,Design and Technology,,,
CAL000225,2025-01-21,2025,Term 1,Grade 6,Tuesday,5,14:00,15:00,Mathematics,,,
CAL000226,2025-01-22,2025,Term 1,Grade 4,Wednesday,1,08:45,09:45,Science,,,
CAL000227,2025-01-22,2025,Term 1,Grade 4,Wednesday,2,09:45,10:45,Humanities,,,
CAL000228,2025-01-22,2025,Term 1,Grade 4,Wednesday,3,11:15,12:15,Arts,,,
CAL000229,2025-01-22,2025,Term 1,Grade 4,Wednesday,4,13:00,14:00,Mathematics,,,
CAL000230,2025-01-22,2025,Term 1,Grade 4,Wednesday,5,14:00,15:00,English,,,
CAL000231,2025-01-22,2025,Term 1,Grade 5,Wednesday,1,08:45,09:45,Science,,,
CAL000232,2025-01-22,2025,Term 1,Grade 5,Wednesday,2,09:45,10:45,Humanities,,,
CAL000233,2025-01-22,2025,Term 1,Grade 5,Wednesday,3,11:15,12:15,Health and Physical Education,,,
CAL000234,2025-01-22,2025,Term 1,Grade 5,Wednesday,4,13:00,14:00,Mathematics,,,
CAL000235,2025-01-22,2025,Term 1,Grade 5,Wednesday,5,14:00,15:00,English,,,
CAL000236,2025-01-22,2025,Term 1,Grade 6,Wednesday,1,08:45,09:45,Science,,,
CAL000237,2025-01-22,2025,Term 1,Grade 6,Wednesday,2,09:45,10:45,Humanities,,,
CAL000238,2025-01-22,2025,Term 1,Grade 6,Wednesday,3,11:15,12:15,Design and Technology,,,
CAL000239,2025-01-22,2025,Term 1,Grade 6,Wednesday,4,13:00,14:00,Mathematics,,,
CAL000240,2025-01-22,2025,Term 1,Grade 6,Wednesday,5,14:00,15:00,English,,,
CAL000241,2025-01-23,2025,Term 1,Grade 4,Thursday,1,08:45,09:45,Humanities,,,
CAL000242,2025-01-23,2025,Term 1,Grade 4,Thursday,2,09:45,10:45,Arts,,,
CAL000243,2025-01-23,2025,Term 1,Grade 4,Thursday,3,11:15,12:15,Mathematics,,,
CAL000244,2025-01-23,2025,Term 1,Grade 4,Thursday,4,13:00,14:00,English,,,
CAL000245,2025-01-23,2025,Term 1,Grade 4,Thursday,5,14:00,15:00,Science,,,
CAL000246,2025-01-23,2025,Term 1,Grade 5,Thursday,1,08:45,09:45,Humanities,,,
CAL000247,2025-01-23,2025,Term 1,Grade 5,Thursday,2,09:45,10:45,Health and Physical Education,,,
CAL000248,2025-01-23,2025,Term 1,Grade 5,Thursday,3,11:15,12:15,Mathematics,,,
CAL000249,2025-01-23,2025,Term 1,Grade 5,Thursday,4,13:00,14:00,English,,,
CAL000250,2025-01-23,2025,Term 1,Grade 5,Thursday,5,14:00,15:00,Science,,,
CAL000251,2025-01-23,2025,Term 1,Grade 6,Thursday,1,08:45,09:45,Humanities,,,
CAL000252,2025-01-23,2025,Term 1,Grade 6,Thursday,2,09:45,10:45,Design and Technology,,,
CAL000253,2025-01-23,2025,Term 1,Grade 6,Thursday,3,11:15,12:15,Mathematics,,,
CAL000254,2025-01-23,2025,Term 1,Grade 6,Thursday,4,13:00,14:00,English,,,
CAL000255,2025-01-23,2025,Term 1,Grade 6,Thursday,5,14:00,15:00,Science,,,
CAL000256,2025-01-24,2025,Term 1,Grade 4,Friday,1,08:45,09:45,Arts,,,
CAL000257,2025-01-24,2025,Term 1,Grade 4,Friday,2,09:45,10:45,Mathematics,,,
CAL000258,2025-01-24,2025,Term 1,Grade 4,Friday,3,11:15,12:15,English,,,
CAL000259,2025-01-24,2025,Term 1,Grade 4,Friday,4,13:00,14:00,Science,,,
CAL000260,2025-01-24,2025,Term 1,Grade 4,Friday,5,14:00,15:00,Humanities,,,
CAL000261,2025-01-24,2025,Term 1,Grade 5,Friday,1,08:45,09:45,Health and Physical Education,,,
CAL000262,2025-01-24,2025,Term 1,Grade 5,Friday,2,09:45,10:45,Mathematics,,,
CAL000263,2025-01-24,2025,Term 1,Grade 5,Friday,3,11:15,12:15,English,,,
CAL000264,2025-01-24,2025,Term 1,Grade 5,Friday,4,13:00,14:00,Science,,,
CAL000265,2025-01-24,2025,Term 1,Grade 5,Friday,5,14:00,15:00,Humanities,,,
CAL000266,2025-01-24,2025,Term 1,Grade 6,Friday,1,08:45,09:45,Design and Technology,,,
CAL000267,2025-01-24,2025,Term 1,Grade 6,Friday,2,09:45,10:45,Mathematics,,,
CAL000268,2025-01-24,2025,Term 1,Grade 6,Friday,3,11:15,12:15,English,,,
CAL000269,2025-01-24,2025,Term 1,Grade 6,Friday,4,13:00,14:00,Science,,,
CAL000270,2025-01-24,2025,Term 1,Grade 6,Friday,5,14:00,15:00,Humanities,,,
CAL000271,2025-01-27,2025,Term 1,Grade 4,Monday,1,08:45,09:45,Mathematics,,,
CAL000272,2025-01-27,2025,Term 1,Grade 4,Monday,2,09:45,10:45,English,,,
CAL000273,2025-01-27,2025,Term 1,Grade 4,Monday,3,11:15,12:15,Science,,,
CAL000274,2025-01-27,2025,Term 1,Grade 4,Monday,4,13:00,14:00,Humanities,,,
CAL000275,2025-01-27,2025,Term 1,Grade 4,Monday,5,14:00,15:00,Arts,,,
CAL000276,2025-01-27,2025,Term 1,Grade 5,Monday,1,08:45,09:45,Mathematics,,,
CAL000277,2025-01-27,2025,Term 1,Grade 5,Monday,2,09:45,10:45,English,,,
CAL000278,2025-01-27,2025,Term 1,Grade 5,Monday,3,11:15,12:15,Science,,,
CAL000279,2025-01-27,2025,Term 1,Grade 5,Monday,4,13:00,14:00,Humanities,,,
CAL000280,2025-01-27,2025,Term 1,Grade 5,Monday,5,14:00,15:00,Health and Physical Education,,,
CAL000281,2025-01-27,2025,Term 1,Grade 6,Monday,1,08:45,09:45,Mathematics,,,
CAL000282,2025-01-27,2025,Term 1,Grade 6,Monday,2,09:45,10:45,English,,,
CAL000283,2025-01-27,2025,Term 1,Grade 6,Monday,3,11:15,12:15,Science,,,
CAL000284,2025-01-27,2025,Term 1,Grade 6,Monday,4,13:00,14:00,Humanities,,,
CAL000285,2025-01-27,2025,Term 1,Grade 6,Monday,5,14:00,15:00,Design and Technology,,,
CAL000286,2025-01-28,2025,Term 1,Grade 4,Tuesday,1,08:45,09:45,English,,,
CAL000287,2025-01-28,2025,Term 1,Grade 4,Tuesday,2,09:45,10:45,Science,,,
CAL000288,2025-01-28,2025,Term 1,Grade 4,Tuesday,3,11:15,12:15,Humanities,,,
CAL000289,2025-01-28,2025,Term 1,Grade 4,Tuesday,4,13:00,14:00,Arts,,,
CAL000290,2025-01-28,2025,Term 1,Grade 4,Tuesday,5,14:00,15:00,Mathematics,,,
CAL000291,2025-01-28,2025,Term 1,Grade 5,Tuesday,1,08:45,09:45,English,,,
CAL000292,2025-01-28,2025,Term 1,Grade 5,Tuesday,2,09:45,10:45,Science,,,
CAL000293,2025-01-28,2025,Term 1,Grade 5,Tuesday,3,11:15,12:15,Humanities,,,
CAL000294,2025-01-28,2025,Term 1,Grade 5,Tuesday,4,13:00,14:00,Health and Physical Education,,,
CAL000295,2025-01-28,2025,Term 1,Grade 5,Tuesday,5,14:00,15:00,Mathematics,,,
CAL000296,2025-01-28,2025,Term 1,Grade 6,Tuesday,1,08:45,09:45,English,,,
CAL000297,2025-01-28,2025,Term 1,Grade 6,Tuesday,2,09:45,10:45,Science,,,
CAL000298,2025-01-28,2025,Term 1,Grade 6,Tuesday,3,11:15,12:15,Humanities,,,
CAL000299,2025-01-28,2025,Term 1,Grade 6,Tuesday,4,13:00,14:00,Design and Technology,,,
CAL000300,2025-01-28,2025,Term 1,Grade 6,Tuesday,5,14:00,15:00,Mathematics,,,
CAL000301,2025-01-29,2025,Term 1,Grade 4,Wednesday,1,08:45,09:45,Science,,,
CAL000302,2025-01-29,2025,Term 1,Grade 4,Wednesday,2,09:45,10:45,Humanities,,,
CAL000303,2025-01-29,2025,Term 1,Grade 4,Wednesday,3,11:15,12:15,Arts,,,
CAL000304,2025-01-29,2025,Term 1,Grade 4,Wednesday,4,13:00,14:00,Mathematics,,,
CAL000305,2025-01-29,2025,Term 1,Grade 4,Wednesday,5,14:00,15:00,English,,,
CAL000306,2025-01-29,2025,Term 1,Grade 5,Wednesday,1,08:45,09:45,Science,,,
CAL000307,2025-01-29,2025,Term 1,Grade 5,Wednesday,2,09:45,10:45,Humanities,,,
CAL000308,2025-01-29,2025,Term 1,Grade 5,Wednesday,3,11:15,12:15,Health and Physical Education,,,
CAL000309,2025-01-29,2025,Term 1,Grade 5,Wednesday,4,13:00,14:00,Mathematics,,,
CAL000310,2025-01-29,2025,Term 1,Grade 5,Wednesday,5,14:00,15:00,English,,,
CAL000311,2025-01-29,2025,Term 1,Grade 6,Wednesday,1,08:45,09:45,Science,,,
CAL000312,2025-01-29,2025,Term 1,Grade 6,Wednesday,2,09:45,10:45,Humanities,,,
CAL000313,2025-01-29,2025,Term 1,Grade 6,Wednesday,3,11:15,12:15,Design and Technology,,,
CAL000314,2025-01-29,2025,Term 1,Grade 6,Wednesday,4,13:00,14:00,Mathematics,,,
CAL000315,2025-01-29,2025,Term 1,Grade 6,Wednesday,5,14:00,15:00,English,,,
CAL000316,2025-01-30,2025,Term 1,Grade 4,Thursday,1,08:45,09:45,Humanities,,,
CAL000317,2025-01-30,2025,Term 1,Grade 4,Thursday,2,09:45,10:45,Arts,,,
CAL000318,2025-01-30,2025,Term 1,Grade 4,Thursday,3,11:15,12:15,Mathematics,,,
CAL000319,2025-01-30,2025,Term 1,Grade 4,Thursday,4,13:00,14:00,English,,,
CAL000320,2025-01-30,2025,Term 1,Grade 4,Thursday,5,14:00,15:00,Science,,,
CAL000321,2025-01-30,2025,Term 1,Grade 5,Thursday,1,08:45,09:45,Humanities,,,
CAL000322,2025-01-30,2025,Term 1,Grade 5,Thursday,2,09:45,10:45,Health and Physical Education,,,
CAL000323,2025-01-30,2025,Term 1,Grade 5,Thursday,3,11:15,12:15,Mathematics,,,
CAL000324,2025-01-30,2025,Term 1,Grade 5,Thursday,4,13:00,14:00,English,,,
CAL000325,2025-01-30,2025,Term 1,Grade 5,Thursday,5,14:00,15:00,Science,,,
CAL000326,2025-01-30,2025,Term 1,Grade 6,Thursday,1,08:45,09:45,Humanities,,,
CAL000327,2025-01-30,2025,Term 1,Grade 6,Thursday,2,09:45,10:45,Design and Technology,,,
CAL000328,2025-01-30,2025,Term 1,Grade 6,Thursday,3,11:15,12:15,Mathematics,,,
CAL000329,2025-01-30,2025,Term 1,Grade 6,Thursday,4,13:00,14:00,English,,,
CAL000330,2025-01-30,2025,Term 1,Grade 6,Thursday,5,14:00,15:00,Science,,,
CAL000331,2025-01-31,2025,Term 1,Grade 4,Friday,1,08:45,09:45,Arts,,,
CAL000332,2025-01-31,2025,Term 1,Grade 4,Friday,2,09:45,10:45,Mathematics,,,
CAL000333,2025-01-31,2025,Term 1,Grade 4,Friday,3,11:15,12:15,English,,,
CAL000334,2025-01-31,2025,Term 1,Grade 4,Friday,4,13:00,14:00,Science,,,
CAL000335,2025-01-31,2025,Term 1,Grade 4,Friday,5,14:00,15:00,Humanities,,,
CAL000336,2025-01-31,2025,Term 1,Grade 5,Friday,1,08:45,09:45,Health and Physical Education,,,
CAL000337,2025-01-31,2025,Term 1,Grade 5,Friday,2,09:45,10:45,Mathematics,,,
CAL000338,2025-01-31,2025,Term 1,Grade 5,Friday,3,11:15,12:15,English,,,
CAL000339,2025-01-31,2025,Term 1,Grade 5,Friday,4,13:00,14:00,Science,,,
CAL000340,2025-01-31,2025,Term 1,Grade 5,Friday,5,14:00,15:00,Humanities,,,
CAL000341,2025-01-31,2025,Term 1,Grade 6,Friday,1,08:45,09:45,Design and Technology,,,
CAL000342,2025-01-31,2025,Term 1,Grade 6,Friday,2,09:45,10:45,Mathematics,,,
CAL000343,2025-01-31,2025,Term 1,Grade 6,Friday,3,11:15,12:15,English,,,
CAL000344,2025-01-31,2025,Term 1,Grade 6,Friday,4,13:00,14:00,Science,,,
CAL000345,2025-01-31,2025,Term 1,Grade 6,Friday,5,14:00,15:00,Humanities,,,
CAL000346,2025-02-03,2025,Term 1,Grade 4,Monday,1,08:45,09:45,Mathematics,,Reading Week,Curriculum week
CAL000347,2025-02-03,2025,Term 1,Grade 4,Monday,2,09:45,10:45,English,Collaborative reading activity,Reading Week,Curriculum week
CAL000348,2025-02-03,2025,Term 1,Grade 4,Monday,3,11:15,12:15,Science,,Reading Week,Curriculum week
CAL000349,2025-02-03,2025,Term 1,Grade 4,Monday,4,13:00,14:00,Humanities,,Reading Week,Curriculum week
CAL000350,2025-02-03,2025,Term 1,Grade 4,Monday,5,14:00,15:00,Arts,,Reading Week,Curriculum week
CAL000351,2025-02-03,2025,Term 1,Grade 5,Monday,1,08:45,09:45,Mathematics,,Reading Week,Curriculum week
CAL000352,2025-02-03,2025,Term 1,Grade 5,Monday,2,09:45,10:45,English,Collaborative reading activity,Reading Week,Curriculum week
CAL000353,2025-02-03,2025,Term 1,Grade 5,Monday,3,11:15,12:15,Science,,Reading Week,Curriculum week
CAL000354,2025-02-03,2025,Term 1,Grade 5,Monday,4,13:00,14:00,Humanities,,Reading Week,Curriculum week
CAL000355,2025-02-03,2025,Term 1,Grade 5,Monday,5,14:00,15:00,Health and Physical Education,,Reading Week,Curriculum week
CAL000356,2025-02-03,2025,Term 1,Grade 6,Monday,1,08:45,09:45,Mathematics,,Reading Week,Curriculum week
CAL000357,2025-02-03,2025,Term 1,Grade 6,Monday,2,09:45,10:45,English,Collaborative reading activity,Reading Week,Curriculum week
CAL000358,2025-02-03,2025,Term 1,Grade 6,Monday,3,11:15,12:15,Science,,Reading Week,Curriculum week
CAL000359,2025-02-03,2025,Term 1,Grade 6,Monday,4,13:00,14:00,Humanities,,Reading Week,Curriculum week
CAL000360,2025-02-03,2025,Term 1,Grade 6,Monday,5,14:00,15:00,Design and Technology,,Reading Week,Curriculum week
CAL000361,2025-02-04,2025,Term 1,Grade 4,Tuesday,1,08:45,09:45,English,Collaborative reading activity,Reading Week,Curriculum week
CAL000362,2025-02-04,2025,Term 1,Grade 4,Tuesday,2,09:45,10:45,Science,,Reading Week,Curriculum week
CAL000363,2025-02-04,2025,Term 1,Grade 4,Tuesday,3,11:15,12:15,Humanities,,Reading Week,Curriculum week
CAL000364,2025-02-04,2025,Term 1,Grade 4,Tuesday,4,13:00,14:00,Arts,,Reading Week,Curriculum week
CAL000365,2025-02-04,2025,Term 1,Grade 4,Tuesday,5,14:00,15:00,Mathematics,,Reading Week,Curriculum week
CAL000366,2025-02-04,2025,Term 1,Grade 5,Tuesday,1,08:45,09:45,English,Collaborative reading activity,Reading Week,Curriculum week
CAL000367,2025-02-04,2025,Term 1,Grade 5,Tuesday,2,09:45,10:45,Science,,Reading Week,Curriculum week
CAL000368,2025-02-04,2025,Term 1,Grade 5,Tuesday,3,11:15,12:15,Humanities,,Reading Week,Curriculum week
CAL000369,2025-02-04,2025,Term 1,Grade 5,Tuesday,4,13:00,14:00,Health and Physical Education,,Reading Week,Curriculum week
CAL000370,2025-02-04,2025,Term 1,Grade 5,Tuesday,5,14:00,15:00,Mathematics,,Reading Week,Curriculum week
CAL000371,2025-02-04,2025,Term 1,Grade 6,Tuesday,1,08:45,09:45,English,Collaborative reading activity,Reading Week,Curriculum week
CAL000372,2025-02-04,2025,Term 1,Grade 6,Tuesday,2,09:45,10:45,Science,,Reading Week,Curriculum week
CAL000373,2025-02-04,2025,Term 1,Grade 6,Tuesday,3,11:15,12:15,Humanities,,Reading Week,Curriculum week
CAL000374,2025-02-04,2025,Term 1,Grade 6,Tuesday,4,13:00,14:00,Design and Technology,,Reading Week,Curriculum week
CAL000375,2025-02-04,2025,Term 1,Grade 6,Tuesday,5,14:00,15:00,Mathematics,,Reading Week,Curriculum week
CAL000376,2025-02-05,2025,Term 1,Grade 4,Wednesday,1,08:45,09:45,Science,,Reading Week,Curriculum week
CAL000377,2025-02-05,2025,Term 1,Grade 4,Wednesday,2,09:45,10:45,Humanities,,Reading Week,Curriculum week
CAL000378,2025-02-05,2025,Term 1,Grade 4,Wednesday,3,11:15,12:15,Arts,,Reading Week,Curriculum week
CAL000379,2025-02-05,2025,Term 1,Grade 4,Wednesday,4,13:00,14:00,Mathematics,,Reading Week,Curriculum week
CAL000380,2025-02-05,2025,Term 1,Grade 4,Wednesday,5,14:00,15:00,English,Collaborative reading activity,Reading Week,Curriculum week
CAL000381,2025-02-05,2025,Term 1,Grade 5,Wednesday,1,08:45,09:45,Science,,Reading Week,Curriculum week
CAL000382,2025-02-05,2025,Term 1,Grade 5,Wednesday,2,09:45,10:45,Humanities,,Reading Week,Curriculum week
CAL000383,2025-02-05,2025,Term 1,Grade 5,Wednesday,3,11:15,12:15,Health and Physical Education,,Reading Week,Curriculum week
CAL000384,2025-02-05,2025,Term 1,Grade 5,Wednesday,4,13:00,14:00,Mathematics,,Reading Week,Curriculum week
CAL000385,2025-02-05,2025,Term 1,Grade 5,Wednesday,5,14:00,15:00,English,Collaborative reading activity,Reading Week,Curriculum week
CAL000386,2025-02-05,2025,Term 1,Grade 6,Wednesday,1,08:45,09:45,Science,,Reading Week,Curriculum week
CAL000387,2025-02-05,2025,Term 1,Grade 6,Wednesday,2,09:45,10:45,Humanities,,Reading Week,Curriculum week
CAL000388,2025-02-05,2025,Term 1,Grade 6,Wednesday,3,11:15,12:15,Design and Technology,,Reading Week,Curriculum week
CAL000389,2025-02-05,2025,Term 1,Grade 6,Wednesday,4,13:00,14:00,Mathematics,,Reading Week,Curriculum week
CAL000390,2025-02-05,2025,Term 1,Grade 6,Wednesday,5,14:00,15:00,English,Collaborative reading activity,Reading Week,Curriculum week
CAL000391,2025-02-06,2025,Term 1,Grade 4,Thursday,1,08:45,09:45,Humanities,,Reading Week,Curriculum week
CAL000392,2025-02-06,2025,Term 1,Grade 4,Thursday,2,09:45,10:45,Arts,,Reading Week,Curriculum week
CAL000393,2025-02-06,2025,Term 1,Grade 4,Thursday,3,11:15,12:15,Mathematics,,Reading Week,Curriculum week
CAL000394,2025-02-06,2025,Term 1,Grade 4,Thursday,4,13:00,14:00,English,Collaborative reading activity,Reading Week,Curriculum week
CAL000395,2025-02-06,2025,Term 1,Grade 4,Thursday,5,14:00,15:00,Science,,Reading Week,Curriculum week
CAL000396,2025-02-06,2025,Term 1,Grade 5,Thursday,1,08:45,09:45,Humanities,,Reading Week,Curriculum week
CAL000397,2025-02-06,2025,Term 1,Grade 5,Thursday,2,09:45,10:45,Health and Physical Education,,Reading Week,Curriculum week
CAL000398,2025-02-06,2025,Term 1,Grade 5,Thursday,3,11:15,12:15,Mathematics,,Reading Week,Curriculum week
CAL000399,2025-02-06,2025,Term 1,Grade 5,Thursday,4,13:00,14:00,English,Collaborative reading activity,Reading Week,Curriculum week
CAL000400,2025-02-06,2025,Term 1,Grade 5,Thursday,5,14:00,15:00,Science,,Reading Week,Curriculum week
CAL000401,2025-02-06,2025,Term 1,Grade 6,Thursday,1,08:45,09:45,Humanities,,Reading Week,Curriculum week
CAL000402,2025-02-06,2025,Term 1,Grade 6,Thursday,2,09:45,10:45,Design and Technology,,Reading Week,Curriculum week
CAL000403,2025-02-06,2025,Term 1,Grade 6,Thursday,3,11:15,12:15,Mathematics,,Reading Week,Curriculum week
CAL000404,2025-02-06,2025,Term 1,Grade 6,Thursday,4,13:00,14:00,English,Collaborative reading activity,Reading Week,Curriculum week
CAL000405,2025-02-06,2025,Term 1,Grade 6,Thursday,5,14:00,15:00,Science,,Reading Week,Curriculum week
CAL000406,2025-02-07,2025,Term 1,Grade 4,Friday,1,08:45,09:45,Arts,,Reading Week,Curriculum week
CAL000407,2025-02-07,2025,Term 1,Grade 4,Friday,2,09:45,10:45,Mathematics,,Reading Week,Curriculum week
CAL000408,2025-02-07,2025,Term 1,Grade 4,Friday,3,11:15,12:15,English,Collaborative reading activity,Reading Week,Curriculum week
CAL000409,2025-02-07,2025,Term 1,Grade 4,Friday,4,13:00,14:00,Science,,Reading Week,Curriculum week
CAL000410,2025-02-07,2025,Term 1,Grade 4,Friday,5,14:00,15:00,Humanities,,Reading Week,Curriculum week
CAL000411,2025-02-07,2025,Term 1,Grade 5,Friday,1,08:45,09:45,Health and Physical Education,,Reading Week,Curriculum week
CAL000412,2025-02-07,2025,Term 1,Grade 5,Friday,2,09:45,10:45,Mathematics,,Reading Week,Curriculum week
CAL000413,2025-02-07,2025,Term 1,Grade 5,Friday,3,11:15,12:15,English,Collaborative reading activity,Reading Week,Curriculum week
CAL000414,2025-02-07,2025,Term 1,Grade 5,Friday,4,13:00,14:00,Science,,Reading Week,Curriculum week
CAL000415,2025-02-07,2025,Term 1,Grade 5,Friday,5,14:00,15:00,Humanities,,Reading Week,Curriculum week
CAL000416,2025-02-07,2025,Term 1,Grade 6,Friday,1,08:45,09:45,Design and Technology,,Reading Week,Curriculum week
CAL000417,2025-02-07,2025,Term 1,Grade 6,Friday,2,09:45,10:45,Mathematics,,Reading Week,Curriculum week
CAL000418,2025-02-07,2025,Term 1,Grade 6,Friday,3,11:15,12:15,English,Collaborative reading activity,Reading Week,Curriculum week
CAL000419,2025-02-07,2025,Term 1,Grade 6,Friday,4,13:00,14:00,Science,,Reading Week,Curriculum week
CAL000420,2025-02-07,2025,Term 1,Grade 6,Friday,5,14:00,15:00,Humanities,,Reading Week,Curriculum week
CAL000421,2025-02-10,2025,Term 1,Grade 4,Monday,1,08:45,09:45,Mathematics,,,
CAL000422,2025-02-10,2025,Term 1,Grade 4,Monday,2,09:45,10:45,English,,,
CAL000423,2025-02-10,2025,Term 1,Grade 4,Monday,3,11:15,12:15,Science,,,
CAL000424,2025-02-10,2025,Term 1,Grade 4,Monday,4,13:00,14:00,Humanities,,,
CAL000425,2025-02-10,2025,Term 1,Grade 4,Monday,5,14:00,15:00,Arts,,,
CAL000426,2025-02-10,2025,Term 1,Grade 5,Monday,1,08:45,09:45,Mathematics,,,
CAL000427,2025-02-10,2025,Term 1,Grade 5,Monday,2,09:45,10:45,English,,,
CAL000428,2025-02-10,2025,Term 1,Grade 5,Monday,3,11:15,12:15,Science,,,
CAL000429,2025-02-10,2025,Term 1,Grade 5,Monday,4,13:00,14:00,Humanities,,,
CAL000430,2025-02-10,2025,Term 1,Grade 5,Monday,5,14:00,15:00,Health and Physical Education,,,
CAL000431,2025-02-10,2025,Term 1,Grade 6,Monday,1,08:45,09:45,Mathematics,,,
CAL000432,2025-02-10,2025,Term 1,Grade 6,Monday,2,09:45,10:45,English,,,
CAL000433,2025-02-10,2025,Term 1,Grade 6,Monday,3,11:15,12:15,Science,,,
CAL000434,2025-02-10,2025,Term 1,Grade 6,Monday,4,13:00,14:00,Humanities,,,
CAL000435,2025-02-10,2025,Term 1,Grade 6,Monday,5,14:00,15:00,Design and Technology,,,
CAL000436,2025-02-11,2025,Term 1,Grade 4,Tuesday,1,08:45,09:45,English,,,
CAL000437,2025-02-11,2025,Term 1,Grade 4,Tuesday,2,09:45,10:45,Science,,,
CAL000438,2025-02-11,2025,Term 1,Grade 4,Tuesday,3,11:15,12:15,Humanities,,,
CAL000439,2025-02-11,2025,Term 1,Grade 4,Tuesday,4,13:00,14:00,Arts,,,
CAL000440,2025-02-11,2025,Term 1,Grade 4,Tuesday,5,14:00,15:00,Mathematics,,,
CAL000441,2025-02-11,2025,Term 1,Grade 5,Tuesday,1,08:45,09:45,English,,,
CAL000442,2025-02-11,2025,Term 1,Grade 5,Tuesday,2,09:45,10:45,Science,,,
CAL000443,2025-02-11,2025,Term 1,Grade 5,Tuesday,3,11:15,12:15,Humanities,,,
CAL000444,2025-02-11,2025,Term 1,Grade 5,Tuesday,4,13:00,14:00,Health and Physical Education,,,
CAL000445,2025-02-11,2025,Term 1,Grade 5,Tuesday,5,14:00,15:00,Mathematics,,,
CAL000446,2025-02-11,2025,Term 1,Grade 6,Tuesday,1,08:45,09:45,English,,,
CAL000447,2025-02-11,2025,Term 1,Grade 6,Tuesday,2,09:45,10:45,Science,,,
CAL000448,2025-02-11,2025,Term 1,Grade 6,Tuesday,3,11:15,12:15,Humanities,,,
CAL000449,2025-02-11,2025,Term 1,Grade 6,Tuesday,4,13:00,14:00,Design and Technology,,,
CAL000450,2025-02-11,2025,Term 1,Grade 6,Tuesday,5,14:00,15:00,Mathematics,,,
CAL000451,2025-02-12,2025,Term 1,Grade 4,Wednesday,1,08:45,09:45,Science,,,
CAL000452,2025-02-12,2025,Term 1,Grade 4,Wednesday,2,09:45,10:45,Humanities,,,
CAL000453,2025-02-12,2025,Term 1,Grade 4,Wednesday,3,11:15,12:15,Arts,,,
CAL000454,2025-02-12,2025,Term 1,Grade 4,Wednesday,4,13:00,14:00,Mathematics,,,
CAL000455,2025-02-12,2025,Term 1,Grade 4,Wednesday,5,14:00,15:00,English,,,
CAL000456,2025-02-12,2025,Term 1,Grade 5,Wednesday,1,08:45,09:45,Science,,,
CAL000457,2025-02-12,2025,Term 1,Grade 5,Wednesday,2,09:45,10:45,Humanities,,,
CAL000458,2025-02-12,2025,Term 1,Grade 5,Wednesday,3,11:15,12:15,Health and Physical Education,,,
CAL000459,2025-02-12,2025,Term 1,Grade 5,Wednesday,4,13:00,14:00,Mathematics,,,
CAL000460,2025-02-12,2025,Term 1,Grade 5,Wednesday,5,14:00,15:00,English,,,
CAL000461,2025-02-12,2025,Term 1,Grade 6,Wednesday,1,08:45,09:45,Science,,,
CAL000462,2025-02-12,2025,Term 1,Grade 6,Wednesday,2,09:45,10:45,Humanities,,,
CAL000463,2025-02-12,2025,Term 1,Grade 6,Wednesday,3,11:15,12:15,Design and Technology,,,
CAL000464,2025-02-12,2025,Term 1,Grade 6,Wednesday,4,13:00,14:00,Mathematics,,,
CAL000465,2025-02-12,2025,Term 1,Grade 6,Wednesday,5,14:00,15:00,English,,,
CAL000466,2025-02-13,2025,Term 1,Grade 4,Thursday,1,08:45,09:45,Humanities,,,
CAL000467,2025-02-13,2025,Term 1,Grade 4,Thursday,2,09:45,10:45,Arts,,,
CAL000468,2025-02-13,2025,Term 1,Grade 4,Thursday,3,11:15,12:15,Mathematics,,,
CAL000469,2025-02-13,2025,Term 1,Grade 4,Thursday,4,13:00,14:00,English,,,
CAL000470,2025-02-13,2025,Term 1,Grade 4,Thursday,5,14:00,15:00,Science,,,
CAL000471,2025-02-13,2025,Term 1,Grade 5,Thursday,1,08:45,09:45,Humanities,,,
CAL000472,2025-02-13,2025,Term 1,Grade 5,Thursday,2,09:45,10:45,Health and Physical Education,,,
CAL000473,2025-02-13,2025,Term 1,Grade 5,Thursday,3,11:15,12:15,Mathematics,,,
CAL000474,2025-02-13,2025,Term 1,Grade 5,Thursday,4,13:00,14:00,English,,,
CAL000475,2025-02-13,2025,Term 1,Grade 5,Thursday,5,14:00,15:00,Science,,,
CAL000476,2025-02-13,2025,Term 1,Grade 6,Thursday,1,08:45,09:45,Humanities,,,
CAL000477,2025-02-13,2025,Term 1,Grade 6,Thursday,2,09:45,10:45,Design and Technology,,,
CAL000478,2025-02-13,2025,Term 1,Grade 6,Thursday,3,11:15,12:15,Mathematics,,,
CAL000479,2025-02-13,2025,Term 1,Grade 6,Thursday,4,13:00,14:00,English,,,
CAL000480,2025-02-13,2025,Term 1,Grade 6,Thursday,5,14:00,15:00,Science,,,
CAL000481,2025-02-14,2025,Term 1,Grade 4,Friday,1,08:45,09:45,Arts,,,
CAL000482,2025-02-14,2025,Term 1,Grade 4,Friday,2,09:45,10:45,Mathematics,,,
CAL000483,2025-02-14,2025,Term 1,Grade 4,Friday,3,11:15,12:15,English,,,
CAL000484,2025-02-14,2025,Term 1,Grade 4,Friday,4,13:00,14:00,Science,,,
CAL000485,2025-02-14,2025,Term 1,Grade 4,Friday,5,14:00,15:00,Humanities,,,
CAL000486,2025-02-14,2025,Term 1,Grade 5,Friday,1,08:45,09:45,Health and Physical Education,,,
CAL000487,2025-02-14,2025,Term 1,Grade 5,Friday,2,09:45,10:45,Mathematics,,,
CAL000488,2025-02-14,2025,Term 1,Grade 5,Friday,3,11:15,12:15,English,,,
CAL000489,2025-02-14,2025,Term 1,Grade 5,Friday,4,13:00,14:00,Science,,,
CAL000490,2025-02-14,2025,Term 1,Grade 5,Friday,5,14:00,15:00,Humanities,,,
CAL000491,2025-02-14,2025,Term 1,Grade 6,Friday,1,08:45,09:45,Design and Technology,,,
CAL000492,2025-02-14,2025,Term 1,Grade 6,Friday,2,09:45,10:45,Mathematics,,,
CAL000493,2025-02-14,2025,Term 1,Grade 6,Friday,3,11:15,12:15,English,,,
CAL000494,2025-02-14,2025,Term 1,Grade 6,Friday,4,13:00,14:00,Science,,,
CAL000495,2025-02-14,2025,Term 1,Grade 6,Friday,5,14:00,15:00,Humanities,,,
CAL000496,2025-02-17,2025,Term 1,Grade 4,Monday,1,08:45,09:45,Mathematics,,,
CAL000497,2025-02-17,2025,Term 1,Grade 4,Monday,2,09:45,10:45,English,,,
CAL000498,2025-02-17,2025,Term 1,Grade 4,Monday,3,11:15,12:15,Science,,,
CAL000499,2025-02-17,2025,Term 1,Grade 4,Monday,4,13:00,14:00,Humanities,,,
CAL000500,2025-02-17,2025,Term 1,Grade 4,Monday,5,14:00,15:00,Arts,,,
CAL000501,2025-02-17,2025,Term 1,Grade 5,Monday,1,08:45,09:45,Mathematics,,,
CAL000502,2025-02-17,2025,Term 1,Grade 5,Monday,2,09:45,10:45,English,,,
CAL000503,2025-02-17,2025,Term 1,Grade 5,Monday,3,11:15,12:15,Science,,,
CAL000504,2025-02-17,2025,Term 1,Grade 5,Monday,4,13:00,14:00,Humanities,,,
CAL000505,2025-02-17,2025,Term 1,Grade 5,Monday,5,14:00,15:00,Health and Physical Education,,,
CAL000506,2025-02-17,2025,Term 1,Grade 6,Monday,1,08:45,09:45,Mathematics,,,
CAL000507,2025-02-17,2025,Term 1,Grade 6,Monday,2,09:45,10:45,English,,,
CAL000508,2025-02-17,2025,Term 1,Grade 6,Monday,3,11:15,12:15,Science,,,
CAL000509,2025-02-17,2025,Term 1,Grade 6,Monday,4,13:00,14:00,Humanities,,,
CAL000510,2025-02-17,2025,Term 1,Grade 6,Monday,5,14:00,15:00,Design and Technology,,,
CAL000511,2025-02-18,2025,Term 1,Grade 4,Tuesday,1,08:45,09:45,English,,,
CAL000512,2025-02-18,2025,Term 1,Grade 4,Tuesday,2,09:45,10:45,Science,,,
CAL000513,2025-02-18,2025,Term 1,Grade 4,Tuesday,3,11:15,12:15,Humanities,,,
CAL000514,2025-02-18,2025,Term 1,Grade 4,Tuesday,4,13:00,14:00,Arts,,,
CAL000515,2025-02-18,2025,Term 1,Grade 4,Tuesday,5,14:00,15:00,Mathematics,,,
CAL000516,2025-02-18,2025,Term 1,Grade 5,Tuesday,1,08:45,09:45,English,,,
CAL000517,2025-02-18,2025,Term 1,Grade 5,Tuesday,2,09:45,10:45,Science,,,
CAL000518,2025-02-18,2025,Term 1,Grade 5,Tuesday,3,11:15,12:15,Humanities,,,
CAL000519,2025-02-18,2025,Term 1,Grade 5,Tuesday,4,13:00,14:00,Health and Physical Education,,,
CAL000520,2025-02-18,2025,Term 1,Grade 5,Tuesday,5,14:00,15:00,Mathematics,,,
CAL000521,2025-02-18,2025,Term 1,Grade 6,Tuesday,1,08:45,09:45,English,,,
CAL000522,2025-02-18,2025,Term 1,Grade 6,Tuesday,2,09:45,10:45,Science,,,
CAL000523,2025-02-18,2025,Term 1,Grade 6,Tuesday,3,11:15,12:15,Humanities,,,
CAL000524,2025-02-18,2025,Term 1,Grade 6,Tuesday,4,13:00,14:00,Design and Technology,,,
CAL000525,2025-02-18,2025,Term 1,Grade 6,Tuesday,5,14:00,15:00,Mathematics,,,
CAL000526,2025-02-19,2025,Term 1,Grade 4,Wednesday,1,08:45,09:45,Science,,,
CAL000527,2025-02-19,2025,Term 1,Grade 4,Wednesday,2,09:45,10:45,Humanities,,,
CAL000528,2025-02-19,2025,Term 1,Grade 4,Wednesday,3,11:15,12:15,Arts,,,
CAL000529,2025-02-19,2025,Term 1,Grade 4,Wednesday,4,13:00,14:00,Mathematics,,,
CAL000530,2025-02-19,2025,Term 1,Grade 4,Wednesday,5,14:00,15:00,English,,,
CAL000531,2025-02-19,2025,Term 1,Grade 5,Wednesday,1,08:45,09:45,Science,,,
CAL000532,2025-02-19,2025,Term 1,Grade 5,Wednesday,2,09:45,10:45,Humanities,,,
CAL000533,2025-02-19,2025,Term 1,Grade 5,Wednesday,3,11:15,12:15,Health and Physical Education,,,
CAL000534,2025-02-19,2025,Term 1,Grade 5,Wednesday,4,13:00,14:00,Mathematics,,,
CAL000535,2025-02-19,2025,Term 1,Grade 5,Wednesday,5,14:00,15:00,English,,,
CAL000536,2025-02-19,2025,Term 1,Grade 6,Wednesday,1,08:45,09:45,Science,,,
CAL000537,2025-02-19,2025,Term 1,Grade 6,Wednesday,2,09:45,10:45,Humanities,,,
CAL000538,2025-02-19,2025,Term 1,Grade 6,Wednesday,3,11:15,12:15,Design and Technology,,,
CAL000539,2025-02-19,2025,Term 1,Grade 6,Wednesday,4,13:00,14:00,Mathematics,,,
CAL000540,2025-02-19,2025,Term 1,Grade 6,Wednesday,5,14:00,15:00,English,,,
CAL000541,2025-02-20,2025,Term 1,Grade 4,Thursday,1,08:45,09:45,Humanities,,,
CAL000542,2025-02-20,2025,Term 1,Grade 4,Thursday,2,09:45,10:45,Arts,,,
CAL000543,2025-02-20,2025,Term 1,Grade 4,Thursday,3,11:15,12:15,Mathematics,,,
CAL000544,2025-02-20,2025,Term 1,Grade 4,Thursday,4,13:00,14:00,English,,,
CAL000545,2025-02-20,2025,Term 1,Grade 4,Thursday,5,14:00,15:00,Science,,,
CAL000546,2025-02-20,2025,Term 1,Grade 5,Thursday,1,08:45,09:45,Humanities,,,
CAL000547,2025-02-20,2025,Term 1,Grade 5,Thursday,2,09:45,10:45,Health and Physical Education,,,
CAL000548,2025-02-20,2025,Term 1,Grade 5,Thursday,3,11:15,12:15,Mathematics,,,
CAL000549,2025-02-20,2025,Term 1,Grade 5,Thursday,4,13:00,14:00,English,,,
CAL000550,2025-02-20,2025,Term 1,Grade 5,Thursday,5,14:00,15:00,Science,,,
CAL000551,2025-02-20,2025,Term 1,Grade 6,Thursday,1,08:45,09:45,Humanities,,,
CAL000552,2025-02-20,2025,Term 1,Grade 6,Thursday,2,09:45,10:45,Design and Technology,,,
CAL000553,2025-02-20,2025,Term 1,Grade 6,Thursday,3,11:15,12:15,Mathematics,,,
CAL000554,2025-02-20,2025,Term 1,Grade 6,Thursday,4,13:00,14:00,English,,,
CAL000555,2025-02-20,2025,Term 1,Grade 6,Thursday,5,14:00,15:00,Science,,,
CAL000556,2025-02-21,2025,Term 1,Grade 4,Friday,1,08:45,09:45,Arts,,,
CAL000557,2025-02-21,2025,Term 1,Grade 4,Friday,2,09:45,10:45,Mathematics,,,
CAL000558,2025-02-21,2025,Term 1,Grade 4,Friday,3,11:15,12:15,English,,,
CAL000559,2025-02-21,2025,Term 1,Grade 4,Friday,4,13:00,14:00,Science,,,
CAL000560,2025-02-21,2025,Term 1,Grade 4,Friday,5,14:00,15:00,Humanities,,,
CAL000561,2025-02-21,2025,Term 1,Grade 5,Friday,1,08:45,09:45,Health and Physical Education,,,
CAL000562,2025-02-21,2025,Term 1,Grade 5,Friday,2,09:45,10:45,Mathematics,,,
CAL000563,2025-02-21,2025,Term 1,Grade 5,Friday,3,11:15,12:15,English,,,
CAL000564,2025-02-21,2025,Term 1,Grade 5,Friday,4,13:00,14:00,Science,,,
CAL000565,2025-02-21,2025,Term 1,Grade 5,Friday,5,14:00,15:00,Humanities,,,
CAL000566,2025-02-21,2025,Term 1,Grade 6,Friday,1,08:45,09:45,Design and Technology,,,
CAL000567,2025-02-21,2025,Term 1,Grade 6,Friday,2,09:45,10:45,Mathematics,,,
CAL000568,2025-02-21,2025,Term 1,Grade 6,Friday,3,11:15,12:15,English,,,
CAL000569,2025-02-21,2025,Term 1,Grade 6,Friday,4,13:00,14:00,Science,,,
CAL000570,2025-02-21,2025,Term 1,Grade 6,Friday,5,14:00,15:00,Humanities,,,
CAL000571,2025-02-24,2025,Term 1,Grade 4,Monday,1,08:45,09:45,Mathematics,,,
CAL000572,2025-02-24,2025,Term 1,Grade 4,Monday,2,09:45,10:45,English,,,
CAL000573,2025-02-24,2025,Term 1,Grade 4,Monday,3,11:15,12:15,Science,,,
CAL000574,2025-02-24,2025,Term 1,Grade 4,Monday,4,13:00,14:00,Humanities,,,
CAL000575,2025-02-24,2025,Term 1,Grade 4,Monday,5,14:00,15:00,Arts,,,
CAL000576,2025-02-24,2025,Term 1,Grade 5,Monday,1,08:45,09:45,Mathematics,,,
CAL000577,2025-02-24,2025,Term 1,Grade 5,Monday,2,09:45,10:45,English,,,
CAL000578,2025-02-24,2025,Term 1,Grade 5,Monday,3,11:15,12:15,Science,,,
CAL000579,2025-02-24,2025,Term 1,Grade 5,Monday,4,13:00,14:00,Humanities,,,
CAL000580,2025-02-24,2025,Term 1,Grade 5,Monday,5,14:00,15:00,Health and Physical Education,,,
CAL000581,2025-02-24,2025,Term 1,Grade 6,Monday,1,08:45,09:45,Mathematics,,,
CAL000582,2025-02-24,2025,Term 1,Grade 6,Monday,2,09:45,10:45,English,,,
CAL000583,2025-02-24,2025,Term 1,Grade 6,Monday,3,11:15,12:15,Science,,,
CAL000584,2025-02-24,2025,Term 1,Grade 6,Monday,4,13:00,14:00,Humanities,,,
CAL000585,2025-02-24,2025,Term 1,Grade 6,Monday,5,14:00,15:00,Design and Technology,,,
CAL000586,2025-02-25,2025,Term 1,Grade 4,Tuesday,1,08:45,09:45,English,,,
CAL000587,2025-02-25,2025,Term 1,Grade 4,Tuesday,2,09:45,10:45,Science,,,
CAL000588,2025-02-25,2025,Term 1,Grade 4,Tuesday,3,11:15,12:15,Humanities,,,
CAL000589,2025-02-25,2025,Term 1,Grade 4,Tuesday,4,13:00,14:00,Arts,,,
CAL000590,2025-02-25,2025,Term 1,Grade 4,Tuesday,5,14:00,15:00,Mathematics,,,
CAL000591,2025-02-25,2025,Term 1,Grade 5,Tuesday,1,08:45,09:45,English,,,
CAL000592,2025-02-25,2025,Term 1,Grade 5,Tuesday,2,09:45,10:45,Science,,,
CAL000593,2025-02-25,2025,Term 1,Grade 5,Tuesday,3,11:15,12:15,Humanities,,,
CAL000594,2025-02-25,2025,Term 1,Grade 5,Tuesday,4,13:00,14:00,Health and Physical Education,,,
CAL000595,2025-02-25,2025,Term 1,Grade 5,Tuesday,5,14:00,15:00,Mathematics,,,
CAL000596,2025-02-25,2025,Term 1,Grade 6,Tuesday,1,08:45,09:45,English,,,
CAL000597,2025-02-25,2025,Term 1,Grade 6,Tuesday,2,09:45,10:45,Science,,,
CAL000598,2025-02-25,2025,Term 1,Grade 6,Tuesday,3,11:15,12:15,Humanities,,,
CAL000599,2025-02-25,2025,Term 1,Grade 6,Tuesday,4,13:00,14:00,Design and Technology,,,
CAL000600,2025-02-25,2025,Term 1,Grade 6,Tuesday,5,14:00,15:00,Mathematics,,,
CAL000601,2025-02-26,2025,Term 1,Grade 4,Wednesday,1,08:45,09:45,Science,,,
CAL000602,2025-02-26,2025,Term 1,Grade 4,Wednesday,2,09:45,10:45,Humanities,,,
CAL000603,2025-02-26,2025,Term 1,Grade 4,Wednesday,3,11:15,12:15,Arts,,,
CAL000604,2025-02-26,2025,Term 1,Grade 4,Wednesday,4,13:00,14:00,Mathematics,,,
CAL000605,2025-02-26,2025,Term 1,Grade 4,Wednesday,5,14:00,15:00,English,,,
CAL000606,2025-02-26,2025,Term 1,Grade 5,Wednesday,1,08:45,09:45,Science,,,
CAL000607,2025-02-26,2025,Term 1,Grade 5,Wednesday,2,09:45,10:45,Humanities,,,
CAL000608,2025-02-26,2025,Term 1,Grade 5,Wednesday,3,11:15,12:15,Health and Physical Education,,,
CAL000609,2025-02-26,2025,Term 1,Grade 5,Wednesday,4,13:00,14:00,Mathematics,,,
CAL000610,2025-02-26,2025,Term 1,Grade 5,Wednesday,5,14:00,15:00,English,,,
CAL000611,2025-02-26,2025,Term 1,Grade 6,Wednesday,1,08:45,09:45,Science,,,
CAL000612,2025-02-26,2025,Term 1,Grade 6,Wednesday,2,09:45,10:45,Humanities,,,
CAL000613,2025-02-26,2025,Term 1,Grade 6,Wednesday,3,11:15,12:15,Design and Technology,,,
CAL000614,2025-02-26,2025,Term 1,Grade 6,Wednesday,4,13:00,14:00,Mathematics,,,
CAL000615,2025-02-26,2025,Term 1,Grade 6,Wednesday,5,14:00,15:00,English,,,
CAL000616,2025-02-27,2025,Term 1,Grade 4,Thursday,1,08:45,09:45,Humanities,,,
CAL000617,2025-02-27,2025,Term 1,Grade 4,Thursday,2,09:45,10:45,Arts,,,
CAL000618,2025-02-27,2025,Term 1,Grade 4,Thursday,3,11:15,12:15,Mathematics,,,
CAL000619,2025-02-27,2025,Term 1,Grade 4,Thursday,4,13:00,14:00,English,,,
CAL000620,2025-02-27,2025,Term 1,Grade 4,Thursday,5,14:00,15:00,Science,,,
CAL000621,2025-02-27,2025,Term 1,Grade 5,Thursday,1,08:45,09:45,Humanities,,,
CAL000622,2025-02-27,2025,Term 1,Grade 5,Thursday,2,09:45,10:45,Health and Physical Education,,,
CAL000623,2025-02-27,2025,Term 1,Grade 5,Thursday,3,11:15,12:15,Mathematics,,,
CAL000624,2025-02-27,2025,Term 1,Grade 5,Thursday,4,13:00,14:00,English,,,
CAL000625,2025-02-27,2025,Term 1,Grade 5,Thursday,5,14:00,15:00,Science,,,
CAL000626,2025-02-27,2025,Term 1,Grade 6,Thursday,1,08:45,09:45,Humanities,,,
CAL000627,2025-02-27,2025,Term 1,Grade 6,Thursday,2,09:45,10:45,Design and Technology,,,
CAL000628,2025-02-27,2025,Term 1,Grade 6,Thursday,3,11:15,12:15,Mathematics,,,
CAL000629,2025-02-27,2025,Term 1,Grade 6,Thursday,4,13:00,14:00,English,,,
CAL000630,2025-02-27,2025,Term 1,Grade 6,Thursday,5,14:00,15:00,Science,,,
CAL000631,2025-02-28,2025,Term 1,Grade 4,Friday,1,08:45,09:45,Arts,,,
CAL000632,2025-02-28,2025,Term 1,Grade 4,Friday,2,09:45,10:45,Mathematics,,,
CAL000633,2025-02-28,2025,Term 1,Grade 4,Friday,3,11:15,12:15,English,,,
CAL000634,2025-02-28,2025,Term 1,Grade 4,Friday,4,13:00,14:00,Science,,,
CAL000635,2025-02-28,2025,Term 1,Grade 4,Friday,5,14:00,15:00,Humanities,,,
CAL000636,2025-02-28,2025,Term 1,Grade 5,Friday,1,08:45,09:45,Health and Physical Education,,,
CAL000637,2025-02-28,2025,Term 1,Grade 5,Friday,2,09:45,10:45,Mathematics,,,
CAL000638,2025-02-28,2025,Term 1,Grade 5,Friday,3,11:15,12:15,English,,,
CAL000639,2025-02-28,2025,Term 1,Grade 5,Friday,4,13:00,14:00,Science,,,
CAL000640,2025-02-28,2025,Term 1,Grade 5,Friday,5,14:00,15:00,Humanities,,,
CAL000641,2025-02-28,2025,Term 1,Grade 6,Friday,1,08:45,09:45,Design and Technology,,,
CAL000642,2025-02-28,2025,Term 1,Grade 6,Friday,2,09:45,10:45,Mathematics,,,
CAL000643,2025-02-28,2025,Term 1,Grade 6,Friday,3,11:15,12:15,English,,,
CAL000644,2025-02-28,2025,Term 1,Grade 6,Friday,4,13:00,14:00,Science,,,
CAL000645,2025-02-28,2025,Term 1,Grade 6,Friday,5,14:00,15:00,Humanities,,,
CAL000646,2025-03-03,2025,Term 1,Grade 4,Monday,1,08:45,09:45,Mathematics,,,
CAL000647,2025-03-03,2025,Term 1,Grade 4,Monday,2,09:45,10:45,English,,,
CAL000648,2025-03-03,2025,Term 1,Grade 4,Monday,3,11:15,12:15,Science,,,
CAL000649,2025-03-03,2025,Term 1,Grade 4,Monday,4,13:00,14:00,Humanities,,,
CAL000650,2025-03-03,2025,Term 1,Grade 4,Monday,5,14:00,15:00,Arts,,,
CAL000651,2025-03-03,2025,Term 1,Grade 5,Monday,1,08:45,09:45,Mathematics,,,
CAL000652,2025-03-03,2025,Term 1,Grade 5,Monday,2,09:45,10:45,English,,,
CAL000653,2025-03-03,2025,Term 1,Grade 5,Monday,3,11:15,12:15,Science,,,
CAL000654,2025-03-03,2025,Term 1,Grade 5,Monday,4,13:00,14:00,Humanities,,,
CAL000655,2025-03-03,2025,Term 1,Grade 5,Monday,5,14:00,15:00,Health and Physical Education,,,
CAL000656,2025-03-03,2025,Term 1,Grade 6,Monday,1,08:45,09:45,Mathematics,,,
CAL000657,2025-03-03,2025,Term 1,Grade 6,Monday,2,09:45,10:45,English,,,
CAL000658,2025-03-03,2025,Term 1,Grade 6,Monday,3,11:15,12:15,Science,,,
CAL000659,2025-03-03,2025,Term 1,Grade 6,Monday,4,13:00,14:00,Humanities,,,
CAL000660,2025-03-03,2025,Term 1,Grade 6,Monday,5,14:00,15:00,Design and Technology,,,
CAL000661,2025-03-04,2025,Term 1,Grade 4,Tuesday,1,08:45,09:45,English,,,
CAL000662,2025-03-04,2025,Term 1,Grade 4,Tuesday,2,09:45,10:45,Science,,,
CAL000663,2025-03-04,2025,Term 1,Grade 4,Tuesday,3,11:15,12:15,Humanities,,,
CAL000664,2025-03-04,2025,Term 1,Grade 4,Tuesday,4,13:00,14:00,Arts,,,
CAL000665,2025-03-04,2025,Term 1,Grade 4,Tuesday,5,14:00,15:00,Mathematics,,,
CAL000666,2025-03-04,2025,Term 1,Grade 5,Tuesday,1,08:45,09:45,English,,,
CAL000667,2025-03-04,2025,Term 1,Grade 5,Tuesday,2,09:45,10:45,Science,,,
CAL000668,2025-03-04,2025,Term 1,Grade 5,Tuesday,3,11:15,12:15,Humanities,,,
CAL000669,2025-03-04,2025,Term 1,Grade 5,Tuesday,4,13:00,14:00,Health and Physical Education,,,
CAL000670,2025-03-04,2025,Term 1,Grade 5,Tuesday,5,14:00,15:00,Mathematics,,,
CAL000671,2025-03-04,2025,Term 1,Grade 6,Tuesday,1,08:45,09:45,English,,,
CAL000672,2025-03-04,2025,Term 1,Grade 6,Tuesday,2,09:45,10:45,Science,,,
CAL000673,2025-03-04,2025,Term 1,Grade 6,Tuesday,3,11:15,12:15,Humanities,,,
CAL000674,2025-03-04,2025,Term 1,Grade 6,Tuesday,4,13:00,14:00,Design and Technology,,,
CAL000675,2025-03-04,2025,Term 1,Grade 6,Tuesday,5,14:00,15:00,Mathematics,,,
CAL000676,2025-03-05,2025,Term 1,Grade 4,Wednesday,1,08:45,09:45,Science,,,
CAL000677,2025-03-05,2025,Term 1,Grade 4,Wednesday,2,09:45,10:45,Humanities,,,
CAL000678,2025-03-05,2025,Term 1,Grade 4,Wednesday,3,11:15,12:15,Arts,,,
CAL000679,2025-03-05,2025,Term 1,Grade 4,Wednesday,4,13:00,14:00,Mathematics,,,
CAL000680,2025-03-05,2025,Term 1,Grade 4,Wednesday,5,14:00,15:00,English,,,
CAL000681,2025-03-05,2025,Term 1,Grade 5,Wednesday,1,08:45,09:45,Science,,,
CAL000682,2025-03-05,2025,Term 1,Grade 5,Wednesday,2,09:45,10:45,Humanities,,,
CAL000683,2025-03-05,2025,Term 1,Grade 5,Wednesday,3,11:15,12:15,Health and Physical Education,,,
CAL000684,2025-03-05,2025,Term 1,Grade 5,Wednesday,4,13:00,14:00,Mathematics,,,
CAL000685,2025-03-05,2025,Term 1,Grade 5,Wednesday,5,14:00,15:00,English,,,
CAL000686,2025-03-05,2025,Term 1,Grade 6,Wednesday,1,08:45,09:45,Science,,,
CAL000687,2025-03-05,2025,Term 1,Grade 6,Wednesday,2,09:45,10:45,Humanities,,,
CAL000688,2025-03-05,2025,Term 1,Grade 6,Wednesday,3,11:15,12:15,Design and Technology,,,
CAL000689,2025-03-05,2025,Term 1,Grade 6,Wednesday,4,13:00,14:00,Mathematics,,,
CAL000690,2025-03-05,2025,Term 1,Grade 6,Wednesday,5,14:00,15:00,English,,,
CAL000691,2025-03-06,2025,Term 1,Grade 4,Thursday,1,08:45,09:45,Humanities,,,
CAL000692,2025-03-06,2025,Term 1,Grade 4,Thursday,2,09:45,10:45,Arts,,,
CAL000693,2025-03-06,2025,Term 1,Grade 4,Thursday,3,11:15,12:15,Mathematics,,,
CAL000694,2025-03-06,2025,Term 1,Grade 4,Thursday,4,13:00,14:00,English,,,
CAL000695,2025-03-06,2025,Term 1,Grade 4,Thursday,5,14:00,15:00,Science,,,
CAL000696,2025-03-06,2025,Term 1,Grade 5,Thursday,1,08:45,09:45,Humanities,,,
CAL000697,2025-03-06,2025,Term 1,Grade 5,Thursday,2,09:45,10:45,Health and Physical Education,,,
CAL000698,2025-03-06,2025,Term 1,Grade 5,Thursday,3,11:15,12:15,Mathematics,,,
CAL000699,2025-03-06,2025,Term 1,Grade 5,Thursday,4,13:00,14:00,English,,,
CAL000700,2025-03-06,2025,Term 1,Grade 5,Thursday,5,14:00,15:00,Science,,,
CAL000701,2025-03-06,2025,Term 1,Grade 6,Thursday,1,08:45,09:45,Humanities,,,
CAL000702,2025-03-06,2025,Term 1,Grade 6,Thursday,2,09:45,10:45,Design and Technology,,,
CAL000703,2025-03-06,2025,Term 1,Grade 6,Thursday,3,11:15,12:15,Mathematics,,,
CAL000704,2025-03-06,2025,Term 1,Grade 6,Thursday,4,13:00,14:00,English,,,
CAL000705,2025-03-06,2025,Term 1,Grade 6,Thursday,5,14:00,15:00,Science,,,
CAL000706,2025-03-07,2025,Term 1,Grade 4,Friday,1,08:45,09:45,Arts,,,
CAL000707,2025-03-07,2025,Term 1,Grade 4,Friday,2,09:45,10:45,Mathematics,,,
CAL000708,2025-03-07,2025,Term 1,Grade 4,Friday,3,11:15,12:15,English,,,
CAL000709,2025-03-07,2025,Term 1,Grade 4,Friday,4,13:00,14:00,Science,,,
CAL000710,2025-03-07,2025,Term 1,Grade 4,Friday,5,14:00,15:00,Humanities,,,
CAL000711,2025-03-07,2025,Term 1,Grade 5,Friday,1,08:45,09:45,Health and Physical Education,,,
CAL000712,2025-03-07,2025,Term 1,Grade 5,Friday,2,09:45,10:45,Mathematics,,,
CAL000713,2025-03-07,2025,Term 1,Grade 5,Friday,3,11:15,12:15,English,,,
CAL000714,2025-03-07,2025,Term 1,Grade 5,Friday,4,13:00,14:00,Science,,,
CAL000715,2025-03-07,2025,Term 1,Grade 5,Friday,5,14:00,15:00,Humanities,,,
CAL000716,2025-03-07,2025,Term 1,Grade 6,Friday,1,08:45,09:45,Design and Technology,,,
CAL000717,2025-03-07,2025,Term 1,Grade 6,Friday,2,09:45,10:45,Mathematics,,,
CAL000718,2025-03-07,2025,Term 1,Grade 6,Friday,3,11:15,12:15,English,,,
CAL000719,2025-03-07,2025,Term 1,Grade 6,Friday,4,13:00,14:00,Science,,,
CAL000720,2025-03-07,2025,Term 1,Grade 6,Friday,5,14:00,15:00,Humanities,,,
CAL000721,2025-03-10,2025,Term 1,Grade 4,Monday,1,08:45,09:45,Mathematics,,,
CAL000722,2025-03-10,2025,Term 1,Grade 4,Monday,2,09:45,10:45,English,,,
CAL000723,2025-03-10,2025,Term 1,Grade 4,Monday,3,11:15,12:15,Science,,,
CAL000724,2025-03-10,2025,Term 1,Grade 4,Monday,4,13:00,14:00,Humanities,,,
CAL000725,2025-03-10,2025,Term 1,Grade 4,Monday,5,14:00,15:00,Arts,,,
CAL000726,2025-03-10,2025,Term 1,Grade 5,Monday,1,08:45,09:45,Mathematics,,,
CAL000727,2025-03-10,2025,Term 1,Grade 5,Monday,2,09:45,10:45,English,,,
CAL000728,2025-03-10,2025,Term 1,Grade 5,Monday,3,11:15,12:15,Science,,,
CAL000729,2025-03-10,2025,Term 1,Grade 5,Monday,4,13:00,14:00,Humanities,,,
CAL000730,2025-03-10,2025,Term 1,Grade 5,Monday,5,14:00,15:00,Health and Physical Education,,,
CAL000731,2025-03-10,2025,Term 1,Grade 6,Monday,1,08:45,09:45,Mathematics,,,
CAL000732,2025-03-10,2025,Term 1,Grade 6,Monday,2,09:45,10:45,English,,,
CAL000733,2025-03-10,2025,Term 1,Grade 6,Monday,3,11:15,12:15,Science,,,
CAL000734,2025-03-10,2025,Term 1,Grade 6,Monday,4,13:00,14:00,Humanities,,,
CAL000735,2025-03-10,2025,Term 1,Grade 6,Monday,5,14:00,15:00,Design and Technology,,,
CAL000736,2025-03-11,2025,Term 1,Grade 4,Tuesday,1,08:45,09:45,English,,,
CAL000737,2025-03-11,2025,Term 1,Grade 4,Tuesday,2,09:45,10:45,Science,,,
CAL000738,2025-03-11,2025,Term 1,Grade 4,Tuesday,3,11:15,12:15,Humanities,,,
CAL000739,2025-03-11,2025,Term 1,Grade 4,Tuesday,4,13:00,14:00,Arts,,,
CAL000740,2025-03-11,2025,Term 1,Grade 4,Tuesday,5,14:00,15:00,Mathematics,,,
CAL000741,2025-03-11,2025,Term 1,Grade 5,Tuesday,1,08:45,09:45,English,,,
CAL000742,2025-03-11,2025,Term 1,Grade 5,Tuesday,2,09:45,10:45,Science,,,
CAL000743,2025-03-11,2025,Term 1,Grade 5,Tuesday,3,11:15,12:15,Humanities,,,
CAL000744,2025-03-11,2025,Term 1,Grade 5,Tuesday,4,13:00,14:00,Health and Physical Education,,,
CAL000745,2025-03-11,2025,Term 1,Grade 5,Tuesday,5,14:00,15:00,Mathematics,,,
CAL000746,2025-03-11,2025,Term 1,Grade 6,Tuesday,1,08:45,09:45,English,,,
CAL000747,2025-03-11,2025,Term 1,Grade 6,Tuesday,2,09:45,10:45,Science,,,
CAL000748,2025-03-11,2025,Term 1,Grade 6,Tuesday,3,11:15,12:15,Humanities,,,
CAL000749,2025-03-11,2025,Term 1,Grade 6,Tuesday,4,13:00,14:00,Design and Technology,,,
CAL000750,2025-03-11,2025,Term 1,Grade 6,Tuesday,5,14:00,15:00,Mathematics,,,
CAL000751,2025-03-12,2025,Term 1,Grade 4,Wednesday,1,08:45,09:45,Science,,,
CAL000752,2025-03-12,2025,Term 1,Grade 4,Wednesday,2,09:45,10:45,Humanities,,,
CAL000753,2025-03-12,2025,Term 1,Grade 4,Wednesday,3,11:15,12:15,Arts,,,
CAL000754,2025-03-12,2025,Term 1,Grade 4,Wednesday,4,13:00,14:00,Mathematics,,,
CAL000755,2025-03-12,2025,Term 1,Grade 4,Wednesday,5,14:00,15:00,English,,,
CAL000756,2025-03-12,2025,Term 1,Grade 5,Wednesday,1,08:45,09:45,Science,,,
CAL000757,2025-03-12,2025,Term 1,Grade 5,Wednesday,2,09:45,10:45,Humanities,,,
CAL000758,2025-03-12,2025,Term 1,Grade 5,Wednesday,3,11:15,12:15,Health and Physical Education,,,
CAL000759,2025-03-12,2025,Term 1,Grade 5,Wednesday,4,13:00,14:00,Mathematics,,,
CAL000760,2025-03-12,2025,Term 1,Grade 5,Wednesday,5,14:00,15:00,English,,,
CAL000761,2025-03-12,2025,Term 1,Grade 6,Wednesday,1,08:45,09:45,Science,,,
CAL000762,2025-03-12,2025,Term 1,Grade 6,Wednesday,2,09:45,10:45,Humanities,,,
CAL000763,2025-03-12,2025,Term 1,Grade 6,Wednesday,3,11:15,12:15,Design and Technology,,,
CAL000764,2025-03-12,2025,Term 1,Grade 6,Wednesday,4,13:00,14:00,Mathematics,,,
CAL000765,2025-03-12,2025,Term 1,Grade 6,Wednesday,5,14:00,15:00,English,,,
CAL000766,2025-03-13,2025,Term 1,Grade 4,Thursday,1,08:45,09:45,Humanities,,,
CAL000767,2025-03-13,2025,Term 1,Grade 4,Thursday,2,09:45,10:45,Arts,,,
CAL000768,2025-03-13,2025,Term 1,Grade 4,Thursday,3,11:15,12:15,Mathematics,,,
CAL000769,2025-03-13,2025,Term 1,Grade 4,Thursday,4,13:00,14:00,English,,,
CAL000770,2025-03-13,2025,Term 1,Grade 4,Thursday,5,14:00,15:00,Science,,,
CAL000771,2025-03-13,2025,Term 1,Grade 5,Thursday,1,08:45,09:45,Humanities,,,
CAL000772,2025-03-13,2025,Term 1,Grade 5,Thursday,2,09:45,10:45,Health and Physical Education,,,
CAL000773,2025-03-13,2025,Term 1,Grade 5,Thursday,3,11:15,12:15,Mathematics,,,
CAL000774,2025-03-13,2025,Term 1,Grade 5,Thursday,4,13:00,14:00,English,,,
CAL000775,2025-03-13,2025,Term 1,Grade 5,Thursday,5,14:00,15:00,Science,,,
CAL000776,2025-03-13,2025,Term 1,Grade 6,Thursday,1,08:45,09:45,Humanities,,,
CAL000777,2025-03-13,2025,Term 1,Grade 6,Thursday,2,09:45,10:45,Design and Technology,,,
CAL000778,2025-03-13,2025,Term 1,Grade 6,Thursday,3,11:15,12:15,Mathematics,,,
CAL000779,2025-03-13,2025,Term 1,Grade 6,Thursday,4,13:00,14:00,English,,,
CAL000780,2025-03-13,2025,Term 1,Grade 6,Thursday,5,14:00,15:00,Science,,,
CAL000781,2025-03-14,2025,Term 1,Grade 4,Friday,1,08:45,09:45,Arts,,,
CAL000782,2025-03-14,2025,Term 1,Grade 4,Friday,2,09:45,10:45,Mathematics,,,
CAL000783,2025-03-14,2025,Term 1,Grade 4,Friday,3,11:15,12:15,English,,,
CAL000784,2025-03-14,2025,Term 1,Grade 4,Friday,4,13:00,14:00,Science,,,
CAL000785,2025-03-14,2025,Term 1,Grade 4,Friday,5,14:00,15:00,Humanities,,,
CAL000786,2025-03-14,2025,Term 1,Grade 5,Friday,1,08:45,09:45,Health and Physical Education,,,
CAL000787,2025-03-14,2025,Term 1,Grade 5,Friday,2,09:45,10:45,Mathematics,,,
CAL000788,2025-03-14,2025,Term 1,Grade 5,Friday,3,11:15,12:15,English,,,
CAL000789,2025-03-14,2025,Term 1,Grade 5,Friday,4,13:00,14:00,Science,,,
CAL000790,2025-03-14,2025,Term 1,Grade 5,Friday,5,14:00,15:00,Humanities,,,
CAL000791,2025-03-14,2025,Term 1,Grade 6,Friday,1,08:45,09:45,Design and Technology,,,
CAL000792,2025-03-14,2025,Term 1,Grade 6,Friday,2,09:45,10:45,Mathematics,,,
CAL000793,2025-03-14,2025,Term 1,Grade 6,Friday,3,11:15,12:15,English,,,
CAL000794,2025-03-14,2025,Term 1,Grade 6,Friday,4,13:00,14:00,Science,,,
CAL000795,2025-03-14,2025,Term 1,Grade 6,Friday,5,14:00,15:00,Humanities,,,
CAL000796,2025-03-17,2025,Term 1,Grade 4,Monday,1,08:45,09:45,Mathematics,,,
CAL000797,2025-03-17,2025,Term 1,Grade 4,Monday,2,09:45,10:45,English,,,
CAL000798,2025-03-17,2025,Term 1,Grade 4,Monday,3,11:15,12:15,Science,,,
CAL000799,2025-03-17,2025,Term 1,Grade 4,Monday,4,13:00,14:00,Humanities,,,
CAL000800,2025-03-17,2025,Term 1,Grade 4,Monday,5,14:00,15:00,Arts,,,
CAL000801,2025-03-17,2025,Term 1,Grade 5,Monday,1,08:45,09:45,Mathematics,,,
CAL000802,2025-03-17,2025,Term 1,Grade 5,Monday,2,09:45,10:45,English,,,
CAL000803,2025-03-17,2025,Term 1,Grade 5,Monday,3,11:15,12:15,Science,,,
CAL000804,2025-03-17,2025,Term 1,Grade 5,Monday,4,13:00,14:00,Humanities,,,
CAL000805,2025-03-17,2025,Term 1,Grade 5,Monday,5,14:00,15:00,Health and Physical Education,,,
CAL000806,2025-03-17,2025,Term 1,Grade 6,Monday,1,08:45,09:45,Mathematics,,,
CAL000807,2025-03-17,2025,Term 1,Grade 6,Monday,2,09:45,10:45,English,,,
CAL000808,2025-03-17,2025,Term 1,Grade 6,Monday,3,11:15,12:15,Science,,,
CAL000809,2025-03-17,2025,Term 1,Grade 6,Monday,4,13:00,14:00,Humanities,,,
CAL000810,2025-03-17,2025,Term 1,Grade 6,Monday,5,14:00,15:00,Design and Technology,,,
CAL000811,2025-03-18,2025,Term 1,Grade 4,Tuesday,1,08:45,09:45,English,,,
CAL000812,2025-03-18,2025,Term 1,Grade 4,Tuesday,2,09:45,10:45,Science,,,
CAL000813,2025-03-18,2025,Term 1,Grade 4,Tuesday,3,11:15,12:15,Humanities,,,
CAL000814,2025-03-18,2025,Term 1,Grade 4,Tuesday,4,13:00,14:00,Arts,,,
CAL000815,2025-03-18,2025,Term 1,Grade 4,Tuesday,5,14:00,15:00,Mathematics,,,
CAL000816,2025-03-18,2025,Term 1,Grade 5,Tuesday,1,08:45,09:45,English,,,
CAL000817,2025-03-18,2025,Term 1,Grade 5,Tuesday,2,09:45,10:45,Science,,,
CAL000818,2025-03-18,2025,Term 1,Grade 5,Tuesday,3,11:15,12:15,Humanities,,,
CAL000819,2025-03-18,2025,Term 1,Grade 5,Tuesday,4,13:00,14:00,Health and Physical Education,,,
CAL000820,2025-03-18,2025,Term 1,Grade 5,Tuesday,5,14:00,15:00,Mathematics,,,
CAL000821,2025-03-18,2025,Term 1,Grade 6,Tuesday,1,08:45,09:45,English,,,
CAL000822,2025-03-18,2025,Term 1,Grade 6,Tuesday,2,09:45,10:45,Science,,,
CAL000823,2025-03-18,2025,Term 1,Grade 6,Tuesday,3,11:15,12:15,Humanities,,,
CAL000824,2025-03-18,2025,Term 1,Grade 6,Tuesday,4,13:00,14:00,Design and Technology,,,
CAL000825,2025-03-18,2025,Term 1,Grade 6,Tuesday,5,14:00,15:00,Mathematics,,,
CAL000826,2025-03-19,2025,Term 1,Grade 4,Wednesday,1,08:45,09:45,Science,,,
CAL000827,2025-03-19,2025,Term 1,Grade 4,Wednesday,2,09:45,10:45,Humanities,,,
CAL000828,2025-03-19,2025,Term 1,Grade 4,Wednesday,3,11:15,12:15,Arts,,,
CAL000829,2025-03-19,2025,Term 1,Grade 4,Wednesday,4,13:00,14:00,Mathematics,,,
CAL000830,2025-03-19,2025,Term 1,Grade 4,Wednesday,5,14:00,15:00,English,,,
CAL000831,2025-03-19,2025,Term 1,Grade 5,Wednesday,1,08:45,09:45,Science,,,
CAL000832,2025-03-19,2025,Term 1,Grade 5,Wednesday,2,09:45,10:45,Humanities,,,
CAL000833,2025-03-19,2025,Term 1,Grade 5,Wednesday,3,11:15,12:15,Health and Physical Education,,,
CAL000834,2025-03-19,2025,Term 1,Grade 5,Wednesday,4,13:00,14:00,Mathematics,,,
CAL000835,2025-03-19,2025,Term 1,Grade 5,Wednesday,5,14:00,15:00,English,,,
CAL000836,2025-03-19,2025,Term 1,Grade 6,Wednesday,1,08:45,09:45,Science,,,
CAL000837,2025-03-19,2025,Term 1,Grade 6,Wednesday,2,09:45,10:45,Humanities,,,
CAL000838,2025-03-19,2025,Term 1,Grade 6,Wednesday,3,11:15,12:15,Design and Technology,,,
CAL000839,2025-03-19,2025,Term 1,Grade 6,Wednesday,4,13:00,14:00,Mathematics,,,
CAL000840,2025-03-19,2025,Term 1,Grade 6,Wednesday,5,14:00,15:00,English,,,
CAL000841,2025-03-20,2025,Term 1,Grade 4,Thursday,1,08:45,09:45,Humanities,,,
CAL000842,2025-03-20,2025,Term 1,Grade 4,Thursday,2,09:45,10:45,Arts,,,
CAL000843,2025-03-20,2025,Term 1,Grade 4,Thursday,3,11:15,12:15,Mathematics,,,
CAL000844,2025-03-20,2025,Term 1,Grade 4,Thursday,4,13:00,14:00,English,,,
CAL000845,2025-03-20,2025,Term 1,Grade 4,Thursday,5,14:00,15:00,Science,,,
CAL000846,2025-03-20,2025,Term 1,Grade 5,Thursday,1,08:45,09:45,Humanities,,,
CAL000847,2025-03-20,2025,Term 1,Grade 5,Thursday,2,09:45,10:45,Health and Physical Education,,,
CAL000848,2025-03-20,2025,Term 1,Grade 5,Thursday,3,11:15,12:15,Mathematics,,,
CAL000849,2025-03-20,2025,Term 1,Grade 5,Thursday,4,13:00,14:00,English,,,
CAL000850,2025-03-20,2025,Term 1,Grade 5,Thursday,5,14:00,15:00,Science,,,
CAL000851,2025-03-20,2025,Term 1,Grade 6,Thursday,1,08:45,09:45,Humanities,,,
CAL000852,2025-03-20,2025,Term 1,Grade 6,Thursday,2,09:45,10:45,Design and Technology,,,
CAL000853,2025-03-20,2025,Term 1,Grade 6,Thursday,3,11:15,12:15,Mathematics,,,
CAL000854,2025-03-20,2025,Term 1,Grade 6,Thursday,4,13:00,14:00,English,,,
CAL000855,2025-03-20,2025,Term 1,Grade 6,Thursday,5,14:00,15:00,Science,,,
CAL000856,2025-03-21,2025,Term 1,Grade 4,Friday,1,08:45,09:45,Arts,,,
CAL000857,2025-03-21,2025,Term 1,Grade 4,Friday,2,09:45,10:45,Mathematics,,,
CAL000858,2025-03-21,2025,Term 1,Grade 4,Friday,3,11:15,12:15,English,,,
CAL000859,2025-03-21,2025,Term 1,Grade 4,Friday,4,13:00,14:00,Science,,,
CAL000860,2025-03-21,2025,Term 1,Grade 4,Friday,5,14:00,15:00,Humanities,,,
CAL000861,2025-03-21,2025,Term 1,Grade 5,Friday,1,08:45,09:45,Health and Physical Education,,,
CAL000862,2025-03-21,2025,Term 1,Grade 5,Friday,2,09:45,10:45,Mathematics,,,
CAL000863,2025-03-21,2025,Term 1,Grade 5,Friday,3,11:15,12:15,English,,,
CAL000864,2025-03-21,2025,Term 1,Grade 5,Friday,4,13:00,14:00,Science,,,
CAL000865,2025-03-21,2025,Term 1,Grade 5,Friday,5,14:00,15:00,Humanities,,,
CAL000866,2025-03-21,2025,Term 1,Grade 6,Friday,1,08:45,09:45,Design and Technology,,,
CAL000867,2025-03-21,2025,Term 1,Grade 6,Friday,2,09:45,10:45,Mathematics,,,
CAL000868,2025-03-21,2025,Term 1,Grade 6,Friday,3,11:15,12:15,English,,,
CAL000869,2025-03-21,2025,Term 1,Grade 6,Friday,4,13:00,14:00,Science,,,
CAL000870,2025-03-21,2025,Term 1,Grade 6,Friday,5,14:00,15:00,Humanities,,,
CAL000871,2025-03-24,2025,Term 1,Grade 4,Monday,1,08:45,09:45,Mathematics,,,
CAL000872,2025-03-24,2025,Term 1,Grade 4,Monday,2,09:45,10:45,English,,,
CAL000873,2025-03-24,2025,Term 1,Grade 4,Monday,3,11:15,12:15,Science,,,
CAL000874,2025-03-24,2025,Term 1,Grade 4,Monday,4,13:00,14:00,Humanities,,,
CAL000875,2025-03-24,2025,Term 1,Grade 4,Monday,5,14:00,15:00,Arts,,,
CAL000876,2025-03-24,2025,Term 1,Grade 5,Monday,1,08:45,09:45,Mathematics,,,
CAL000877,2025-03-24,2025,Term 1,Grade 5,Monday,2,09:45,10:45,English,,,
CAL000878,2025-03-24,2025,Term 1,Grade 5,Monday,3,11:15,12:15,Science,,,
CAL000879,2025-03-24,2025,Term 1,Grade 5,Monday,4,13:00,14:00,Humanities,,,
CAL000880,2025-03-24,2025,Term 1,Grade 5,Monday,5,14:00,15:00,Health and Physical Education,,,
CAL000881,2025-03-24,2025,Term 1,Grade 6,Monday,1,08:45,09:45,Mathematics,,,
CAL000882,2025-03-24,2025,Term 1,Grade 6,Monday,2,09:45,10:45,English,,,
CAL000883,2025-03-24,2025,Term 1,Grade 6,Monday,3,11:15,12:15,Science,,,
CAL000884,2025-03-24,2025,Term 1,Grade 6,Monday,4,13:00,14:00,Humanities,,,
CAL000885,2025-03-24,2025,Term 1,Grade 6,Monday,5,14:00,15:00,Design and Technology,,,
CAL000886,2025-03-25,2025,Term 1,Grade 4,Tuesday,1,08:45,09:45,English,,,
CAL000887,2025-03-25,2025,Term 1,Grade 4,Tuesday,2,09:45,10:45,Science,,,
CAL000888,2025-03-25,2025,Term 1,Grade 4,Tuesday,3,11:15,12:15,Humanities,,,
CAL000889,2025-03-25,2025,Term 1,Grade 4,Tuesday,4,13:00,14:00,Arts,,,
CAL000890,2025-03-25,2025,Term 1,Grade 4,Tuesday,5,14:00,15:00,Mathematics,,,
CAL000891,2025-03-25,2025,Term 1,Grade 5,Tuesday,1,08:45,09:45,English,,,
CAL000892,2025-03-25,2025,Term 1,Grade 5,Tuesday,2,09:45,10:45,Science,,,
CAL000893,2025-03-25,2025,Term 1,Grade 5,Tuesday,3,11:15,12:15,Humanities,,,
CAL000894,2025-03-25,2025,Term 1,Grade 5,Tuesday,4,13:00,14:00,Health and Physical Education,,,
CAL000895,2025-03-25,2025,Term 1,Grade 5,Tuesday,5,14:00,15:00,Mathematics,,,
CAL000896,2025-03-25,2025,Term 1,Grade 6,Tuesday,1,08:45,09:45,English,,,
CAL000897,2025-03-25,2025,Term 1,Grade 6,Tuesday,2,09:45,10:45,Science,,,
CAL000898,2025-03-25,2025,Term 1,Grade 6,Tuesday,3,11:15,12:15,Humanities,,,
CAL000899,2025-03-25,2025,Term 1,Grade 6,Tuesday,4,13:00,14:00,Design and Technology,,,
CAL000900,2025-03-25,2025,Term 1,Grade 6,Tuesday,5,14:00,15:00,Mathematics,,,
CAL000901,2025-03-26,2025,Term 1,Grade 4,Wednesday,1,08:45,09:45,Science,,,
CAL000902,2025-03-26,2025,Term 1,Grade 4,Wednesday,2,09:45,10:45,Humanities,,,
CAL000903,2025-03-26,2025,Term 1,Grade 4,Wednesday,3,11:15,12:15,Arts,,,
CAL000904,2025-03-26,2025,Term 1,Grade 4,Wednesday,4,13:00,14:00,Mathematics,,,
CAL000905,2025-03-26,2025,Term 1,Grade 4,Wednesday,5,14:00,15:00,English,,,
CAL000906,2025-03-26,2025,Term 1,Grade 5,Wednesday,1,08:45,09:45,Science,,,
CAL000907,2025-03-26,2025,Term 1,Grade 5,Wednesday,2,09:45,10:45,Humanities,,,
CAL000908,2025-03-26,2025,Term 1,Grade 5,Wednesday,3,11:15,12:15,Health and Physical Education,,,
CAL000909,2025-03-26,2025,Term 1,Grade 5,Wednesday,4,13:00,14:00,Mathematics,,,
CAL000910,2025-03-26,2025,Term 1,Grade 5,Wednesday,5,14:00,15:00,English,,,
CAL000911,2025-03-26,2025,Term 1,Grade 6,Wednesday,1,08:45,09:45,Science,,,
CAL000912,2025-03-26,2025,Term 1,Grade 6,Wednesday,2,09:45,10:45,Humanities,,,
CAL000913,2025-03-26,2025,Term 1,Grade 6,Wednesday,3,11:15,12:15,Design and Technology,,,
CAL000914,2025-03-26,2025,Term 1,Grade 6,Wednesday,4,13:00,14:00,Mathematics,,,
CAL000915,2025-03-26,2025,Term 1,Grade 6,Wednesday,5,14:00,15:00,English,,,
CAL000916,2025-03-27,2025,Term 1,Grade 4,Thursday,1,08:45,09:45,Humanities,,,
CAL000917,2025-03-27,2025,Term 1,Grade 4,Thursday,2,09:45,10:45,Arts,,,
CAL000918,2025-03-27,2025,Term 1,Grade 4,Thursday,3,11:15,12:15,Mathematics,,,
CAL000919,2025-03-27,2025,Term 1,Grade 4,Thursday,4,13:00,14:00,English,,,
CAL000920,2025-03-27,2025,Term 1,Grade 4,Thursday,5,14:00,15:00,Science,,,
CAL000921,2025-03-27,2025,Term 1,Grade 5,Thursday,1,08:45,09:45,Humanities,,,
CAL000922,2025-03-27,2025,Term 1,Grade 5,Thursday,2,09:45,10:45,Health and Physical Education,,,
CAL000923,2025-03-27,2025,Term 1,Grade 5,Thursday,3,11:15,12:15,Mathematics,,,
CAL000924,2025-03-27,2025,Term 1,Grade 5,Thursday,4,13:00,14:00,English,,,
CAL000925,2025-03-27,2025,Term 1,Grade 5,Thursday,5,14:00,15:00,Science,,,
CAL000926,2025-03-27,2025,Term 1,Grade 6,Thursday,1,08:45,09:45,Humanities,,,
CAL000927,2025-03-27,2025,Term 1,Grade 6,Thursday,2,09:45,10:45,Design and Technology,,,
CAL000928,2025-03-27,2025,Term 1,Grade 6,Thursday,3,11:15,12:15,Mathematics,,,
CAL000929,2025-03-27,2025,Term 1,Grade 6,Thursday,4,13:00,14:00,English,,,
CAL000930,2025-03-27,2025,Term 1,Grade 6,Thursday,5,14:00,15:00,Science,,,
CAL000931,2025-03-28,2025,Term 1,Grade 4,Friday,1,08:45,09:45,Arts,,,
CAL000932,2025-03-28,2025,Term 1,Grade 4,Friday,2,09:45,10:45,Mathematics,,,
CAL000933,2025-03-28,2025,Term 1,Grade 4,Friday,3,11:15,12:15,English,,,
CAL000934,2025-03-28,2025,Term 1,Grade 4,Friday,4,13:00,14:00,Science,,,
CAL000935,2025-03-28,2025,Term 1,Grade 4,Friday,5,14:00,15:00,Humanities,,,
CAL000936,2025-03-28,2025,Term 1,Grade 5,Friday,1,08:45,09:45,Health and Physical Education,,,
CAL000937,2025-03-28,2025,Term 1,Grade 5,Friday,2,09:45,10:45,Mathematics,,,
CAL000938,2025-03-28,2025,Term 1,Grade 5,Friday,3,11:15,12:15,English,,,
CAL000939,2025-03-28,2025,Term 1,Grade 5,Friday,4,13:00,14:00,Science,,,
CAL000940,2025-03-28,2025,Term 1,Grade 5,Friday,5,14:00,15:00,Humanities,,,
CAL000941,2025-03-28,2025,Term 1,Grade 6,Friday,1,08:45,09:45,Design and Technology,,,
CAL000942,2025-03-28,2025,Term 1,Grade 6,Friday,2,09:45,10:45,Mathematics,,,
CAL000943,2025-03-28,2025,Term 1,Grade 6,Friday,3,11:15,12:15,English,,,
CAL000944,2025-03-28,2025,Term 1,Grade 6,Friday,4,13:00,14:00,Science,,,
CAL000945,2025-03-28,2025,Term 1,Grade 6,Friday,5,14:00,15:00,Humanities,,,
CAL000946,2025-03-31,2025,Term 1,Grade 4,Monday,1,08:45,09:45,Mathematics,,,
CAL000947,2025-03-31,2025,Term 1,Grade 4,Monday,2,09:45,10:45,English,,,
CAL000948,2025-03-31,2025,Term 1,Grade 4,Monday,3,11:15,12:15,Science,,,
CAL000949,2025-03-31,2025,Term 1,Grade 4,Monday,4,13:00,14:00,Humanities,,,
CAL000950,2025-03-31,2025,Term 1,Grade 4,Monday,5,14:00,15:00,Arts,,,
CAL000951,2025-03-31,2025,Term 1,Grade 5,Monday,1,08:45,09:45,Mathematics,,,
CAL000952,2025-03-31,2025,Term 1,Grade 5,Monday,2,09:45,10:45,English,,,
CAL000953,2025-03-31,2025,Term 1,Grade 5,Monday,3,11:15,12:15,Science,,,
CAL000954,2025-03-31,2025,Term 1,Grade 5,Monday,4,13:00,14:00,Humanities,,,
CAL000955,2025-03-31,2025,Term 1,Grade 5,Monday,5,14:00,15:00,Health and Physical Education,,,
CAL000956,2025-03-31,2025,Term 1,Grade 6,Monday,1,08:45,09:45,Mathematics,,,
CAL000957,2025-03-31,2025,Term 1,Grade 6,Monday,2,09:45,10:45,English,,,
CAL000958,2025-03-31,2025,Term 1,Grade 6,Monday,3,11:15,12:15,Science,,,
CAL000959,2025-03-31,2025,Term 1,Grade 6,Monday,4,13:00,14:00,Humanities,,,
CAL000960,2025-03-31,2025,Term 1,Grade 6,Monday,5,14:00,15:00,Design and Technology,,,
CAL000961,2025-04-01,2025,Term 2,Grade 4,Tuesday,1,08:45,09:45,English,,,
CAL000962,2025-04-01,2025,Term 2,Grade 4,Tuesday,2,09:45,10:45,Science,,,
CAL000963,2025-04-01,2025,Term 2,Grade 4,Tuesday,3,11:15,12:15,Humanities,,,
CAL000964,2025-04-01,2025,Term 2,Grade 4,Tuesday,4,13:00,14:00,Arts,,,
CAL000965,2025-04-01,2025,Term 2,Grade 4,Tuesday,5,14:00,15:00,Mathematics,,,
CAL000966,2025-04-01,2025,Term 2,Grade 5,Tuesday,1,08:45,09:45,English,,,
CAL000967,2025-04-01,2025,Term 2,Grade 5,Tuesday,2,09:45,10:45,Science,,,
CAL000968,2025-04-01,2025,Term 2,Grade 5,Tuesday,3,11:15,12:15,Humanities,,,
CAL000969,2025-04-01,2025,Term 2,Grade 5,Tuesday,4,13:00,14:00,Health and Physical Education,,,
CAL000970,2025-04-01,2025,Term 2,Grade 5,Tuesday,5,14:00,15:00,Mathematics,,,
CAL000971,2025-04-01,2025,Term 2,Grade 6,Tuesday,1,08:45,09:45,English,,,
CAL000972,2025-04-01,2025,Term 2,Grade 6,Tuesday,2,09:45,10:45,Science,,,
CAL000973,2025-04-01,2025,Term 2,Grade 6,Tuesday,3,11:15,12:15,Humanities,,,
CAL000974,2025-04-01,2025,Term 2,Grade 6,Tuesday,4,13:00,14:00,Design and Technology,,,
CAL000975,2025-04-01,2025,Term 2,Grade 6,Tuesday,5,14:00,15:00,Mathematics,,,
CAL000976,2025-04-02,2025,Term 2,Grade 4,Wednesday,1,08:45,09:45,Science,,,
CAL000977,2025-04-02,2025,Term 2,Grade 4,Wednesday,2,09:45,10:45,Humanities,,,
CAL000978,2025-04-02,2025,Term 2,Grade 4,Wednesday,3,11:15,12:15,Arts,,,
CAL000979,2025-04-02,2025,Term 2,Grade 4,Wednesday,4,13:00,14:00,Mathematics,,,
CAL000980,2025-04-02,2025,Term 2,Grade 4,Wednesday,5,14:00,15:00,English,,,
CAL000981,2025-04-02,2025,Term 2,Grade 5,Wednesday,1,08:45,09:45,Science,,,
CAL000982,2025-04-02,2025,Term 2,Grade 5,Wednesday,2,09:45,10:45,Humanities,,,
CAL000983,2025-04-02,2025,Term 2,Grade 5,Wednesday,3,11:15,12:15,Health and Physical Education,,,
CAL000984,2025-04-02,2025,Term 2,Grade 5,Wednesday,4,13:00,14:00,Mathematics,,,
CAL000985,2025-04-02,2025,Term 2,Grade 5,Wednesday,5,14:00,15:00,English,,,
CAL000986,2025-04-02,2025,Term 2,Grade 6,Wednesday,1,08:45,09:45,Science,,,
CAL000987,2025-04-02,2025,Term 2,Grade 6,Wednesday,2,09:45,10:45,Humanities,,,
CAL000988,2025-04-02,2025,Term 2,Grade 6,Wednesday,3,11:15,12:15,Design and Technology,,,
CAL000989,2025-04-02,2025,Term 2,Grade 6,Wednesday,4,13:00,14:00,Mathematics,,,
CAL000990,2025-04-02,2025,Term 2,Grade 6,Wednesday,5,14:00,15:00,English,,,
CAL000991,2025-04-03,2025,Term 2,Grade 4,Thursday,1,08:45,09:45,Humanities,,,
CAL000992,2025-04-03,2025,Term 2,Grade 4,Thursday,2,09:45,10:45,Arts,,,
CAL000993,2025-04-03,2025,Term 2,Grade 4,Thursday,3,11:15,12:15,Mathematics,,,
CAL000994,2025-04-03,2025,Term 2,Grade 4,Thursday,4,13:00,14:00,English,,,
CAL000995,2025-04-03,2025,Term 2,Grade 4,Thursday,5,14:00,15:00,Science,,,
CAL000996,2025-04-03,2025,Term 2,Grade 5,Thursday,1,08:45,09:45,Humanities,,,
CAL000997,2025-04-03,2025,Term 2,Grade 5,Thursday,2,09:45,10:45,Health and Physical Education,,,
CAL000998,2025-04-03,2025,Term 2,Grade 5,Thursday,3,11:15,12:15,Mathematics,,,
CAL000999,2025-04-03,2025,Term 2,Grade 5,Thursday,4,13:00,14:00,English,,,
CAL001000,2025-04-03,2025,Term 2,Grade 5,Thursday,5,14:00,15:00,Science,,,
CAL001001,2025-04-03,2025,Term 2,Grade 6,Thursday,1,08:45,09:45,Humanities,,,
CAL001002,2025-04-03,2025,Term 2,Grade 6,Thursday,2,09:45,10:45,Design and Technology,,,
CAL001003,2025-04-03,2025,Term 2,Grade 6,Thursday,3,11:15,12:15,Mathematics,,,
CAL001004,2025-04-03,2025,Term 2,Grade 6,Thursday,4,13:00,14:00,English,,,
CAL001005,2025-04-03,2025,Term 2,Grade 6,Thursday,5,14:00,15:00,Science,,,
CAL001006,2025-04-04,2025,Term 2,Grade 4,Friday,1,08:45,09:45,Arts,,,
CAL001007,2025-04-04,2025,Term 2,Grade 4,Friday,2,09:45,10:45,Mathematics,,,
CAL001008,2025-04-04,2025,Term 2,Grade 4,Friday,3,11:15,12:15,English,,,
CAL001009,2025-04-04,2025,Term 2,Grade 4,Friday,4,13:00,14:00,Science,,,
CAL001010,2025-04-04,2025,Term 2,Grade 4,Friday,5,14:00,15:00,Humanities,,,
CAL001011,2025-04-04,2025,Term 2,Grade 5,Friday,1,08:45,09:45,Health and Physical Education,,,
CAL001012,2025-04-04,2025,Term 2,Grade 5,Friday,2,09:45,10:45,Mathematics,,,
CAL001013,2025-04-04,2025,Term 2,Grade 5,Friday,3,11:15,12:15,English,,,
CAL001014,2025-04-04,2025,Term 2,Grade 5,Friday,4,13:00,14:00,Science,,,
CAL001015,2025-04-04,2025,Term 2,Grade 5,Friday,5,14:00,15:00,Humanities,,,
CAL001016,2025-04-04,2025,Term 2,Grade 6,Friday,1,08:45,09:45,Design and Technology,,,
CAL001017,2025-04-04,2025,Term 2,Grade 6,Friday,2,09:45,10:45,Mathematics,,,
CAL001018,2025-04-04,2025,Term 2,Grade 6,Friday,3,11:15,12:15,English,,,
CAL001019,2025-04-04,2025,Term 2,Grade 6,Friday,4,13:00,14:00,Science,,,
CAL001020,2025-04-04,2025,Term 2,Grade 6,Friday,5,14:00,15:00,Humanities,,,
CAL001021,2025-04-07,2025,Term 2,Grade 4,Monday,1,08:45,09:45,Mathematics,,,
CAL001022,2025-04-07,2025,Term 2,Grade 4,Monday,2,09:45,10:45,English,,,
CAL001023,2025-04-07,2025,Term 2,Grade 4,Monday,3,11:15,12:15,Science,,,
CAL001024,2025-04-07,2025,Term 2,Grade 4,Monday,4,13:00,14:00,Humanities,,,
CAL001025,2025-04-07,2025,Term 2,Grade 4,Monday,5,14:00,15:00,Arts,,,
CAL001026,2025-04-07,2025,Term 2,Grade 5,Monday,1,08:45,09:45,Mathematics,,,
CAL001027,2025-04-07,2025,Term 2,Grade 5,Monday,2,09:45,10:45,English,,,
CAL001028,2025-04-07,2025,Term 2,Grade 5,Monday,3,11:15,12:15,Science,,,
CAL001029,2025-04-07,2025,Term 2,Grade 5,Monday,4,13:00,14:00,Humanities,,,
CAL001030,2025-04-07,2025,Term 2,Grade 5,Monday,5,14:00,15:00,Health and Physical Education,,,
CAL001031,2025-04-07,2025,Term 2,Grade 6,Monday,1,08:45,09:45,Mathematics,,,
CAL001032,2025-04-07,2025,Term 2,Grade 6,Monday,2,09:45,10:45,English,,,
CAL001033,2025-04-07,2025,Term 2,Grade 6,Monday,3,11:15,12:15,Science,,,
CAL001034,2025-04-07,2025,Term 2,Grade 6,Monday,4,13:00,14:00,Humanities,,,
CAL001035,2025-04-07,2025,Term 2,Grade 6,Monday,5,14:00,15:00,Design and Technology,,,
CAL001036,2025-04-08,2025,Term 2,Grade 4,Tuesday,1,08:45,09:45,English,,,
CAL001037,2025-04-08,2025,Term 2,Grade 4,Tuesday,2,09:45,10:45,Science,,,
CAL001038,2025-04-08,2025,Term 2,Grade 4,Tuesday,3,11:15,12:15,Humanities,,,
CAL001039,2025-04-08,2025,Term 2,Grade 4,Tuesday,4,13:00,14:00,Arts,,,
CAL001040,2025-04-08,2025,Term 2,Grade 4,Tuesday,5,14:00,15:00,Mathematics,,,
CAL001041,2025-04-08,2025,Term 2,Grade 5,Tuesday,1,08:45,09:45,English,,,
CAL001042,2025-04-08,2025,Term 2,Grade 5,Tuesday,2,09:45,10:45,Science,,,
CAL001043,2025-04-08,2025,Term 2,Grade 5,Tuesday,3,11:15,12:15,Humanities,,,
CAL001044,2025-04-08,2025,Term 2,Grade 5,Tuesday,4,13:00,14:00,Health and Physical Education,,,
CAL001045,2025-04-08,2025,Term 2,Grade 5,Tuesday,5,14:00,15:00,Mathematics,,,
CAL001046,2025-04-08,2025,Term 2,Grade 6,Tuesday,1,08:45,09:45,English,,,
CAL001047,2025-04-08,2025,Term 2,Grade 6,Tuesday,2,09:45,10:45,Science,,,
CAL001048,2025-04-08,2025,Term 2,Grade 6,Tuesday,3,11:15,12:15,Humanities,,,
CAL001049,2025-04-08,2025,Term 2,Grade 6,Tuesday,4,13:00,14:00,Design and Technology,,,
CAL001050,2025-04-08,2025,Term 2,Grade 6,Tuesday,5,14:00,15:00,Mathematics,,,
CAL001051,2025-04-09,2025,Term 2,Grade 4,Wednesday,1,08:45,09:45,Science,,,
CAL001052,2025-04-09,2025,Term 2,Grade 4,Wednesday,2,09:45,10:45,Humanities,,,
CAL001053,2025-04-09,2025,Term 2,Grade 4,Wednesday,3,11:15,12:15,Arts,,,
CAL001054,2025-04-09,2025,Term 2,Grade 4,Wednesday,4,13:00,14:00,Mathematics,,,
CAL001055,2025-04-09,2025,Term 2,Grade 4,Wednesday,5,14:00,15:00,English,,,
CAL001056,2025-04-09,2025,Term 2,Grade 5,Wednesday,1,08:45,09:45,Science,,,
CAL001057,2025-04-09,2025,Term 2,Grade 5,Wednesday,2,09:45,10:45,Humanities,,,
CAL001058,2025-04-09,2025,Term 2,Grade 5,Wednesday,3,11:15,12:15,Health and Physical Education,,,
CAL001059,2025-04-09,2025,Term 2,Grade 5,Wednesday,4,13:00,14:00,Mathematics,,,
CAL001060,2025-04-09,2025,Term 2,Grade 5,Wednesday,5,14:00,15:00,English,,,
CAL001061,2025-04-09,2025,Term 2,Grade 6,Wednesday,1,08:45,09:45,Science,,,
CAL001062,2025-04-09,2025,Term 2,Grade 6,Wednesday,2,09:45,10:45,Humanities,,,
CAL001063,2025-04-09,2025,Term 2,Grade 6,Wednesday,3,11:15,12:15,Design and Technology,,,
CAL001064,2025-04-09,2025,Term 2,Grade 6,Wednesday,4,13:00,14:00,Mathematics,,,
CAL001065,2025-04-09,2025,Term 2,Grade 6,Wednesday,5,14:00,15:00,English,,,
CAL001066,2025-04-10,2025,Term 2,Grade 4,Thursday,1,08:45,09:45,Humanities,,,
CAL001067,2025-04-10,2025,Term 2,Grade 4,Thursday,2,09:45,10:45,Arts,,,
CAL001068,2025-04-10,2025,Term 2,Grade 4,Thursday,3,11:15,12:15,Mathematics,,,
CAL001069,2025-04-10,2025,Term 2,Grade 4,Thursday,4,13:00,14:00,English,,,
CAL001070,2025-04-10,2025,Term 2,Grade 4,Thursday,5,14:00,15:00,Science,,,
CAL001071,2025-04-10,2025,Term 2,Grade 5,Thursday,1,08:45,09:45,Humanities,,,
CAL001072,2025-04-10,2025,Term 2,Grade 5,Thursday,2,09:45,10:45,Health and Physical Education,,,
CAL001073,2025-04-10,2025,Term 2,Grade 5,Thursday,3,11:15,12:15,Mathematics,,,
CAL001074,2025-04-10,2025,Term 2,Grade 5,Thursday,4,13:00,14:00,English,,,
CAL001075,2025-04-10,2025,Term 2,Grade 5,Thursday,5,14:00,15:00,Science,,,
CAL001076,2025-04-10,2025,Term 2,Grade 6,Thursday,1,08:45,09:45,Humanities,,,
CAL001077,2025-04-10,2025,Term 2,Grade 6,Thursday,2,09:45,10:45,Design and Technology,,,
CAL001078,2025-04-10,2025,Term 2,Grade 6,Thursday,3,11:15,12:15,Mathematics,,,
CAL001079,2025-04-10,2025,Term 2,Grade 6,Thursday,4,13:00,14:00,English,,,
CAL001080,2025-04-10,2025,Term 2,Grade 6,Thursday,5,14:00,15:00,Science,,,
CAL001081,2025-04-11,2025,Term 2,Grade 4,Friday,1,08:45,09:45,Arts,,,
CAL001082,2025-04-11,2025,Term 2,Grade 4,Friday,2,09:45,10:45,Mathematics,,,
CAL001083,2025-04-11,2025,Term 2,Grade 4,Friday,3,11:15,12:15,English,,,
CAL001084,2025-04-11,2025,Term 2,Grade 4,Friday,4,13:00,14:00,Science,,,
CAL001085,2025-04-11,2025,Term 2,Grade 4,Friday,5,14:00,15:00,Humanities,,,
CAL001086,2025-04-11,2025,Term 2,Grade 5,Friday,1,08:45,09:45,Health and Physical Education,,,
CAL001087,2025-04-11,2025,Term 2,Grade 5,Friday,2,09:45,10:45,Mathematics,,,
CAL001088,2025-04-11,2025,Term 2,Grade 5,Friday,3,11:15,12:15,English,,,
CAL001089,2025-04-11,2025,Term 2,Grade 5,Friday,4,13:00,14:00,Science,,,
CAL001090,2025-04-11,2025,Term 2,Grade 5,Friday,5,14:00,15:00,Humanities,,,
CAL001091,2025-04-11,2025,Term 2,Grade 6,Friday,1,08:45,09:45,Design and Technology,,,
CAL001092,2025-04-11,2025,Term 2,Grade 6,Friday,2,09:45,10:45,Mathematics,,,
CAL001093,2025-04-11,2025,Term 2,Grade 6,Friday,3,11:15,12:15,English,,,
CAL001094,2025-04-11,2025,Term 2,Grade 6,Friday,4,13:00,14:00,Science,,,
CAL001095,2025-04-11,2025,Term 2,Grade 6,Friday,5,14:00,15:00,Humanities,,,
CAL001096,2025-04-14,2025,Term 2,Grade 4,Monday,1,08:45,09:45,Mathematics,,,
CAL001097,2025-04-14,2025,Term 2,Grade 4,Monday,2,09:45,10:45,English,,,
CAL001098,2025-04-14,2025,Term 2,Grade 4,Monday,3,11:15,12:15,Science,,,
CAL001099,2025-04-14,2025,Term 2,Grade 4,Monday,4,13:00,14:00,Humanities,,,
CAL001100,2025-04-14,2025,Term 2,Grade 4,Monday,5,14:00,15:00,Arts,,,
CAL001101,2025-04-14,2025,Term 2,Grade 5,Monday,1,08:45,09:45,Mathematics,,,
CAL001102,2025-04-14,2025,Term 2,Grade 5,Monday,2,09:45,10:45,English,,,
CAL001103,2025-04-14,2025,Term 2,Grade 5,Monday,3,11:15,12:15,Science,,,
CAL001104,2025-04-14,2025,Term 2,Grade 5,Monday,4,13:00,14:00,Humanities,,,
CAL001105,2025-04-14,2025,Term 2,Grade 5,Monday,5,14:00,15:00,Health and Physical Education,,,
CAL001106,2025-04-14,2025,Term 2,Grade 6,Monday,1,08:45,09:45,Mathematics,,,
CAL001107,2025-04-14,2025,Term 2,Grade 6,Monday,2,09:45,10:45,English,,,
CAL001108,2025-04-14,2025,Term 2,Grade 6,Monday,3,11:15,12:15,Science,,,
CAL001109,2025-04-14,2025,Term 2,Grade 6,Monday,4,13:00,14:00,Humanities,,,
CAL001110,2025-04-14,2025,Term 2,Grade 6,Monday,5,14:00,15:00,Design and Technology,,,
CAL001111,2025-04-15,2025,Term 2,Grade 4,Tuesday,1,08:45,09:45,English,,,
CAL001112,2025-04-15,2025,Term 2,Grade 4,Tuesday,2,09:45,10:45,Science,,,
CAL001113,2025-04-15,2025,Term 2,Grade 4,Tuesday,3,11:15,12:15,Humanities,,,
CAL001114,2025-04-15,2025,Term 2,Grade 4,Tuesday,4,13:00,14:00,Arts,,,
CAL001115,2025-04-15,2025,Term 2,Grade 4,Tuesday,5,14:00,15:00,Mathematics,,,
CAL001116,2025-04-15,2025,Term 2,Grade 5,Tuesday,1,08:45,09:45,English,,,
CAL001117,2025-04-15,2025,Term 2,Grade 5,Tuesday,2,09:45,10:45,Science,,,
CAL001118,2025-04-15,2025,Term 2,Grade 5,Tuesday,3,11:15,12:15,Humanities,,,
CAL001119,2025-04-15,2025,Term 2,Grade 5,Tuesday,4,13:00,14:00,Health and Physical Education,,,
CAL001120,2025-04-15,2025,Term 2,Grade 5,Tuesday,5,14:00,15:00,Mathematics,,,
CAL001121,2025-04-15,2025,Term 2,Grade 6,Tuesday,1,08:45,09:45,English,,,
CAL001122,2025-04-15,2025,Term 2,Grade 6,Tuesday,2,09:45,10:45,Science,,,
CAL001123,2025-04-15,2025,Term 2,Grade 6,Tuesday,3,11:15,12:15,Humanities,,,
CAL001124,2025-04-15,2025,Term 2,Grade 6,Tuesday,4,13:00,14:00,Design and Technology,,,
CAL001125,2025-04-15,2025,Term 2,Grade 6,Tuesday,5,14:00,15:00,Mathematics,,,
CAL001126,2025-04-16,2025,Term 2,Grade 4,Wednesday,1,08:45,09:45,Science,,,
CAL001127,2025-04-16,2025,Term 2,Grade 4,Wednesday,2,09:45,10:45,Humanities,,,
CAL001128,2025-04-16,2025,Term 2,Grade 4,Wednesday,3,11:15,12:15,Arts,,,
CAL001129,2025-04-16,2025,Term 2,Grade 4,Wednesday,4,13:00,14:00,Mathematics,,,
CAL001130,2025-04-16,2025,Term 2,Grade 4,Wednesday,5,14:00,15:00,English,,,
CAL001131,2025-04-16,2025,Term 2,Grade 5,Wednesday,1,08:45,09:45,Science,,,
CAL001132,2025-04-16,2025,Term 2,Grade 5,Wednesday,2,09:45,10:45,Humanities,,,
CAL001133,2025-04-16,2025,Term 2,Grade 5,Wednesday,3,11:15,12:15,Health and Physical Education,,,
CAL001134,2025-04-16,2025,Term 2,Grade 5,Wednesday,4,13:00,14:00,Mathematics,,,
CAL001135,2025-04-16,2025,Term 2,Grade 5,Wednesday,5,14:00,15:00,English,,,
CAL001136,2025-04-16,2025,Term 2,Grade 6,Wednesday,1,08:45,09:45,Science,,,
CAL001137,2025-04-16,2025,Term 2,Grade 6,Wednesday,2,09:45,10:45,Humanities,,,
CAL001138,2025-04-16,2025,Term 2,Grade 6,Wednesday,3,11:15,12:15,Design and Technology,,,
CAL001139,2025-04-16,2025,Term 2,Grade 6,Wednesday,4,13:00,14:00,Mathematics,,,
CAL001140,2025-04-16,2025,Term 2,Grade 6,Wednesday,5,14:00,15:00,English,,,
CAL001141,2025-04-17,2025,Term 2,Grade 4,Thursday,1,08:45,09:45,Humanities,,,
CAL001142,2025-04-17,2025,Term 2,Grade 4,Thursday,2,09:45,10:45,Arts,,,
CAL001143,2025-04-17,2025,Term 2,Grade 4,Thursday,3,11:15,12:15,Mathematics,,,
CAL001144,2025-04-17,2025,Term 2,Grade 4,Thursday,4,13:00,14:00,English,,,
CAL001145,2025-04-17,2025,Term 2,Grade 4,Thursday,5,14:00,15:00,Science,,,
CAL001146,2025-04-17,2025,Term 2,Grade 5,Thursday,1,08:45,09:45,Humanities,,,
CAL001147,2025-04-17,2025,Term 2,Grade 5,Thursday,2,09:45,10:45,Health and Physical Education,,,
CAL001148,2025-04-17,2025,Term 2,Grade 5,Thursday,3,11:15,12:15,Mathematics,,,
CAL001149,2025-04-17,2025,Term 2,Grade 5,Thursday,4,13:00,14:00,English,,,
CAL001150,2025-04-17,2025,Term 2,Grade 5,Thursday,5,14:00,15:00,Science,,,
CAL001151,2025-04-17,2025,Term 2,Grade 6,Thursday,1,08:45,09:45,Humanities,,,
CAL001152,2025-04-17,2025,Term 2,Grade 6,Thursday,2,09:45,10:45,Design and Technology,,,
CAL001153,2025-04-17,2025,Term 2,Grade 6,Thursday,3,11:15,12:15,Mathematics,,,
CAL001154,2025-04-17,2025,Term 2,Grade 6,Thursday,4,13:00,14:00,English,,,
CAL001155,2025-04-17,2025,Term 2,Grade 6,Thursday,5,14:00,15:00,Science,,,
CAL001156,2025-04-18,2025,Term 2,Grade 4,Friday,1,08:45,09:45,Arts,,,
CAL001157,2025-04-18,2025,Term 2,Grade 4,Friday,2,09:45,10:45,Mathematics,,,
CAL001158,2025-04-18,2025,Term 2,Grade 4,Friday,3,11:15,12:15,English,,,
CAL001159,2025-04-18,2025,Term 2,Grade 4,Friday,4,13:00,14:00,Science,,,
CAL001160,2025-04-18,2025,Term 2,Grade 4,Friday,5,14:00,15:00,Humanities,,,
CAL001161,2025-04-18,2025,Term 2,Grade 5,Friday,1,08:45,09:45,Health and Physical Education,,,
CAL001162,2025-04-18,2025,Term 2,Grade 5,Friday,2,09:45,10:45,Mathematics,,,
CAL001163,2025-04-18,2025,Term 2,Grade 5,Friday,3,11:15,12:15,English,,,
CAL001164,2025-04-18,2025,Term 2,Grade 5,Friday,4,13:00,14:00,Science,,,
CAL001165,2025-04-18,2025,Term 2,Grade 5,Friday,5,14:00,15:00,Humanities,,,
CAL001166,2025-04-18,2025,Term 2,Grade 6,Friday,1,08:45,09:45,Design and Technology,,,
CAL001167,2025-04-18,2025,Term 2,Grade 6,Friday,2,09:45,10:45,Mathematics,,,
CAL001168,2025-04-18,2025,Term 2,Grade 6,Friday,3,11:15,12:15,English,,,
CAL001169,2025-04-18,2025,Term 2,Grade 6,Friday,4,13:00,14:00,Science,,,
CAL001170,2025-04-18,2025,Term 2,Grade 6,Friday,5,14:00,15:00,Humanities,,,
CAL001171,2025-04-21,2025,Term 2,Grade 4,Monday,1,08:45,09:45,Mathematics,,,
CAL001172,2025-04-21,2025,Term 2,Grade 4,Monday,2,09:45,10:45,English,,,
CAL001173,2025-04-21,2025,Term 2,Grade 4,Monday,3,11:15,12:15,Science,,,
CAL001174,2025-04-21,2025,Term 2,Grade 4,Monday,4,13:00,14:00,Humanities,,,
CAL001175,2025-04-21,2025,Term 2,Grade 4,Monday,5,14:00,15:00,Arts,,,
CAL001176,2025-04-21,2025,Term 2,Grade 5,Monday,1,08:45,09:45,Mathematics,,,
CAL001177,2025-04-21,2025,Term 2,Grade 5,Monday,2,09:45,10:45,English,,,
CAL001178,2025-04-21,2025,Term 2,Grade 5,Monday,3,11:15,12:15,Science,,,
CAL001179,2025-04-21,2025,Term 2,Grade 5,Monday,4,13:00,14:00,Humanities,,,
CAL001180,2025-04-21,2025,Term 2,Grade 5,Monday,5,14:00,15:00,Health and Physical Education,,,
CAL001181,2025-04-21,2025,Term 2,Grade 6,Monday,1,08:45,09:45,Mathematics,,,
CAL001182,2025-04-21,2025,Term 2,Grade 6,Monday,2,09:45,10:45,English,,,
CAL001183,2025-04-21,2025,Term 2,Grade 6,Monday,3,11:15,12:15,Science,,,
CAL001184,2025-04-21,2025,Term 2,Grade 6,Monday,4,13:00,14:00,Humanities,,,
CAL001185,2025-04-21,2025,Term 2,Grade 6,Monday,5,14:00,15:00,Design and Technology,,,
CAL001186,2025-04-22,2025,Term 2,Grade 4,Tuesday,1,08:45,09:45,English,,,
CAL001187,2025-04-22,2025,Term 2,Grade 4,Tuesday,2,09:45,10:45,Science,,,
CAL001188,2025-04-22,2025,Term 2,Grade 4,Tuesday,3,11:15,12:15,Humanities,,,
CAL001189,2025-04-22,2025,Term 2,Grade 4,Tuesday,4,13:00,14:00,Arts,,,
CAL001190,2025-04-22,2025,Term 2,Grade 4,Tuesday,5,14:00,15:00,Mathematics,,,
CAL001191,2025-04-22,2025,Term 2,Grade 5,Tuesday,1,08:45,09:45,English,,,
CAL001192,2025-04-22,2025,Term 2,Grade 5,Tuesday,2,09:45,10:45,Science,,,
CAL001193,2025-04-22,2025,Term 2,Grade 5,Tuesday,3,11:15,12:15,Humanities,,,
CAL001194,2025-04-22,2025,Term 2,Grade 5,Tuesday,4,13:00,14:00,Health and Physical Education,,,
CAL001195,2025-04-22,2025,Term 2,Grade 5,Tuesday,5,14:00,15:00,Mathematics,,,
CAL001196,2025-04-22,2025,Term 2,Grade 6,Tuesday,1,08:45,09:45,English,,,
CAL001197,2025-04-22,2025,Term 2,Grade 6,Tuesday,2,09:45,10:45,Science,,,
CAL001198,2025-04-22,2025,Term 2,Grade 6,Tuesday,3,11:15,12:15,Humanities,,,
CAL001199,2025-04-22,2025,Term 2,Grade 6,Tuesday,4,13:00,14:00,Design and Technology,,,
CAL001200,2025-04-22,2025,Term 2,Grade 6,Tuesday,5,14:00,15:00,Mathematics,,,
CAL001201,2025-04-23,2025,Term 2,Grade 4,Wednesday,1,08:45,09:45,Science,,,
CAL001202,2025-04-23,2025,Term 2,Grade 4,Wednesday,2,09:45,10:45,Humanities,,,
CAL001203,2025-04-23,2025,Term 2,Grade 4,Wednesday,3,11:15,12:15,Arts,,,
CAL001204,2025-04-23,2025,Term 2,Grade 4,Wednesday,4,13:00,14:00,Mathematics,,,
CAL001205,2025-04-23,2025,Term 2,Grade 4,Wednesday,5,14:00,15:00,English,,,
CAL001206,2025-04-23,2025,Term 2,Grade 5,Wednesday,1,08:45,09:45,Science,,,
CAL001207,2025-04-23,2025,Term 2,Grade 5,Wednesday,2,09:45,10:45,Humanities,,,
CAL001208,2025-04-23,2025,Term 2,Grade 5,Wednesday,3,11:15,12:15,Health and Physical Education,,,
CAL001209,2025-04-23,2025,Term 2,Grade 5,Wednesday,4,13:00,14:00,Mathematics,,,
CAL001210,2025-04-23,2025,Term 2,Grade 5,Wednesday,5,14:00,15:00,English,,,
CAL001211,2025-04-23,2025,Term 2,Grade 6,Wednesday,1,08:45,09:45,Science,,,
CAL001212,2025-04-23,2025,Term 2,Grade 6,Wednesday,2,09:45,10:45,Humanities,,,
CAL001213,2025-04-23,2025,Term 2,Grade 6,Wednesday,3,11:15,12:15,Design and Technology,,,
CAL001214,2025-04-23,2025,Term 2,Grade 6,Wednesday,4,13:00,14:00,Mathematics,,,
CAL001215,2025-04-23,2025,Term 2,Grade 6,Wednesday,5,14:00,15:00,English,,,
CAL001216,2025-04-24,2025,Term 2,Grade 4,Thursday,1,08:45,09:45,Humanities,,,
CAL001217,2025-04-24,2025,Term 2,Grade 4,Thursday,2,09:45,10:45,Arts,,,
CAL001218,2025-04-24,2025,Term 2,Grade 4,Thursday,3,11:15,12:15,Mathematics,,,
CAL001219,2025-04-24,2025,Term 2,Grade 4,Thursday,4,13:00,14:00,English,,,
CAL001220,2025-04-24,2025,Term 2,Grade 4,Thursday,5,14:00,15:00,Science,,,
CAL001221,2025-04-24,2025,Term 2,Grade 5,Thursday,1,08:45,09:45,Humanities,,,
CAL001222,2025-04-24,2025,Term 2,Grade 5,Thursday,2,09:45,10:45,Health and Physical Education,,,
CAL001223,2025-04-24,2025,Term 2,Grade 5,Thursday,3,11:15,12:15,Mathematics,,,
CAL001224,2025-04-24,2025,Term 2,Grade 5,Thursday,4,13:00,14:00,English,,,
CAL001225,2025-04-24,2025,Term 2,Grade 5,Thursday,5,14:00,15:00,Science,,,
CAL001226,2025-04-24,2025,Term 2,Grade 6,Thursday,1,08:45,09:45,Humanities,,,
CAL001227,2025-04-24,2025,Term 2,Grade 6,Thursday,2,09:45,10:45,Design and Technology,,,
CAL001228,2025-04-24,2025,Term 2,Grade 6,Thursday,3,11:15,12:15,Mathematics,,,
CAL001229,2025-04-24,2025,Term 2,Grade 6,Thursday,4,13:00,14:00,English,,,
CAL001230,2025-04-24,2025,Term 2,Grade 6,Thursday,5,14:00,15:00,Science,,,
CAL001231,2025-04-25,2025,Term 2,Grade 4,Friday,1,08:45,09:45,Arts,,,
CAL001232,2025-04-25,2025,Term 2,Grade 4,Friday,2,09:45,10:45,Mathematics,,,
CAL001233,2025-04-25,2025,Term 2,Grade 4,Friday,3,11:15,12:15,English,,,
CAL001234,2025-04-25,2025,Term 2,Grade 4,Friday,4,13:00,14:00,Science,,,
CAL001235,2025-04-25,2025,Term 2,Grade 4,Friday,5,14:00,15:00,Humanities,,,
CAL001236,2025-04-25,2025,Term 2,Grade 5,Friday,1,08:45,09:45,Health and Physical Education,,,
CAL001237,2025-04-25,2025,Term 2,Grade 5,Friday,2,09:45,10:45,Mathematics,,,
CAL001238,2025-04-25,2025,Term 2,Grade 5,Friday,3,11:15,12:15,English,,,
CAL001239,2025-04-25,2025,Term 2,Grade 5,Friday,4,13:00,14:00,Science,,,
CAL001240,2025-04-25,2025,Term 2,Grade 5,Friday,5,14:00,15:00,Humanities,,,
CAL001241,2025-04-25,2025,Term 2,Grade 6,Friday,1,08:45,09:45,Design and Technology,,,
CAL001242,2025-04-25,2025,Term 2,Grade 6,Friday,2,09:45,10:45,Mathematics,,,
CAL001243,2025-04-25,2025,Term 2,Grade 6,Friday,3,11:15,12:15,English,,,
CAL001244,2025-04-25,2025,Term 2,Grade 6,Friday,4,13:00,14:00,Science,,,
CAL001245,2025-04-25,2025,Term 2,Grade 6,Friday,5,14:00,15:00,Humanities,,,
CAL001246,2025-04-28,2025,Term 2,Grade 4,Monday,1,08:45,09:45,Mathematics,,,
CAL001247,2025-04-28,2025,Term 2,Grade 4,Monday,2,09:45,10:45,English,,,
CAL001248,2025-04-28,2025,Term 2,Grade 4,Monday,3,11:15,12:15,Science,,,
CAL001249,2025-04-28,2025,Term 2,Grade 4,Monday,4,13:00,14:00,Humanities,,,
CAL001250,2025-04-28,2025,Term 2,Grade 4,Monday,5,14:00,15:00,Arts,,,
CAL001251,2025-04-28,2025,Term 2,Grade 5,Monday,1,08:45,09:45,Mathematics,,,
CAL001252,2025-04-28,2025,Term 2,Grade 5,Monday,2,09:45,10:45,English,,,
CAL001253,2025-04-28,2025,Term 2,Grade 5,Monday,3,11:15,12:15,Science,,,
CAL001254,2025-04-28,2025,Term 2,Grade 5,Monday,4,13:00,14:00,Humanities,,,
CAL001255,2025-04-28,2025,Term 2,Grade 5,Monday,5,14:00,15:00,Health and Physical Education,,,
CAL001256,2025-04-28,2025,Term 2,Grade 6,Monday,1,08:45,09:45,Mathematics,,,
CAL001257,2025-04-28,2025,Term 2,Grade 6,Monday,2,09:45,10:45,English,,,
CAL001258,2025-04-28,2025,Term 2,Grade 6,Monday,3,11:15,12:15,Science,,,
CAL001259,2025-04-28,2025,Term 2,Grade 6,Monday,4,13:00,14:00,Humanities,,,
CAL001260,2025-04-28,2025,Term 2,Grade 6,Monday,5,14:00,15:00,Design and Technology,,,
CAL001261,2025-04-29,2025,Term 2,Grade 4,Tuesday,1,08:45,09:45,English,,,
CAL001262,2025-04-29,2025,Term 2,Grade 4,Tuesday,2,09:45,10:45,Science,,,
CAL001263,2025-04-29,2025,Term 2,Grade 4,Tuesday,3,11:15,12:15,Humanities,,,
CAL001264,2025-04-29,2025,Term 2,Grade 4,Tuesday,4,13:00,14:00,Arts,,,
CAL001265,2025-04-29,2025,Term 2,Grade 4,Tuesday,5,14:00,15:00,Mathematics,,,
CAL001266,2025-04-29,2025,Term 2,Grade 5,Tuesday,1,08:45,09:45,English,,,
CAL001267,2025-04-29,2025,Term 2,Grade 5,Tuesday,2,09:45,10:45,Science,,,
CAL001268,2025-04-29,2025,Term 2,Grade 5,Tuesday,3,11:15,12:15,Humanities,,,
CAL001269,2025-04-29,2025,Term 2,Grade 5,Tuesday,4,13:00,14:00,Health and Physical Education,,,
CAL001270,2025-04-29,2025,Term 2,Grade 5,Tuesday,5,14:00,15:00,Mathematics,,,
CAL001271,2025-04-29,2025,Term 2,Grade 6,Tuesday,1,08:45,09:45,English,,,
CAL001272,2025-04-29,2025,Term 2,Grade 6,Tuesday,2,09:45,10:45,Science,,,
CAL001273,2025-04-29,2025,Term 2,Grade 6,Tuesday,3,11:15,12:15,Humanities,,,
CAL001274,2025-04-29,2025,Term 2,Grade 6,Tuesday,4,13:00,14:00,Design and Technology,,,
CAL001275,2025-04-29,2025,Term 2,Grade 6,Tuesday,5,14:00,15:00,Mathematics,,,
CAL001276,2025-04-30,2025,Term 2,Grade 4,Wednesday,1,08:45,09:45,Science,,,
CAL001277,2025-04-30,2025,Term 2,Grade 4,Wednesday,2,09:45,10:45,Humanities,,,
CAL001278,2025-04-30,2025,Term 2,Grade 4,Wednesday,3,11:15,12:15,Arts,,,
CAL001279,2025-04-30,2025,Term 2,Grade 4,Wednesday,4,13:00,14:00,Mathematics,,,
CAL001280,2025-04-30,2025,Term 2,Grade 4,Wednesday,5,14:00,15:00,English,,,
CAL001281,2025-04-30,2025,Term 2,Grade 5,Wednesday,1,08:45,09:45,Science,,,
CAL001282,2025-04-30,2025,Term 2,Grade 5,Wednesday,2,09:45,10:45,Humanities,,,
CAL001283,2025-04-30,2025,Term 2,Grade 5,Wednesday,3,11:15,12:15,Health and Physical Education,,,
CAL001284,2025-04-30,2025,Term 2,Grade 5,Wednesday,4,13:00,14:00,Mathematics,,,
CAL001285,2025-04-30,2025,Term 2,Grade 5,Wednesday,5,14:00,15:00,English,,,
CAL001286,2025-04-30,2025,Term 2,Grade 6,Wednesday,1,08:45,09:45,Science,,,
CAL001287,2025-04-30,2025,Term 2,Grade 6,Wednesday,2,09:45,10:45,Humanities,,,
CAL001288,2025-04-30,2025,Term 2,Grade 6,Wednesday,3,11:15,12:15,Design and Technology,,,
CAL001289,2025-04-30,2025,Term 2,Grade 6,Wednesday,4,13:00,14:00,Mathematics,,,
CAL001290,2025-04-30,2025,Term 2,Grade 6,Wednesday,5,14:00,15:00,English,,,
CAL001291,2025-05-01,2025,Term 2,Grade 4,Thursday,1,08:45,09:45,Humanities,,,
CAL001292,2025-05-01,2025,Term 2,Grade 4,Thursday,2,09:45,10:45,Arts,,,
CAL001293,2025-05-01,2025,Term 2,Grade 4,Thursday,3,11:15,12:15,Mathematics,,,
CAL001294,2025-05-01,2025,Term 2,Grade 4,Thursday,4,13:00,14:00,English,,,
CAL001295,2025-05-01,2025,Term 2,Grade 4,Thursday,5,14:00,15:00,Science,,,
CAL001296,2025-05-01,2025,Term 2,Grade 5,Thursday,1,08:45,09:45,Humanities,,,
CAL001297,2025-05-01,2025,Term 2,Grade 5,Thursday,2,09:45,10:45,Health and Physical Education,,,
CAL001298,2025-05-01,2025,Term 2,Grade 5,Thursday,3,11:15,12:15,Mathematics,,,
CAL001299,2025-05-01,2025,Term 2,Grade 5,Thursday,4,13:00,14:00,English,,,
CAL001300,2025-05-01,2025,Term 2,Grade 5,Thursday,5,14:00,15:00,Science,,,
CAL001301,2025-05-01,2025,Term 2,Grade 6,Thursday,1,08:45,09:45,Humanities,,,
CAL001302,2025-05-01,2025,Term 2,Grade 6,Thursday,2,09:45,10:45,Design and Technology,,,
CAL001303,2025-05-01,2025,Term 2,Grade 6,Thursday,3,11:15,12:15,Mathematics,,,
CAL001304,2025-05-01,2025,Term 2,Grade 6,Thursday,4,13:00,14:00,English,,,
CAL001305,2025-05-01,2025,Term 2,Grade 6,Thursday,5,14:00,15:00,Science,,,
CAL001306,2025-05-02,2025,Term 2,Grade 4,Friday,1,08:45,09:45,Arts,,,
CAL001307,2025-05-02,2025,Term 2,Grade 4,Friday,2,09:45,10:45,Mathematics,,,
CAL001308,2025-05-02,2025,Term 2,Grade 4,Friday,3,11:15,12:15,English,,,
CAL001309,2025-05-02,2025,Term 2,Grade 4,Friday,4,13:00,14:00,Science,,,
CAL001310,2025-05-02,2025,Term 2,Grade 4,Friday,5,14:00,15:00,Humanities,,,
CAL001311,2025-05-02,2025,Term 2,Grade 5,Friday,1,08:45,09:45,Health and Physical Education,,,
CAL001312,2025-05-02,2025,Term 2,Grade 5,Friday,2,09:45,10:45,Mathematics,,,
CAL001313,2025-05-02,2025,Term 2,Grade 5,Friday,3,11:15,12:15,English,,,
CAL001314,2025-05-02,2025,Term 2,Grade 5,Friday,4,13:00,14:00,Science,,,
CAL001315,2025-05-02,2025,Term 2,Grade 5,Friday,5,14:00,15:00,Humanities,,,
CAL001316,2025-05-02,2025,Term 2,Grade 6,Friday,1,08:45,09:45,Design and Technology,,,
CAL001317,2025-05-02,2025,Term 2,Grade 6,Friday,2,09:45,10:45,Mathematics,,,
CAL001318,2025-05-02,2025,Term 2,Grade 6,Friday,3,11:15,12:15,English,,,
CAL001319,2025-05-02,2025,Term 2,Grade 6,Friday,4,13:00,14:00,Science,,,
CAL001320,2025-05-02,2025,Term 2,Grade 6,Friday,5,14:00,15:00,Humanities,,,
CAL001321,2025-05-05,2025,Term 2,Grade 4,Monday,1,08:45,09:45,Mathematics,Collaborative mathematics challenge,Mathematics Week,Curriculum week
CAL001322,2025-05-05,2025,Term 2,Grade 4,Monday,2,09:45,10:45,English,,Mathematics Week,Curriculum week
CAL001323,2025-05-05,2025,Term 2,Grade 4,Monday,3,11:15,12:15,Science,,Mathematics Week,Curriculum week
CAL001324,2025-05-05,2025,Term 2,Grade 4,Monday,4,13:00,14:00,Humanities,,Mathematics Week,Curriculum week
CAL001325,2025-05-05,2025,Term 2,Grade 4,Monday,5,14:00,15:00,Arts,,Mathematics Week,Curriculum week
CAL001326,2025-05-05,2025,Term 2,Grade 5,Monday,1,08:45,09:45,Mathematics,Collaborative mathematics challenge,Mathematics Week,Curriculum week
CAL001327,2025-05-05,2025,Term 2,Grade 5,Monday,2,09:45,10:45,English,,Mathematics Week,Curriculum week
CAL001328,2025-05-05,2025,Term 2,Grade 5,Monday,3,11:15,12:15,Science,,Mathematics Week,Curriculum week
CAL001329,2025-05-05,2025,Term 2,Grade 5,Monday,4,13:00,14:00,Humanities,,Mathematics Week,Curriculum week
CAL001330,2025-05-05,2025,Term 2,Grade 5,Monday,5,14:00,15:00,Health and Physical Education,,Mathematics Week,Curriculum week
CAL001331,2025-05-05,2025,Term 2,Grade 6,Monday,1,08:45,09:45,Mathematics,Collaborative mathematics challenge,Mathematics Week,Curriculum week
CAL001332,2025-05-05,2025,Term 2,Grade 6,Monday,2,09:45,10:45,English,,Mathematics Week,Curriculum week
CAL001333,2025-05-05,2025,Term 2,Grade 6,Monday,3,11:15,12:15,Science,,Mathematics Week,Curriculum week
CAL001334,2025-05-05,2025,Term 2,Grade 6,Monday,4,13:00,14:00,Humanities,,Mathematics Week,Curriculum week
CAL001335,2025-05-05,2025,Term 2,Grade 6,Monday,5,14:00,15:00,Design and Technology,,Mathematics Week,Curriculum week
CAL001336,2025-05-06,2025,Term 2,Grade 4,Tuesday,1,08:45,09:45,English,,Mathematics Week,Curriculum week
CAL001337,2025-05-06,2025,Term 2,Grade 4,Tuesday,2,09:45,10:45,Science,,Mathematics Week,Curriculum week
CAL001338,2025-05-06,2025,Term 2,Grade 4,Tuesday,3,11:15,12:15,Humanities,,Mathematics Week,Curriculum week
CAL001339,2025-05-06,2025,Term 2,Grade 4,Tuesday,4,13:00,14:00,Arts,,Mathematics Week,Curriculum week
CAL001340,2025-05-06,2025,Term 2,Grade 4,Tuesday,5,14:00,15:00,Mathematics,Collaborative mathematics challenge,Mathematics Week,Curriculum week
CAL001341,2025-05-06,2025,Term 2,Grade 5,Tuesday,1,08:45,09:45,English,,Mathematics Week,Curriculum week
CAL001342,2025-05-06,2025,Term 2,Grade 5,Tuesday,2,09:45,10:45,Science,,Mathematics Week,Curriculum week
CAL001343,2025-05-06,2025,Term 2,Grade 5,Tuesday,3,11:15,12:15,Humanities,,Mathematics Week,Curriculum week
CAL001344,2025-05-06,2025,Term 2,Grade 5,Tuesday,4,13:00,14:00,Health and Physical Education,,Mathematics Week,Curriculum week
CAL001345,2025-05-06,2025,Term 2,Grade 5,Tuesday,5,14:00,15:00,Mathematics,Collaborative mathematics challenge,Mathematics Week,Curriculum week
CAL001346,2025-05-06,2025,Term 2,Grade 6,Tuesday,1,08:45,09:45,English,,Mathematics Week,Curriculum week
CAL001347,2025-05-06,2025,Term 2,Grade 6,Tuesday,2,09:45,10:45,Science,,Mathematics Week,Curriculum week
CAL001348,2025-05-06,2025,Term 2,Grade 6,Tuesday,3,11:15,12:15,Humanities,,Mathematics Week,Curriculum week
CAL001349,2025-05-06,2025,Term 2,Grade 6,Tuesday,4,13:00,14:00,Design and Technology,,Mathematics Week,Curriculum week
CAL001350,2025-05-06,2025,Term 2,Grade 6,Tuesday,5,14:00,15:00,Mathematics,Collaborative mathematics challenge,Mathematics Week,Curriculum week
CAL001351,2025-05-07,2025,Term 2,Grade 4,Wednesday,1,08:45,09:45,Science,,Mathematics Week,Curriculum week
CAL001352,2025-05-07,2025,Term 2,Grade 4,Wednesday,2,09:45,10:45,Humanities,,Mathematics Week,Curriculum week
CAL001353,2025-05-07,2025,Term 2,Grade 4,Wednesday,3,11:15,12:15,Arts,,Mathematics Week,Curriculum week
CAL001354,2025-05-07,2025,Term 2,Grade 4,Wednesday,4,13:00,14:00,Mathematics,Collaborative mathematics challenge,Mathematics Week,Curriculum week
CAL001355,2025-05-07,2025,Term 2,Grade 4,Wednesday,5,14:00,15:00,English,,Mathematics Week,Curriculum week
CAL001356,2025-05-07,2025,Term 2,Grade 5,Wednesday,1,08:45,09:45,Science,,Mathematics Week,Curriculum week
CAL001357,2025-05-07,2025,Term 2,Grade 5,Wednesday,2,09:45,10:45,Humanities,,Mathematics Week,Curriculum week
CAL001358,2025-05-07,2025,Term 2,Grade 5,Wednesday,3,11:15,12:15,Health and Physical Education,,Mathematics Week,Curriculum week
CAL001359,2025-05-07,2025,Term 2,Grade 5,Wednesday,4,13:00,14:00,Mathematics,Collaborative mathematics challenge,Mathematics Week,Curriculum week
CAL001360,2025-05-07,2025,Term 2,Grade 5,Wednesday,5,14:00,15:00,English,,Mathematics Week,Curriculum week
CAL001361,2025-05-07,2025,Term 2,Grade 6,Wednesday,1,08:45,09:45,Science,,Mathematics Week,Curriculum week
CAL001362,2025-05-07,2025,Term 2,Grade 6,Wednesday,2,09:45,10:45,Humanities,,Mathematics Week,Curriculum week
CAL001363,2025-05-07,2025,Term 2,Grade 6,Wednesday,3,11:15,12:15,Design and Technology,,Mathematics Week,Curriculum week
CAL001364,2025-05-07,2025,Term 2,Grade 6,Wednesday,4,13:00,14:00,Mathematics,Collaborative mathematics challenge,Mathematics Week,Curriculum week
CAL001365,2025-05-07,2025,Term 2,Grade 6,Wednesday,5,14:00,15:00,English,,Mathematics Week,Curriculum week
CAL001366,2025-05-08,2025,Term 2,Grade 4,Thursday,1,08:45,09:45,Humanities,,Mathematics Week,Curriculum week
CAL001367,2025-05-08,2025,Term 2,Grade 4,Thursday,2,09:45,10:45,Arts,,Mathematics Week,Curriculum week
CAL001368,2025-05-08,2025,Term 2,Grade 4,Thursday,3,11:15,12:15,Mathematics,Collaborative mathematics challenge,Mathematics Week,Curriculum week
CAL001369,2025-05-08,2025,Term 2,Grade 4,Thursday,4,13:00,14:00,English,,Mathematics Week,Curriculum week
CAL001370,2025-05-08,2025,Term 2,Grade 4,Thursday,5,14:00,15:00,Science,,Mathematics Week,Curriculum week
CAL001371,2025-05-08,2025,Term 2,Grade 5,Thursday,1,08:45,09:45,Humanities,,Mathematics Week,Curriculum week
CAL001372,2025-05-08,2025,Term 2,Grade 5,Thursday,2,09:45,10:45,Health and Physical Education,,Mathematics Week,Curriculum week
CAL001373,2025-05-08,2025,Term 2,Grade 5,Thursday,3,11:15,12:15,Mathematics,Collaborative mathematics challenge,Mathematics Week,Curriculum week
CAL001374,2025-05-08,2025,Term 2,Grade 5,Thursday,4,13:00,14:00,English,,Mathematics Week,Curriculum week
CAL001375,2025-05-08,2025,Term 2,Grade 5,Thursday,5,14:00,15:00,Science,,Mathematics Week,Curriculum week
CAL001376,2025-05-08,2025,Term 2,Grade 6,Thursday,1,08:45,09:45,Humanities,,Mathematics Week,Curriculum week
CAL001377,2025-05-08,2025,Term 2,Grade 6,Thursday,2,09:45,10:45,Design and Technology,,Mathematics Week,Curriculum week
CAL001378,2025-05-08,2025,Term 2,Grade 6,Thursday,3,11:15,12:15,Mathematics,Collaborative mathematics challenge,Mathematics Week,Curriculum week
CAL001379,2025-05-08,2025,Term 2,Grade 6,Thursday,4,13:00,14:00,English,,Mathematics Week,Curriculum week
CAL001380,2025-05-08,2025,Term 2,Grade 6,Thursday,5,14:00,15:00,Science,,Mathematics Week,Curriculum week
CAL001381,2025-05-09,2025,Term 2,Grade 4,Friday,1,08:45,09:45,Arts,,Mathematics Week,Curriculum week
CAL001382,2025-05-09,2025,Term 2,Grade 4,Friday,2,09:45,10:45,Mathematics,Collaborative mathematics challenge,Mathematics Week,Curriculum week
CAL001383,2025-05-09,2025,Term 2,Grade 4,Friday,3,11:15,12:15,English,,Mathematics Week,Curriculum week
CAL001384,2025-05-09,2025,Term 2,Grade 4,Friday,4,13:00,14:00,Science,,Mathematics Week,Curriculum week
CAL001385,2025-05-09,2025,Term 2,Grade 4,Friday,5,14:00,15:00,Humanities,,Mathematics Week,Curriculum week
CAL001386,2025-05-09,2025,Term 2,Grade 5,Friday,1,08:45,09:45,Health and Physical Education,,Mathematics Week,Curriculum week
CAL001387,2025-05-09,2025,Term 2,Grade 5,Friday,2,09:45,10:45,Mathematics,Collaborative mathematics challenge,Mathematics Week,Curriculum week
CAL001388,2025-05-09,2025,Term 2,Grade 5,Friday,3,11:15,12:15,English,,Mathematics Week,Curriculum week
CAL001389,2025-05-09,2025,Term 2,Grade 5,Friday,4,13:00,14:00,Science,,Mathematics Week,Curriculum week
CAL001390,2025-05-09,2025,Term 2,Grade 5,Friday,5,14:00,15:00,Humanities,,Mathematics Week,Curriculum week
CAL001391,2025-05-09,2025,Term 2,Grade 6,Friday,1,08:45,09:45,Design and Technology,,Mathematics Week,Curriculum week
CAL001392,2025-05-09,2025,Term 2,Grade 6,Friday,2,09:45,10:45,Mathematics,Collaborative mathematics challenge,Mathematics Week,Curriculum week
CAL001393,2025-05-09,2025,Term 2,Grade 6,Friday,3,11:15,12:15,English,,Mathematics Week,Curriculum week
CAL001394,2025-05-09,2025,Term 2,Grade 6,Friday,4,13:00,14:00,Science,,Mathematics Week,Curriculum week
CAL001395,2025-05-09,2025,Term 2,Grade 6,Friday,5,14:00,15:00,Humanities,,Mathematics Week,Curriculum week
CAL001396,2025-05-12,2025,Term 2,Grade 4,Monday,1,08:45,09:45,Mathematics,,,
CAL001397,2025-05-12,2025,Term 2,Grade 4,Monday,2,09:45,10:45,English,,,
CAL001398,2025-05-12,2025,Term 2,Grade 4,Monday,3,11:15,12:15,Science,,,
CAL001399,2025-05-12,2025,Term 2,Grade 4,Monday,4,13:00,14:00,Humanities,,,
CAL001400,2025-05-12,2025,Term 2,Grade 4,Monday,5,14:00,15:00,Arts,,,
CAL001401,2025-05-12,2025,Term 2,Grade 5,Monday,1,08:45,09:45,Mathematics,,,
CAL001402,2025-05-12,2025,Term 2,Grade 5,Monday,2,09:45,10:45,English,,,
CAL001403,2025-05-12,2025,Term 2,Grade 5,Monday,3,11:15,12:15,Science,,,
CAL001404,2025-05-12,2025,Term 2,Grade 5,Monday,4,13:00,14:00,Humanities,,,
CAL001405,2025-05-12,2025,Term 2,Grade 5,Monday,5,14:00,15:00,Health and Physical Education,,,
CAL001406,2025-05-12,2025,Term 2,Grade 6,Monday,1,08:45,09:45,Mathematics,,,
CAL001407,2025-05-12,2025,Term 2,Grade 6,Monday,2,09:45,10:45,English,,,
CAL001408,2025-05-12,2025,Term 2,Grade 6,Monday,3,11:15,12:15,Science,,,
CAL001409,2025-05-12,2025,Term 2,Grade 6,Monday,4,13:00,14:00,Humanities,,,
CAL001410,2025-05-12,2025,Term 2,Grade 6,Monday,5,14:00,15:00,Design and Technology,,,
CAL001411,2025-05-13,2025,Term 2,Grade 4,Tuesday,1,08:45,09:45,English,,,
CAL001412,2025-05-13,2025,Term 2,Grade 4,Tuesday,2,09:45,10:45,Science,,,
CAL001413,2025-05-13,2025,Term 2,Grade 4,Tuesday,3,11:15,12:15,Humanities,,,
CAL001414,2025-05-13,2025,Term 2,Grade 4,Tuesday,4,13:00,14:00,Arts,,,
CAL001415,2025-05-13,2025,Term 2,Grade 4,Tuesday,5,14:00,15:00,Mathematics,,,
CAL001416,2025-05-13,2025,Term 2,Grade 5,Tuesday,1,08:45,09:45,English,,,
CAL001417,2025-05-13,2025,Term 2,Grade 5,Tuesday,2,09:45,10:45,Science,,,
CAL001418,2025-05-13,2025,Term 2,Grade 5,Tuesday,3,11:15,12:15,Humanities,,,
CAL001419,2025-05-13,2025,Term 2,Grade 5,Tuesday,4,13:00,14:00,Health and Physical Education,,,
CAL001420,2025-05-13,2025,Term 2,Grade 5,Tuesday,5,14:00,15:00,Mathematics,,,
CAL001421,2025-05-13,2025,Term 2,Grade 6,Tuesday,1,08:45,09:45,English,,,
CAL001422,2025-05-13,2025,Term 2,Grade 6,Tuesday,2,09:45,10:45,Science,,,
CAL001423,2025-05-13,2025,Term 2,Grade 6,Tuesday,3,11:15,12:15,Humanities,,,
CAL001424,2025-05-13,2025,Term 2,Grade 6,Tuesday,4,13:00,14:00,Design and Technology,,,
CAL001425,2025-05-13,2025,Term 2,Grade 6,Tuesday,5,14:00,15:00,Mathematics,,,
CAL001426,2025-05-14,2025,Term 2,Grade 4,Wednesday,1,08:45,09:45,Science,,,
CAL001427,2025-05-14,2025,Term 2,Grade 4,Wednesday,2,09:45,10:45,Humanities,,,
CAL001428,2025-05-14,2025,Term 2,Grade 4,Wednesday,3,11:15,12:15,Arts,,,
CAL001429,2025-05-14,2025,Term 2,Grade 4,Wednesday,4,13:00,14:00,Mathematics,,,
CAL001430,2025-05-14,2025,Term 2,Grade 4,Wednesday,5,14:00,15:00,English,,,
CAL001431,2025-05-14,2025,Term 2,Grade 5,Wednesday,1,08:45,09:45,Science,,,
CAL001432,2025-05-14,2025,Term 2,Grade 5,Wednesday,2,09:45,10:45,Humanities,,,
CAL001433,2025-05-14,2025,Term 2,Grade 5,Wednesday,3,11:15,12:15,Health and Physical Education,,,
CAL001434,2025-05-14,2025,Term 2,Grade 5,Wednesday,4,13:00,14:00,Mathematics,,,
CAL001435,2025-05-14,2025,Term 2,Grade 5,Wednesday,5,14:00,15:00,English,,,
CAL001436,2025-05-14,2025,Term 2,Grade 6,Wednesday,1,08:45,09:45,Science,,,
CAL001437,2025-05-14,2025,Term 2,Grade 6,Wednesday,2,09:45,10:45,Humanities,,,
CAL001438,2025-05-14,2025,Term 2,Grade 6,Wednesday,3,11:15,12:15,Design and Technology,,,
CAL001439,2025-05-14,2025,Term 2,Grade 6,Wednesday,4,13:00,14:00,Mathematics,,,
CAL001440,2025-05-14,2025,Term 2,Grade 6,Wednesday,5,14:00,15:00,English,,,
CAL001441,2025-05-15,2025,Term 2,Grade 4,Thursday,1,08:45,09:45,Humanities,,,
CAL001442,2025-05-15,2025,Term 2,Grade 4,Thursday,2,09:45,10:45,Arts,,,
CAL001443,2025-05-15,2025,Term 2,Grade 4,Thursday,3,11:15,12:15,Mathematics,,,
CAL001444,2025-05-15,2025,Term 2,Grade 4,Thursday,4,13:00,14:00,English,,,
CAL001445,2025-05-15,2025,Term 2,Grade 4,Thursday,5,14:00,15:00,Science,,,
CAL001446,2025-05-15,2025,Term 2,Grade 5,Thursday,1,08:45,09:45,Humanities,,,
CAL001447,2025-05-15,2025,Term 2,Grade 5,Thursday,2,09:45,10:45,Health and Physical Education,,,
CAL001448,2025-05-15,2025,Term 2,Grade 5,Thursday,3,11:15,12:15,Mathematics,,,
CAL001449,2025-05-15,2025,Term 2,Grade 5,Thursday,4,13:00,14:00,English,,,
CAL001450,2025-05-15,2025,Term 2,Grade 5,Thursday,5,14:00,15:00,Science,,,
CAL001451,2025-05-15,2025,Term 2,Grade 6,Thursday,1,08:45,09:45,Humanities,,,
CAL001452,2025-05-15,2025,Term 2,Grade 6,Thursday,2,09:45,10:45,Design and Technology,,,
CAL001453,2025-05-15,2025,Term 2,Grade 6,Thursday,3,11:15,12:15,Mathematics,,,
CAL001454,2025-05-15,2025,Term 2,Grade 6,Thursday,4,13:00,14:00,English,,,
CAL001455,2025-05-15,2025,Term 2,Grade 6,Thursday,5,14:00,15:00,Science,,,
CAL001456,2025-05-16,2025,Term 2,Grade 4,Friday,1,08:45,09:45,Arts,,,
CAL001457,2025-05-16,2025,Term 2,Grade 4,Friday,2,09:45,10:45,Mathematics,,,
CAL001458,2025-05-16,2025,Term 2,Grade 4,Friday,3,11:15,12:15,English,,,
CAL001459,2025-05-16,2025,Term 2,Grade 4,Friday,4,13:00,14:00,Science,,,
CAL001460,2025-05-16,2025,Term 2,Grade 4,Friday,5,14:00,15:00,Humanities,,,
CAL001461,2025-05-16,2025,Term 2,Grade 5,Friday,1,08:45,09:45,Health and Physical Education,,,
CAL001462,2025-05-16,2025,Term 2,Grade 5,Friday,2,09:45,10:45,Mathematics,,,
CAL001463,2025-05-16,2025,Term 2,Grade 5,Friday,3,11:15,12:15,English,,,
CAL001464,2025-05-16,2025,Term 2,Grade 5,Friday,4,13:00,14:00,Science,,,
CAL001465,2025-05-16,2025,Term 2,Grade 5,Friday,5,14:00,15:00,Humanities,,,
CAL001466,2025-05-16,2025,Term 2,Grade 6,Friday,1,08:45,09:45,Design and Technology,,,
CAL001467,2025-05-16,2025,Term 2,Grade 6,Friday,2,09:45,10:45,Mathematics,,,
CAL001468,2025-05-16,2025,Term 2,Grade 6,Friday,3,11:15,12:15,English,,,
CAL001469,2025-05-16,2025,Term 2,Grade 6,Friday,4,13:00,14:00,Science,,,
CAL001470,2025-05-16,2025,Term 2,Grade 6,Friday,5,14:00,15:00,Humanities,,,
CAL001471,2025-05-19,2025,Term 2,Grade 4,Monday,1,08:45,09:45,Mathematics,,,
CAL001472,2025-05-19,2025,Term 2,Grade 4,Monday,2,09:45,10:45,English,,,
CAL001473,2025-05-19,2025,Term 2,Grade 4,Monday,3,11:15,12:15,Science,,,
CAL001474,2025-05-19,2025,Term 2,Grade 4,Monday,4,13:00,14:00,Humanities,,,
CAL001475,2025-05-19,2025,Term 2,Grade 4,Monday,5,14:00,15:00,Arts,,,
CAL001476,2025-05-19,2025,Term 2,Grade 5,Monday,1,08:45,09:45,Mathematics,,,
CAL001477,2025-05-19,2025,Term 2,Grade 5,Monday,2,09:45,10:45,English,,,
CAL001478,2025-05-19,2025,Term 2,Grade 5,Monday,3,11:15,12:15,Science,,,
CAL001479,2025-05-19,2025,Term 2,Grade 5,Monday,4,13:00,14:00,Humanities,,,
CAL001480,2025-05-19,2025,Term 2,Grade 5,Monday,5,14:00,15:00,Health and Physical Education,,,
CAL001481,2025-05-19,2025,Term 2,Grade 6,Monday,1,08:45,09:45,Mathematics,,,
CAL001482,2025-05-19,2025,Term 2,Grade 6,Monday,2,09:45,10:45,English,,,
CAL001483,2025-05-19,2025,Term 2,Grade 6,Monday,3,11:15,12:15,Science,,,
CAL001484,2025-05-19,2025,Term 2,Grade 6,Monday,4,13:00,14:00,Humanities,,,
CAL001485,2025-05-19,2025,Term 2,Grade 6,Monday,5,14:00,15:00,Design and Technology,,,
CAL001486,2025-05-20,2025,Term 2,Grade 4,Tuesday,1,08:45,09:45,English,,,
CAL001487,2025-05-20,2025,Term 2,Grade 4,Tuesday,2,09:45,10:45,Science,,,
CAL001488,2025-05-20,2025,Term 2,Grade 4,Tuesday,3,11:15,12:15,Humanities,,,
CAL001489,2025-05-20,2025,Term 2,Grade 4,Tuesday,4,13:00,14:00,Arts,,,
CAL001490,2025-05-20,2025,Term 2,Grade 4,Tuesday,5,14:00,15:00,Mathematics,,,
CAL001491,2025-05-20,2025,Term 2,Grade 5,Tuesday,1,08:45,09:45,English,,,
CAL001492,2025-05-20,2025,Term 2,Grade 5,Tuesday,2,09:45,10:45,Science,,,
CAL001493,2025-05-20,2025,Term 2,Grade 5,Tuesday,3,11:15,12:15,Humanities,,,
CAL001494,2025-05-20,2025,Term 2,Grade 5,Tuesday,4,13:00,14:00,Health and Physical Education,,,
CAL001495,2025-05-20,2025,Term 2,Grade 5,Tuesday,5,14:00,15:00,Mathematics,,,
CAL001496,2025-05-20,2025,Term 2,Grade 6,Tuesday,1,08:45,09:45,English,,,
CAL001497,2025-05-20,2025,Term 2,Grade 6,Tuesday,2,09:45,10:45,Science,,,
CAL001498,2025-05-20,2025,Term 2,Grade 6,Tuesday,3,11:15,12:15,Humanities,,,
CAL001499,2025-05-20,2025,Term 2,Grade 6,Tuesday,4,13:00,14:00,Design and Technology,,,
CAL001500,2025-05-20,2025,Term 2,Grade 6,Tuesday,5,14:00,15:00,Mathematics,,,
CAL001501,2025-05-21,2025,Term 2,Grade 4,Wednesday,1,08:45,09:45,Science,,,
CAL001502,2025-05-21,2025,Term 2,Grade 4,Wednesday,2,09:45,10:45,Humanities,,,
CAL001503,2025-05-21,2025,Term 2,Grade 4,Wednesday,3,11:15,12:15,Arts,,,
CAL001504,2025-05-21,2025,Term 2,Grade 4,Wednesday,4,13:00,14:00,Mathematics,,,
CAL001505,2025-05-21,2025,Term 2,Grade 4,Wednesday,5,14:00,15:00,English,,,
CAL001506,2025-05-21,2025,Term 2,Grade 5,Wednesday,1,08:45,09:45,Science,,,
CAL001507,2025-05-21,2025,Term 2,Grade 5,Wednesday,2,09:45,10:45,Humanities,,,
CAL001508,2025-05-21,2025,Term 2,Grade 5,Wednesday,3,11:15,12:15,Health and Physical Education,,,
CAL001509,2025-05-21,2025,Term 2,Grade 5,Wednesday,4,13:00,14:00,Mathematics,,,
CAL001510,2025-05-21,2025,Term 2,Grade 5,Wednesday,5,14:00,15:00,English,,,
CAL001511,2025-05-21,2025,Term 2,Grade 6,Wednesday,1,08:45,09:45,Science,,,
CAL001512,2025-05-21,2025,Term 2,Grade 6,Wednesday,2,09:45,10:45,Humanities,,,
CAL001513,2025-05-21,2025,Term 2,Grade 6,Wednesday,3,11:15,12:15,Design and Technology,,,
CAL001514,2025-05-21,2025,Term 2,Grade 6,Wednesday,4,13:00,14:00,Mathematics,,,
CAL001515,2025-05-21,2025,Term 2,Grade 6,Wednesday,5,14:00,15:00,English,,,
CAL001516,2025-05-22,2025,Term 2,Grade 4,Thursday,1,08:45,09:45,Humanities,,,
CAL001517,2025-05-22,2025,Term 2,Grade 4,Thursday,2,09:45,10:45,Arts,,,
CAL001518,2025-05-22,2025,Term 2,Grade 4,Thursday,3,11:15,12:15,Mathematics,,,
CAL001519,2025-05-22,2025,Term 2,Grade 4,Thursday,4,13:00,14:00,English,,,
CAL001520,2025-05-22,2025,Term 2,Grade 4,Thursday,5,14:00,15:00,Science,,,
CAL001521,2025-05-22,2025,Term 2,Grade 5,Thursday,1,08:45,09:45,Humanities,,,
CAL001522,2025-05-22,2025,Term 2,Grade 5,Thursday,2,09:45,10:45,Health and Physical Education,,,
CAL001523,2025-05-22,2025,Term 2,Grade 5,Thursday,3,11:15,12:15,Mathematics,,,
CAL001524,2025-05-22,2025,Term 2,Grade 5,Thursday,4,13:00,14:00,English,,,
CAL001525,2025-05-22,2025,Term 2,Grade 5,Thursday,5,14:00,15:00,Science,,,
CAL001526,2025-05-22,2025,Term 2,Grade 6,Thursday,1,08:45,09:45,Humanities,,,
CAL001527,2025-05-22,2025,Term 2,Grade 6,Thursday,2,09:45,10:45,Design and Technology,,,
CAL001528,2025-05-22,2025,Term 2,Grade 6,Thursday,3,11:15,12:15,Mathematics,,,
CAL001529,2025-05-22,2025,Term 2,Grade 6,Thursday,4,13:00,14:00,English,,,
CAL001530,2025-05-22,2025,Term 2,Grade 6,Thursday,5,14:00,15:00,Science,,,
CAL001531,2025-05-23,2025,Term 2,Grade 4,Friday,1,08:45,09:45,Arts,,,
CAL001532,2025-05-23,2025,Term 2,Grade 4,Friday,2,09:45,10:45,Mathematics,,,
CAL001533,2025-05-23,2025,Term 2,Grade 4,Friday,3,11:15,12:15,English,,,
CAL001534,2025-05-23,2025,Term 2,Grade 4,Friday,4,13:00,14:00,Science,,,
CAL001535,2025-05-23,2025,Term 2,Grade 4,Friday,5,14:00,15:00,Humanities,,,
CAL001536,2025-05-23,2025,Term 2,Grade 5,Friday,1,08:45,09:45,Health and Physical Education,,,
CAL001537,2025-05-23,2025,Term 2,Grade 5,Friday,2,09:45,10:45,Mathematics,,,
CAL001538,2025-05-23,2025,Term 2,Grade 5,Friday,3,11:15,12:15,English,,,
CAL001539,2025-05-23,2025,Term 2,Grade 5,Friday,4,13:00,14:00,Science,,,
CAL001540,2025-05-23,2025,Term 2,Grade 5,Friday,5,14:00,15:00,Humanities,,,
CAL001541,2025-05-23,2025,Term 2,Grade 6,Friday,1,08:45,09:45,Design and Technology,,,
CAL001542,2025-05-23,2025,Term 2,Grade 6,Friday,2,09:45,10:45,Mathematics,,,
CAL001543,2025-05-23,2025,Term 2,Grade 6,Friday,3,11:15,12:15,English,,,
CAL001544,2025-05-23,2025,Term 2,Grade 6,Friday,4,13:00,14:00,Science,,,
CAL001545,2025-05-23,2025,Term 2,Grade 6,Friday,5,14:00,15:00,Humanities,,,
CAL001546,2025-05-26,2025,Term 2,Grade 4,Monday,1,08:45,09:45,Mathematics,,,
CAL001547,2025-05-26,2025,Term 2,Grade 4,Monday,2,09:45,10:45,English,,,
CAL001548,2025-05-26,2025,Term 2,Grade 4,Monday,3,11:15,12:15,Science,,,
CAL001549,2025-05-26,2025,Term 2,Grade 4,Monday,4,13:00,14:00,Humanities,,,
CAL001550,2025-05-26,2025,Term 2,Grade 4,Monday,5,14:00,15:00,Arts,,,
CAL001551,2025-05-26,2025,Term 2,Grade 5,Monday,1,08:45,09:45,Mathematics,,,
CAL001552,2025-05-26,2025,Term 2,Grade 5,Monday,2,09:45,10:45,English,,,
CAL001553,2025-05-26,2025,Term 2,Grade 5,Monday,3,11:15,12:15,Science,,,
CAL001554,2025-05-26,2025,Term 2,Grade 5,Monday,4,13:00,14:00,Humanities,,,
CAL001555,2025-05-26,2025,Term 2,Grade 5,Monday,5,14:00,15:00,Health and Physical Education,,,
CAL001556,2025-05-26,2025,Term 2,Grade 6,Monday,1,08:45,09:45,Mathematics,,,
CAL001557,2025-05-26,2025,Term 2,Grade 6,Monday,2,09:45,10:45,English,,,
CAL001558,2025-05-26,2025,Term 2,Grade 6,Monday,3,11:15,12:15,Science,,,
CAL001559,2025-05-26,2025,Term 2,Grade 6,Monday,4,13:00,14:00,Humanities,,,
CAL001560,2025-05-26,2025,Term 2,Grade 6,Monday,5,14:00,15:00,Design and Technology,,,
CAL001561,2025-05-27,2025,Term 2,Grade 4,Tuesday,1,08:45,09:45,English,,,
CAL001562,2025-05-27,2025,Term 2,Grade 4,Tuesday,2,09:45,10:45,Science,,,
CAL001563,2025-05-27,2025,Term 2,Grade 4,Tuesday,3,11:15,12:15,Humanities,,,
CAL001564,2025-05-27,2025,Term 2,Grade 4,Tuesday,4,13:00,14:00,Arts,,,
CAL001565,2025-05-27,2025,Term 2,Grade 4,Tuesday,5,14:00,15:00,Mathematics,,,
CAL001566,2025-05-27,2025,Term 2,Grade 5,Tuesday,1,08:45,09:45,English,,,
CAL001567,2025-05-27,2025,Term 2,Grade 5,Tuesday,2,09:45,10:45,Science,,,
CAL001568,2025-05-27,2025,Term 2,Grade 5,Tuesday,3,11:15,12:15,Humanities,,,
CAL001569,2025-05-27,2025,Term 2,Grade 5,Tuesday,4,13:00,14:00,Health and Physical Education,,,
CAL001570,2025-05-27,2025,Term 2,Grade 5,Tuesday,5,14:00,15:00,Mathematics,,,
CAL001571,2025-05-27,2025,Term 2,Grade 6,Tuesday,1,08:45,09:45,English,,,
CAL001572,2025-05-27,2025,Term 2,Grade 6,Tuesday,2,09:45,10:45,Science,,,
CAL001573,2025-05-27,2025,Term 2,Grade 6,Tuesday,3,11:15,12:15,Humanities,,,
CAL001574,2025-05-27,2025,Term 2,Grade 6,Tuesday,4,13:00,14:00,Design and Technology,,,
CAL001575,2025-05-27,2025,Term 2,Grade 6,Tuesday,5,14:00,15:00,Mathematics,,,
CAL001576,2025-05-28,2025,Term 2,Grade 4,Wednesday,1,08:45,09:45,Science,,,
CAL001577,2025-05-28,2025,Term 2,Grade 4,Wednesday,2,09:45,10:45,Humanities,,,
CAL001578,2025-05-28,2025,Term 2,Grade 4,Wednesday,3,11:15,12:15,Arts,,,
CAL001579,2025-05-28,2025,Term 2,Grade 4,Wednesday,4,13:00,14:00,Mathematics,,,
CAL001580,2025-05-28,2025,Term 2,Grade 4,Wednesday,5,14:00,15:00,English,,,
CAL001581,2025-05-28,2025,Term 2,Grade 5,Wednesday,1,08:45,09:45,Science,,,
CAL001582,2025-05-28,2025,Term 2,Grade 5,Wednesday,2,09:45,10:45,Humanities,,,
CAL001583,2025-05-28,2025,Term 2,Grade 5,Wednesday,3,11:15,12:15,Health and Physical Education,,,
CAL001584,2025-05-28,2025,Term 2,Grade 5,Wednesday,4,13:00,14:00,Mathematics,,,
CAL001585,2025-05-28,2025,Term 2,Grade 5,Wednesday,5,14:00,15:00,English,,,
CAL001586,2025-05-28,2025,Term 2,Grade 6,Wednesday,1,08:45,09:45,Science,,,
CAL001587,2025-05-28,2025,Term 2,Grade 6,Wednesday,2,09:45,10:45,Humanities,,,
CAL001588,2025-05-28,2025,Term 2,Grade 6,Wednesday,3,11:15,12:15,Design and Technology,,,
CAL001589,2025-05-28,2025,Term 2,Grade 6,Wednesday,4,13:00,14:00,Mathematics,,,
CAL001590,2025-05-28,2025,Term 2,Grade 6,Wednesday,5,14:00,15:00,English,,,
CAL001591,2025-05-29,2025,Term 2,Grade 4,Thursday,1,08:45,09:45,Humanities,,,
CAL001592,2025-05-29,2025,Term 2,Grade 4,Thursday,2,09:45,10:45,Arts,,,
CAL001593,2025-05-29,2025,Term 2,Grade 4,Thursday,3,11:15,12:15,Mathematics,,,
CAL001594,2025-05-29,2025,Term 2,Grade 4,Thursday,4,13:00,14:00,English,,,
CAL001595,2025-05-29,2025,Term 2,Grade 4,Thursday,5,14:00,15:00,Science,,,
CAL001596,2025-05-29,2025,Term 2,Grade 5,Thursday,1,08:45,09:45,Humanities,,,
CAL001597,2025-05-29,2025,Term 2,Grade 5,Thursday,2,09:45,10:45,Health and Physical Education,,,
CAL001598,2025-05-29,2025,Term 2,Grade 5,Thursday,3,11:15,12:15,Mathematics,,,
CAL001599,2025-05-29,2025,Term 2,Grade 5,Thursday,4,13:00,14:00,English,,,
CAL001600,2025-05-29,2025,Term 2,Grade 5,Thursday,5,14:00,15:00,Science,,,
CAL001601,2025-05-29,2025,Term 2,Grade 6,Thursday,1,08:45,09:45,Humanities,,,
CAL001602,2025-05-29,2025,Term 2,Grade 6,Thursday,2,09:45,10:45,Design and Technology,,,
CAL001603,2025-05-29,2025,Term 2,Grade 6,Thursday,3,11:15,12:15,Mathematics,,,
CAL001604,2025-05-29,2025,Term 2,Grade 6,Thursday,4,13:00,14:00,English,,,
CAL001605,2025-05-29,2025,Term 2,Grade 6,Thursday,5,14:00,15:00,Science,,,
CAL001606,2025-05-30,2025,Term 2,Grade 4,Friday,1,08:45,09:45,Arts,,,
CAL001607,2025-05-30,2025,Term 2,Grade 4,Friday,2,09:45,10:45,Mathematics,,,
CAL001608,2025-05-30,2025,Term 2,Grade 4,Friday,3,11:15,12:15,English,,,
CAL001609,2025-05-30,2025,Term 2,Grade 4,Friday,4,13:00,14:00,Science,,,
CAL001610,2025-05-30,2025,Term 2,Grade 4,Friday,5,14:00,15:00,Humanities,,,
CAL001611,2025-05-30,2025,Term 2,Grade 5,Friday,1,08:45,09:45,Health and Physical Education,,,
CAL001612,2025-05-30,2025,Term 2,Grade 5,Friday,2,09:45,10:45,Mathematics,,,
CAL001613,2025-05-30,2025,Term 2,Grade 5,Friday,3,11:15,12:15,English,,,
CAL001614,2025-05-30,2025,Term 2,Grade 5,Friday,4,13:00,14:00,Science,,,
CAL001615,2025-05-30,2025,Term 2,Grade 5,Friday,5,14:00,15:00,Humanities,,,
CAL001616,2025-05-30,2025,Term 2,Grade 6,Friday,1,08:45,09:45,Design and Technology,,,
CAL001617,2025-05-30,2025,Term 2,Grade 6,Friday,2,09:45,10:45,Mathematics,,,
CAL001618,2025-05-30,2025,Term 2,Grade 6,Friday,3,11:15,12:15,English,,,
CAL001619,2025-05-30,2025,Term 2,Grade 6,Friday,4,13:00,14:00,Science,,,
CAL001620,2025-05-30,2025,Term 2,Grade 6,Friday,5,14:00,15:00,Humanities,,,
CAL001621,2025-06-02,2025,Term 2,Grade 4,Monday,1,08:45,09:45,Mathematics,,,
CAL001622,2025-06-02,2025,Term 2,Grade 4,Monday,2,09:45,10:45,English,,,
CAL001623,2025-06-02,2025,Term 2,Grade 4,Monday,3,11:15,12:15,Science,,,
CAL001624,2025-06-02,2025,Term 2,Grade 4,Monday,4,13:00,14:00,Humanities,,,
CAL001625,2025-06-02,2025,Term 2,Grade 4,Monday,5,14:00,15:00,Arts,,,
CAL001626,2025-06-02,2025,Term 2,Grade 5,Monday,1,08:45,09:45,Mathematics,,,
CAL001627,2025-06-02,2025,Term 2,Grade 5,Monday,2,09:45,10:45,English,,,
CAL001628,2025-06-02,2025,Term 2,Grade 5,Monday,3,11:15,12:15,Science,,,
CAL001629,2025-06-02,2025,Term 2,Grade 5,Monday,4,13:00,14:00,Humanities,,,
CAL001630,2025-06-02,2025,Term 2,Grade 5,Monday,5,14:00,15:00,Health and Physical Education,,,
CAL001631,2025-06-02,2025,Term 2,Grade 6,Monday,1,08:45,09:45,Mathematics,,,
CAL001632,2025-06-02,2025,Term 2,Grade 6,Monday,2,09:45,10:45,English,,,
CAL001633,2025-06-02,2025,Term 2,Grade 6,Monday,3,11:15,12:15,Science,,,
CAL001634,2025-06-02,2025,Term 2,Grade 6,Monday,4,13:00,14:00,Humanities,,,
CAL001635,2025-06-02,2025,Term 2,Grade 6,Monday,5,14:00,15:00,Design and Technology,,,
CAL001636,2025-06-03,2025,Term 2,Grade 4,Tuesday,1,08:45,09:45,English,,,
CAL001637,2025-06-03,2025,Term 2,Grade 4,Tuesday,2,09:45,10:45,Science,,,
CAL001638,2025-06-03,2025,Term 2,Grade 4,Tuesday,3,11:15,12:15,Humanities,,,
CAL001639,2025-06-03,2025,Term 2,Grade 4,Tuesday,4,13:00,14:00,Arts,,,
CAL001640,2025-06-03,2025,Term 2,Grade 4,Tuesday,5,14:00,15:00,Mathematics,,,
CAL001641,2025-06-03,2025,Term 2,Grade 5,Tuesday,1,08:45,09:45,English,,,
CAL001642,2025-06-03,2025,Term 2,Grade 5,Tuesday,2,09:45,10:45,Science,,,
CAL001643,2025-06-03,2025,Term 2,Grade 5,Tuesday,3,11:15,12:15,Humanities,,,
CAL001644,2025-06-03,2025,Term 2,Grade 5,Tuesday,4,13:00,14:00,Health and Physical Education,,,
CAL001645,2025-06-03,2025,Term 2,Grade 5,Tuesday,5,14:00,15:00,Mathematics,,,
CAL001646,2025-06-03,2025,Term 2,Grade 6,Tuesday,1,08:45,09:45,English,,,
CAL001647,2025-06-03,2025,Term 2,Grade 6,Tuesday,2,09:45,10:45,Science,,,
CAL001648,2025-06-03,2025,Term 2,Grade 6,Tuesday,3,11:15,12:15,Humanities,,,
CAL001649,2025-06-03,2025,Term 2,Grade 6,Tuesday,4,13:00,14:00,Design and Technology,,,
CAL001650,2025-06-03,2025,Term 2,Grade 6,Tuesday,5,14:00,15:00,Mathematics,,,
CAL001651,2025-06-04,2025,Term 2,Grade 4,Wednesday,1,08:45,09:45,Science,,,
CAL001652,2025-06-04,2025,Term 2,Grade 4,Wednesday,2,09:45,10:45,Humanities,,,
CAL001653,2025-06-04,2025,Term 2,Grade 4,Wednesday,3,11:15,12:15,Arts,,,
CAL001654,2025-06-04,2025,Term 2,Grade 4,Wednesday,4,13:00,14:00,Mathematics,,,
CAL001655,2025-06-04,2025,Term 2,Grade 4,Wednesday,5,14:00,15:00,English,,,
CAL001656,2025-06-04,2025,Term 2,Grade 5,Wednesday,1,08:45,09:45,Science,,,
CAL001657,2025-06-04,2025,Term 2,Grade 5,Wednesday,2,09:45,10:45,Humanities,,,
CAL001658,2025-06-04,2025,Term 2,Grade 5,Wednesday,3,11:15,12:15,Health and Physical Education,,,
CAL001659,2025-06-04,2025,Term 2,Grade 5,Wednesday,4,13:00,14:00,Mathematics,,,
CAL001660,2025-06-04,2025,Term 2,Grade 5,Wednesday,5,14:00,15:00,English,,,
CAL001661,2025-06-04,2025,Term 2,Grade 6,Wednesday,1,08:45,09:45,Science,,,
CAL001662,2025-06-04,2025,Term 2,Grade 6,Wednesday,2,09:45,10:45,Humanities,,,
CAL001663,2025-06-04,2025,Term 2,Grade 6,Wednesday,3,11:15,12:15,Design and Technology,,,
CAL001664,2025-06-04,2025,Term 2,Grade 6,Wednesday,4,13:00,14:00,Mathematics,,,
CAL001665,2025-06-04,2025,Term 2,Grade 6,Wednesday,5,14:00,15:00,English,,,
CAL001666,2025-06-05,2025,Term 2,Grade 4,Thursday,1,08:45,09:45,Humanities,,,
CAL001667,2025-06-05,2025,Term 2,Grade 4,Thursday,2,09:45,10:45,Arts,,,
CAL001668,2025-06-05,2025,Term 2,Grade 4,Thursday,3,11:15,12:15,Mathematics,,,
CAL001669,2025-06-05,2025,Term 2,Grade 4,Thursday,4,13:00,14:00,English,,,
CAL001670,2025-06-05,2025,Term 2,Grade 4,Thursday,5,14:00,15:00,Science,,,
CAL001671,2025-06-05,2025,Term 2,Grade 5,Thursday,1,08:45,09:45,Humanities,,,
CAL001672,2025-06-05,2025,Term 2,Grade 5,Thursday,2,09:45,10:45,Health and Physical Education,,,
CAL001673,2025-06-05,2025,Term 2,Grade 5,Thursday,3,11:15,12:15,Mathematics,,,
CAL001674,2025-06-05,2025,Term 2,Grade 5,Thursday,4,13:00,14:00,English,,,
CAL001675,2025-06-05,2025,Term 2,Grade 5,Thursday,5,14:00,15:00,Science,,,
CAL001676,2025-06-05,2025,Term 2,Grade 6,Thursday,1,08:45,09:45,Humanities,,,
CAL001677,2025-06-05,2025,Term 2,Grade 6,Thursday,2,09:45,10:45,Design and Technology,,,
CAL001678,2025-06-05,2025,Term 2,Grade 6,Thursday,3,11:15,12:15,Mathematics,,,
CAL001679,2025-06-05,2025,Term 2,Grade 6,Thursday,4,13:00,14:00,English,,,
CAL001680,2025-06-05,2025,Term 2,Grade 6,Thursday,5,14:00,15:00,Science,,,
CAL001681,2025-06-06,2025,Term 2,Grade 4,Friday,1,08:45,09:45,Arts,,,
CAL001682,2025-06-06,2025,Term 2,Grade 4,Friday,2,09:45,10:45,Mathematics,,,
CAL001683,2025-06-06,2025,Term 2,Grade 4,Friday,3,11:15,12:15,English,,,
CAL001684,2025-06-06,2025,Term 2,Grade 4,Friday,4,13:00,14:00,Science,,,
CAL001685,2025-06-06,2025,Term 2,Grade 4,Friday,5,14:00,15:00,Humanities,,,
CAL001686,2025-06-06,2025,Term 2,Grade 5,Friday,1,08:45,09:45,Health and Physical Education,,,
CAL001687,2025-06-06,2025,Term 2,Grade 5,Friday,2,09:45,10:45,Mathematics,,,
CAL001688,2025-06-06,2025,Term 2,Grade 5,Friday,3,11:15,12:15,English,,,
CAL001689,2025-06-06,2025,Term 2,Grade 5,Friday,4,13:00,14:00,Science,,,
CAL001690,2025-06-06,2025,Term 2,Grade 5,Friday,5,14:00,15:00,Humanities,,,
CAL001691,2025-06-06,2025,Term 2,Grade 6,Friday,1,08:45,09:45,Design and Technology,,,
CAL001692,2025-06-06,2025,Term 2,Grade 6,Friday,2,09:45,10:45,Mathematics,,,
CAL001693,2025-06-06,2025,Term 2,Grade 6,Friday,3,11:15,12:15,English,,,
CAL001694,2025-06-06,2025,Term 2,Grade 6,Friday,4,13:00,14:00,Science,,,
CAL001695,2025-06-06,2025,Term 2,Grade 6,Friday,5,14:00,15:00,Humanities,,,
CAL001696,2025-06-09,2025,Term 2,Grade 4,Monday,1,08:45,09:45,Mathematics,,,
CAL001697,2025-06-09,2025,Term 2,Grade 4,Monday,2,09:45,10:45,English,,,
CAL001698,2025-06-09,2025,Term 2,Grade 4,Monday,3,11:15,12:15,Science,,,
CAL001699,2025-06-09,2025,Term 2,Grade 4,Monday,4,13:00,14:00,Humanities,,,
CAL001700,2025-06-09,2025,Term 2,Grade 4,Monday,5,14:00,15:00,Arts,,,
CAL001701,2025-06-09,2025,Term 2,Grade 5,Monday,1,08:45,09:45,Mathematics,,,
CAL001702,2025-06-09,2025,Term 2,Grade 5,Monday,2,09:45,10:45,English,,,
CAL001703,2025-06-09,2025,Term 2,Grade 5,Monday,3,11:15,12:15,Science,,,
CAL001704,2025-06-09,2025,Term 2,Grade 5,Monday,4,13:00,14:00,Humanities,,,
CAL001705,2025-06-09,2025,Term 2,Grade 5,Monday,5,14:00,15:00,Health and Physical Education,,,
CAL001706,2025-06-09,2025,Term 2,Grade 6,Monday,1,08:45,09:45,Mathematics,,,
CAL001707,2025-06-09,2025,Term 2,Grade 6,Monday,2,09:45,10:45,English,,,
CAL001708,2025-06-09,2025,Term 2,Grade 6,Monday,3,11:15,12:15,Science,,,
CAL001709,2025-06-09,2025,Term 2,Grade 6,Monday,4,13:00,14:00,Humanities,,,
CAL001710,2025-06-09,2025,Term 2,Grade 6,Monday,5,14:00,15:00,Design and Technology,,,
CAL001711,2025-06-10,2025,Term 2,Grade 4,Tuesday,1,08:45,09:45,English,,,
CAL001712,2025-06-10,2025,Term 2,Grade 4,Tuesday,2,09:45,10:45,Science,,,
CAL001713,2025-06-10,2025,Term 2,Grade 4,Tuesday,3,11:15,12:15,Humanities,,,
CAL001714,2025-06-10,2025,Term 2,Grade 4,Tuesday,4,13:00,14:00,Arts,,,
CAL001715,2025-06-10,2025,Term 2,Grade 4,Tuesday,5,14:00,15:00,Mathematics,,,
CAL001716,2025-06-10,2025,Term 2,Grade 5,Tuesday,1,08:45,09:45,English,,,
CAL001717,2025-06-10,2025,Term 2,Grade 5,Tuesday,2,09:45,10:45,Science,,,
CAL001718,2025-06-10,2025,Term 2,Grade 5,Tuesday,3,11:15,12:15,Humanities,,,
CAL001719,2025-06-10,2025,Term 2,Grade 5,Tuesday,4,13:00,14:00,Health and Physical Education,,,
CAL001720,2025-06-10,2025,Term 2,Grade 5,Tuesday,5,14:00,15:00,Mathematics,,,
CAL001721,2025-06-10,2025,Term 2,Grade 6,Tuesday,1,08:45,09:45,English,,,
CAL001722,2025-06-10,2025,Term 2,Grade 6,Tuesday,2,09:45,10:45,Science,,,
CAL001723,2025-06-10,2025,Term 2,Grade 6,Tuesday,3,11:15,12:15,Humanities,,,
CAL001724,2025-06-10,2025,Term 2,Grade 6,Tuesday,4,13:00,14:00,Design and Technology,,,
CAL001725,2025-06-10,2025,Term 2,Grade 6,Tuesday,5,14:00,15:00,Mathematics,,,
CAL001726,2025-06-11,2025,Term 2,Grade 4,Wednesday,1,08:45,09:45,Science,,,
CAL001727,2025-06-11,2025,Term 2,Grade 4,Wednesday,2,09:45,10:45,Humanities,,,
CAL001728,2025-06-11,2025,Term 2,Grade 4,Wednesday,3,11:15,12:15,Arts,,,
CAL001729,2025-06-11,2025,Term 2,Grade 4,Wednesday,4,13:00,14:00,Mathematics,,,
CAL001730,2025-06-11,2025,Term 2,Grade 4,Wednesday,5,14:00,15:00,English,,,
CAL001731,2025-06-11,2025,Term 2,Grade 5,Wednesday,1,08:45,09:45,Science,,,
CAL001732,2025-06-11,2025,Term 2,Grade 5,Wednesday,2,09:45,10:45,Humanities,,,
CAL001733,2025-06-11,2025,Term 2,Grade 5,Wednesday,3,11:15,12:15,Health and Physical Education,,,
CAL001734,2025-06-11,2025,Term 2,Grade 5,Wednesday,4,13:00,14:00,Mathematics,,,
CAL001735,2025-06-11,2025,Term 2,Grade 5,Wednesday,5,14:00,15:00,English,,,
CAL001736,2025-06-11,2025,Term 2,Grade 6,Wednesday,1,08:45,09:45,Science,,,
CAL001737,2025-06-11,2025,Term 2,Grade 6,Wednesday,2,09:45,10:45,Humanities,,,
CAL001738,2025-06-11,2025,Term 2,Grade 6,Wednesday,3,11:15,12:15,Design and Technology,,,
CAL001739,2025-06-11,2025,Term 2,Grade 6,Wednesday,4,13:00,14:00,Mathematics,,,
CAL001740,2025-06-11,2025,Term 2,Grade 6,Wednesday,5,14:00,15:00,English,,,
CAL001741,2025-06-12,2025,Term 2,Grade 4,Thursday,1,08:45,09:45,Humanities,,,
CAL001742,2025-06-12,2025,Term 2,Grade 4,Thursday,2,09:45,10:45,Arts,,,
CAL001743,2025-06-12,2025,Term 2,Grade 4,Thursday,3,11:15,12:15,Mathematics,,,
CAL001744,2025-06-12,2025,Term 2,Grade 4,Thursday,4,13:00,14:00,English,,,
CAL001745,2025-06-12,2025,Term 2,Grade 4,Thursday,5,14:00,15:00,Science,,,
CAL001746,2025-06-12,2025,Term 2,Grade 5,Thursday,1,08:45,09:45,Humanities,,,
CAL001747,2025-06-12,2025,Term 2,Grade 5,Thursday,2,09:45,10:45,Health and Physical Education,,,
CAL001748,2025-06-12,2025,Term 2,Grade 5,Thursday,3,11:15,12:15,Mathematics,,,
CAL001749,2025-06-12,2025,Term 2,Grade 5,Thursday,4,13:00,14:00,English,,,
CAL001750,2025-06-12,2025,Term 2,Grade 5,Thursday,5,14:00,15:00,Science,,,
CAL001751,2025-06-12,2025,Term 2,Grade 6,Thursday,1,08:45,09:45,Humanities,,,
CAL001752,2025-06-12,2025,Term 2,Grade 6,Thursday,2,09:45,10:45,Design and Technology,,,
CAL001753,2025-06-12,2025,Term 2,Grade 6,Thursday,3,11:15,12:15,Mathematics,,,
CAL001754,2025-06-12,2025,Term 2,Grade 6,Thursday,4,13:00,14:00,English,,,
CAL001755,2025-06-12,2025,Term 2,Grade 6,Thursday,5,14:00,15:00,Science,,,
CAL001756,2025-06-13,2025,Term 2,Grade 4,Friday,1,08:45,09:45,Arts,,,
CAL001757,2025-06-13,2025,Term 2,Grade 4,Friday,2,09:45,10:45,Mathematics,,,
CAL001758,2025-06-13,2025,Term 2,Grade 4,Friday,3,11:15,12:15,English,,,
CAL001759,2025-06-13,2025,Term 2,Grade 4,Friday,4,13:00,14:00,Science,,,
CAL001760,2025-06-13,2025,Term 2,Grade 4,Friday,5,14:00,15:00,Humanities,,,
CAL001761,2025-06-13,2025,Term 2,Grade 5,Friday,1,08:45,09:45,Health and Physical Education,,,
CAL001762,2025-06-13,2025,Term 2,Grade 5,Friday,2,09:45,10:45,Mathematics,,,
CAL001763,2025-06-13,2025,Term 2,Grade 5,Friday,3,11:15,12:15,English,,,
CAL001764,2025-06-13,2025,Term 2,Grade 5,Friday,4,13:00,14:00,Science,,,
CAL001765,2025-06-13,2025,Term 2,Grade 5,Friday,5,14:00,15:00,Humanities,,,
CAL001766,2025-06-13,2025,Term 2,Grade 6,Friday,1,08:45,09:45,Design and Technology,,,
CAL001767,2025-06-13,2025,Term 2,Grade 6,Friday,2,09:45,10:45,Mathematics,,,
CAL001768,2025-06-13,2025,Term 2,Grade 6,Friday,3,11:15,12:15,English,,,
CAL001769,2025-06-13,2025,Term 2,Grade 6,Friday,4,13:00,14:00,Science,,,
CAL001770,2025-06-13,2025,Term 2,Grade 6,Friday,5,14:00,15:00,Humanities,,,
CAL001771,2025-06-16,2025,Term 2,Grade 4,Monday,1,08:45,09:45,Mathematics,,,
CAL001772,2025-06-16,2025,Term 2,Grade 4,Monday,2,09:45,10:45,English,,,
CAL001773,2025-06-16,2025,Term 2,Grade 4,Monday,3,11:15,12:15,Science,,,
CAL001774,2025-06-16,2025,Term 2,Grade 4,Monday,4,13:00,14:00,Humanities,,,
CAL001775,2025-06-16,2025,Term 2,Grade 4,Monday,5,14:00,15:00,Arts,,,
CAL001776,2025-06-16,2025,Term 2,Grade 5,Monday,1,08:45,09:45,Mathematics,,,
CAL001777,2025-06-16,2025,Term 2,Grade 5,Monday,2,09:45,10:45,English,,,
CAL001778,2025-06-16,2025,Term 2,Grade 5,Monday,3,11:15,12:15,Science,,,
CAL001779,2025-06-16,2025,Term 2,Grade 5,Monday,4,13:00,14:00,Humanities,,,
CAL001780,2025-06-16,2025,Term 2,Grade 5,Monday,5,14:00,15:00,Health and Physical Education,,,
CAL001781,2025-06-16,2025,Term 2,Grade 6,Monday,1,08:45,09:45,Mathematics,,,
CAL001782,2025-06-16,2025,Term 2,Grade 6,Monday,2,09:45,10:45,English,,,
CAL001783,2025-06-16,2025,Term 2,Grade 6,Monday,3,11:15,12:15,Science,,,
CAL001784,2025-06-16,2025,Term 2,Grade 6,Monday,4,13:00,14:00,Humanities,,,
CAL001785,2025-06-16,2025,Term 2,Grade 6,Monday,5,14:00,15:00,Design and Technology,,,
CAL001786,2025-06-17,2025,Term 2,Grade 4,Tuesday,1,08:45,09:45,English,,,
CAL001787,2025-06-17,2025,Term 2,Grade 4,Tuesday,2,09:45,10:45,Science,,,
CAL001788,2025-06-17,2025,Term 2,Grade 4,Tuesday,3,11:15,12:15,Humanities,,,
CAL001789,2025-06-17,2025,Term 2,Grade 4,Tuesday,4,13:00,14:00,Arts,,,
CAL001790,2025-06-17,2025,Term 2,Grade 4,Tuesday,5,14:00,15:00,Mathematics,,,
CAL001791,2025-06-17,2025,Term 2,Grade 5,Tuesday,1,08:45,09:45,English,,,
CAL001792,2025-06-17,2025,Term 2,Grade 5,Tuesday,2,09:45,10:45,Science,,,
CAL001793,2025-06-17,2025,Term 2,Grade 5,Tuesday,3,11:15,12:15,Humanities,,,
CAL001794,2025-06-17,2025,Term 2,Grade 5,Tuesday,4,13:00,14:00,Health and Physical Education,,,
CAL001795,2025-06-17,2025,Term 2,Grade 5,Tuesday,5,14:00,15:00,Mathematics,,,
CAL001796,2025-06-17,2025,Term 2,Grade 6,Tuesday,1,08:45,09:45,English,,,
CAL001797,2025-06-17,2025,Term 2,Grade 6,Tuesday,2,09:45,10:45,Science,,,
CAL001798,2025-06-17,2025,Term 2,Grade 6,Tuesday,3,11:15,12:15,Humanities,,,
CAL001799,2025-06-17,2025,Term 2,Grade 6,Tuesday,4,13:00,14:00,Design and Technology,,,
CAL001800,2025-06-17,2025,Term 2,Grade 6,Tuesday,5,14:00,15:00,Mathematics,,,
CAL001801,2025-06-18,2025,Term 2,Grade 4,Wednesday,1,08:45,09:45,Science,,,
CAL001802,2025-06-18,2025,Term 2,Grade 4,Wednesday,2,09:45,10:45,Humanities,,,
CAL001803,2025-06-18,2025,Term 2,Grade 4,Wednesday,3,11:15,12:15,Arts,,,
CAL001804,2025-06-18,2025,Term 2,Grade 4,Wednesday,4,13:00,14:00,Mathematics,,,
CAL001805,2025-06-18,2025,Term 2,Grade 4,Wednesday,5,14:00,15:00,English,,,
CAL001806,2025-06-18,2025,Term 2,Grade 5,Wednesday,1,08:45,09:45,Science,,,
CAL001807,2025-06-18,2025,Term 2,Grade 5,Wednesday,2,09:45,10:45,Humanities,,,
CAL001808,2025-06-18,2025,Term 2,Grade 5,Wednesday,3,11:15,12:15,Health and Physical Education,,,
CAL001809,2025-06-18,2025,Term 2,Grade 5,Wednesday,4,13:00,14:00,Mathematics,,,
CAL001810,2025-06-18,2025,Term 2,Grade 5,Wednesday,5,14:00,15:00,English,,,
CAL001811,2025-06-18,2025,Term 2,Grade 6,Wednesday,1,08:45,09:45,Science,,,
CAL001812,2025-06-18,2025,Term 2,Grade 6,Wednesday,2,09:45,10:45,Humanities,,,
CAL001813,2025-06-18,2025,Term 2,Grade 6,Wednesday,3,11:15,12:15,Design and Technology,,,
CAL001814,2025-06-18,2025,Term 2,Grade 6,Wednesday,4,13:00,14:00,Mathematics,,,
CAL001815,2025-06-18,2025,Term 2,Grade 6,Wednesday,5,14:00,15:00,English,,,
CAL001816,2025-06-19,2025,Term 2,Grade 4,Thursday,1,08:45,09:45,Humanities,,,
CAL001817,2025-06-19,2025,Term 2,Grade 4,Thursday,2,09:45,10:45,Arts,,,
CAL001818,2025-06-19,2025,Term 2,Grade 4,Thursday,3,11:15,12:15,Mathematics,,,
CAL001819,2025-06-19,2025,Term 2,Grade 4,Thursday,4,13:00,14:00,English,,,
CAL001820,2025-06-19,2025,Term 2,Grade 4,Thursday,5,14:00,15:00,Science,,,
CAL001821,2025-06-19,2025,Term 2,Grade 5,Thursday,1,08:45,09:45,Humanities,,,
CAL001822,2025-06-19,2025,Term 2,Grade 5,Thursday,2,09:45,10:45,Health and Physical Education,,,
CAL001823,2025-06-19,2025,Term 2,Grade 5,Thursday,3,11:15,12:15,Mathematics,,,
CAL001824,2025-06-19,2025,Term 2,Grade 5,Thursday,4,13:00,14:00,English,,,
CAL001825,2025-06-19,2025,Term 2,Grade 5,Thursday,5,14:00,15:00,Science,,,
CAL001826,2025-06-19,2025,Term 2,Grade 6,Thursday,1,08:45,09:45,Humanities,,,
CAL001827,2025-06-19,2025,Term 2,Grade 6,Thursday,2,09:45,10:45,Design and Technology,,,
CAL001828,2025-06-19,2025,Term 2,Grade 6,Thursday,3,11:15,12:15,Mathematics,,,
CAL001829,2025-06-19,2025,Term 2,Grade 6,Thursday,4,13:00,14:00,English,,,
CAL001830,2025-06-19,2025,Term 2,Grade 6,Thursday,5,14:00,15:00,Science,,,
CAL001831,2025-06-20,2025,Term 2,Grade 4,Friday,1,08:45,09:45,Arts,,,
CAL001832,2025-06-20,2025,Term 2,Grade 4,Friday,2,09:45,10:45,Mathematics,,,
CAL001833,2025-06-20,2025,Term 2,Grade 4,Friday,3,11:15,12:15,English,,,
CAL001834,2025-06-20,2025,Term 2,Grade 4,Friday,4,13:00,14:00,Science,,,
CAL001835,2025-06-20,2025,Term 2,Grade 4,Friday,5,14:00,15:00,Humanities,,,
CAL001836,2025-06-20,2025,Term 2,Grade 5,Friday,1,08:45,09:45,Health and Physical Education,,,
CAL001837,2025-06-20,2025,Term 2,Grade 5,Friday,2,09:45,10:45,Mathematics,,,
CAL001838,2025-06-20,2025,Term 2,Grade 5,Friday,3,11:15,12:15,English,,,
CAL001839,2025-06-20,2025,Term 2,Grade 5,Friday,4,13:00,14:00,Science,,,
CAL001840,2025-06-20,2025,Term 2,Grade 5,Friday,5,14:00,15:00,Humanities,,,
CAL001841,2025-06-20,2025,Term 2,Grade 6,Friday,1,08:45,09:45,Design and Technology,,,
CAL001842,2025-06-20,2025,Term 2,Grade 6,Friday,2,09:45,10:45,Mathematics,,,
CAL001843,2025-06-20,2025,Term 2,Grade 6,Friday,3,11:15,12:15,English,,,
CAL001844,2025-06-20,2025,Term 2,Grade 6,Friday,4,13:00,14:00,Science,,,
CAL001845,2025-06-20,2025,Term 2,Grade 6,Friday,5,14:00,15:00,Humanities,,,
CAL001846,2025-06-23,2025,Term 2,Grade 4,Monday,1,08:45,09:45,Mathematics,,,
CAL001847,2025-06-23,2025,Term 2,Grade 4,Monday,2,09:45,10:45,English,,,
CAL001848,2025-06-23,2025,Term 2,Grade 4,Monday,3,11:15,12:15,Science,,,
CAL001849,2025-06-23,2025,Term 2,Grade 4,Monday,4,13:00,14:00,Humanities,,,
CAL001850,2025-06-23,2025,Term 2,Grade 4,Monday,5,14:00,15:00,Arts,,,
CAL001851,2025-06-23,2025,Term 2,Grade 5,Monday,1,08:45,09:45,Mathematics,,,
CAL001852,2025-06-23,2025,Term 2,Grade 5,Monday,2,09:45,10:45,English,,,
CAL001853,2025-06-23,2025,Term 2,Grade 5,Monday,3,11:15,12:15,Science,,,
CAL001854,2025-06-23,2025,Term 2,Grade 5,Monday,4,13:00,14:00,Humanities,,,
CAL001855,2025-06-23,2025,Term 2,Grade 5,Monday,5,14:00,15:00,Health and Physical Education,,,
CAL001856,2025-06-23,2025,Term 2,Grade 6,Monday,1,08:45,09:45,Mathematics,,,
CAL001857,2025-06-23,2025,Term 2,Grade 6,Monday,2,09:45,10:45,English,,,
CAL001858,2025-06-23,2025,Term 2,Grade 6,Monday,3,11:15,12:15,Science,,,
CAL001859,2025-06-23,2025,Term 2,Grade 6,Monday,4,13:00,14:00,Humanities,,,
CAL001860,2025-06-23,2025,Term 2,Grade 6,Monday,5,14:00,15:00,Design and Technology,,,
CAL001861,2025-06-24,2025,Term 2,Grade 4,Tuesday,1,08:45,09:45,English,,,
CAL001862,2025-06-24,2025,Term 2,Grade 4,Tuesday,2,09:45,10:45,Science,,,
CAL001863,2025-06-24,2025,Term 2,Grade 4,Tuesday,3,11:15,12:15,Humanities,,,
CAL001864,2025-06-24,2025,Term 2,Grade 4,Tuesday,4,13:00,14:00,Arts,,,
CAL001865,2025-06-24,2025,Term 2,Grade 4,Tuesday,5,14:00,15:00,Mathematics,,,
CAL001866,2025-06-24,2025,Term 2,Grade 5,Tuesday,1,08:45,09:45,English,,,
CAL001867,2025-06-24,2025,Term 2,Grade 5,Tuesday,2,09:45,10:45,Science,,,
CAL001868,2025-06-24,2025,Term 2,Grade 5,Tuesday,3,11:15,12:15,Humanities,,,
CAL001869,2025-06-24,2025,Term 2,Grade 5,Tuesday,4,13:00,14:00,Health and Physical Education,,,
CAL001870,2025-06-24,2025,Term 2,Grade 5,Tuesday,5,14:00,15:00,Mathematics,,,
CAL001871,2025-06-24,2025,Term 2,Grade 6,Tuesday,1,08:45,09:45,English,,,
CAL001872,2025-06-24,2025,Term 2,Grade 6,Tuesday,2,09:45,10:45,Science,,,
CAL001873,2025-06-24,2025,Term 2,Grade 6,Tuesday,3,11:15,12:15,Humanities,,,
CAL001874,2025-06-24,2025,Term 2,Grade 6,Tuesday,4,13:00,14:00,Design and Technology,,,
CAL001875,2025-06-24,2025,Term 2,Grade 6,Tuesday,5,14:00,15:00,Mathematics,,,
CAL001876,2025-06-25,2025,Term 2,Grade 4,Wednesday,1,08:45,09:45,Science,,,
CAL001877,2025-06-25,2025,Term 2,Grade 4,Wednesday,2,09:45,10:45,Humanities,,,
CAL001878,2025-06-25,2025,Term 2,Grade 4,Wednesday,3,11:15,12:15,Arts,,,
CAL001879,2025-06-25,2025,Term 2,Grade 4,Wednesday,4,13:00,14:00,Mathematics,,,
CAL001880,2025-06-25,2025,Term 2,Grade 4,Wednesday,5,14:00,15:00,English,,,
CAL001881,2025-06-25,2025,Term 2,Grade 5,Wednesday,1,08:45,09:45,Science,,,
CAL001882,2025-06-25,2025,Term 2,Grade 5,Wednesday,2,09:45,10:45,Humanities,,,
CAL001883,2025-06-25,2025,Term 2,Grade 5,Wednesday,3,11:15,12:15,Health and Physical Education,,,
CAL001884,2025-06-25,2025,Term 2,Grade 5,Wednesday,4,13:00,14:00,Mathematics,,,
CAL001885,2025-06-25,2025,Term 2,Grade 5,Wednesday,5,14:00,15:00,English,,,
CAL001886,2025-06-25,2025,Term 2,Grade 6,Wednesday,1,08:45,09:45,Science,,,
CAL001887,2025-06-25,2025,Term 2,Grade 6,Wednesday,2,09:45,10:45,Humanities,,,
CAL001888,2025-06-25,2025,Term 2,Grade 6,Wednesday,3,11:15,12:15,Design and Technology,,,
CAL001889,2025-06-25,2025,Term 2,Grade 6,Wednesday,4,13:00,14:00,Mathematics,,,
CAL001890,2025-06-25,2025,Term 2,Grade 6,Wednesday,5,14:00,15:00,English,,,
CAL001891,2025-06-26,2025,Term 2,Grade 4,Thursday,1,08:45,09:45,Humanities,,,
CAL001892,2025-06-26,2025,Term 2,Grade 4,Thursday,2,09:45,10:45,Arts,,,
CAL001893,2025-06-26,2025,Term 2,Grade 4,Thursday,3,11:15,12:15,Mathematics,,,
CAL001894,2025-06-26,2025,Term 2,Grade 4,Thursday,4,13:00,14:00,English,,,
CAL001895,2025-06-26,2025,Term 2,Grade 4,Thursday,5,14:00,15:00,Science,,,
CAL001896,2025-06-26,2025,Term 2,Grade 5,Thursday,1,08:45,09:45,Humanities,,,
CAL001897,2025-06-26,2025,Term 2,Grade 5,Thursday,2,09:45,10:45,Health and Physical Education,,,
CAL001898,2025-06-26,2025,Term 2,Grade 5,Thursday,3,11:15,12:15,Mathematics,,,
CAL001899,2025-06-26,2025,Term 2,Grade 5,Thursday,4,13:00,14:00,English,,,
CAL001900,2025-06-26,2025,Term 2,Grade 5,Thursday,5,14:00,15:00,Science,,,
CAL001901,2025-06-26,2025,Term 2,Grade 6,Thursday,1,08:45,09:45,Humanities,,,
CAL001902,2025-06-26,2025,Term 2,Grade 6,Thursday,2,09:45,10:45,Design and Technology,,,
CAL001903,2025-06-26,2025,Term 2,Grade 6,Thursday,3,11:15,12:15,Mathematics,,,
CAL001904,2025-06-26,2025,Term 2,Grade 6,Thursday,4,13:00,14:00,English,,,
CAL001905,2025-06-26,2025,Term 2,Grade 6,Thursday,5,14:00,15:00,Science,,,
CAL001906,2025-06-27,2025,Term 2,Grade 4,Friday,1,08:45,09:45,Arts,,,
CAL001907,2025-06-27,2025,Term 2,Grade 4,Friday,2,09:45,10:45,Mathematics,,,
CAL001908,2025-06-27,2025,Term 2,Grade 4,Friday,3,11:15,12:15,English,,,
CAL001909,2025-06-27,2025,Term 2,Grade 4,Friday,4,13:00,14:00,Science,,,
CAL001910,2025-06-27,2025,Term 2,Grade 4,Friday,5,14:00,15:00,Humanities,,,
CAL001911,2025-06-27,2025,Term 2,Grade 5,Friday,1,08:45,09:45,Health and Physical Education,,,
CAL001912,2025-06-27,2025,Term 2,Grade 5,Friday,2,09:45,10:45,Mathematics,,,
CAL001913,2025-06-27,2025,Term 2,Grade 5,Friday,3,11:15,12:15,English,,,
CAL001914,2025-06-27,2025,Term 2,Grade 5,Friday,4,13:00,14:00,Science,,,
CAL001915,2025-06-27,2025,Term 2,Grade 5,Friday,5,14:00,15:00,Humanities,,,
CAL001916,2025-06-27,2025,Term 2,Grade 6,Friday,1,08:45,09:45,Design and Technology,,,
CAL001917,2025-06-27,2025,Term 2,Grade 6,Friday,2,09:45,10:45,Mathematics,,,
CAL001918,2025-06-27,2025,Term 2,Grade 6,Friday,3,11:15,12:15,English,,,
CAL001919,2025-06-27,2025,Term 2,Grade 6,Friday,4,13:00,14:00,Science,,,
CAL001920,2025-06-27,2025,Term 2,Grade 6,Friday,5,14:00,15:00,Humanities,,,
CAL001921,2025-06-30,2025,Term 2,Grade 4,Monday,1,08:45,09:45,Mathematics,,,
CAL001922,2025-06-30,2025,Term 2,Grade 4,Monday,2,09:45,10:45,English,,,
CAL001923,2025-06-30,2025,Term 2,Grade 4,Monday,3,11:15,12:15,Science,,,
CAL001924,2025-06-30,2025,Term 2,Grade 4,Monday,4,13:00,14:00,Humanities,,,
CAL001925,2025-06-30,2025,Term 2,Grade 4,Monday,5,14:00,15:00,Arts,,,
CAL001926,2025-06-30,2025,Term 2,Grade 5,Monday,1,08:45,09:45,Mathematics,,,
CAL001927,2025-06-30,2025,Term 2,Grade 5,Monday,2,09:45,10:45,English,,,
CAL001928,2025-06-30,2025,Term 2,Grade 5,Monday,3,11:15,12:15,Science,,,
CAL001929,2025-06-30,2025,Term 2,Grade 5,Monday,4,13:00,14:00,Humanities,,,
CAL001930,2025-06-30,2025,Term 2,Grade 5,Monday,5,14:00,15:00,Health and Physical Education,,,
CAL001931,2025-06-30,2025,Term 2,Grade 6,Monday,1,08:45,09:45,Mathematics,,,
CAL001932,2025-06-30,2025,Term 2,Grade 6,Monday,2,09:45,10:45,English,,,
CAL001933,2025-06-30,2025,Term 2,Grade 6,Monday,3,11:15,12:15,Science,,,
CAL001934,2025-06-30,2025,Term 2,Grade 6,Monday,4,13:00,14:00,Humanities,,,
CAL001935,2025-06-30,2025,Term 2,Grade 6,Monday,5,14:00,15:00,Design and Technology,,,
CAL001936,2025-07-01,2025,Term 3,Grade 4,Tuesday,1,08:45,09:45,English,,,
CAL001937,2025-07-01,2025,Term 3,Grade 4,Tuesday,2,09:45,10:45,Science,,,
CAL001938,2025-07-01,2025,Term 3,Grade 4,Tuesday,3,11:15,12:15,Humanities,,,
CAL001939,2025-07-01,2025,Term 3,Grade 4,Tuesday,4,13:00,14:00,Arts,,,
CAL001940,2025-07-01,2025,Term 3,Grade 4,Tuesday,5,14:00,15:00,Mathematics,,,
CAL001941,2025-07-01,2025,Term 3,Grade 5,Tuesday,1,08:45,09:45,English,,,
CAL001942,2025-07-01,2025,Term 3,Grade 5,Tuesday,2,09:45,10:45,Science,,,
CAL001943,2025-07-01,2025,Term 3,Grade 5,Tuesday,3,11:15,12:15,Humanities,,,
CAL001944,2025-07-01,2025,Term 3,Grade 5,Tuesday,4,13:00,14:00,Health and Physical Education,,,
CAL001945,2025-07-01,2025,Term 3,Grade 5,Tuesday,5,14:00,15:00,Mathematics,,,
CAL001946,2025-07-01,2025,Term 3,Grade 6,Tuesday,1,08:45,09:45,English,,,
CAL001947,2025-07-01,2025,Term 3,Grade 6,Tuesday,2,09:45,10:45,Science,,,
CAL001948,2025-07-01,2025,Term 3,Grade 6,Tuesday,3,11:15,12:15,Humanities,,,
CAL001949,2025-07-01,2025,Term 3,Grade 6,Tuesday,4,13:00,14:00,Design and Technology,,,
CAL001950,2025-07-01,2025,Term 3,Grade 6,Tuesday,5,14:00,15:00,Mathematics,,,
CAL001951,2025-07-02,2025,Term 3,Grade 4,Wednesday,1,08:45,09:45,Science,,,
CAL001952,2025-07-02,2025,Term 3,Grade 4,Wednesday,2,09:45,10:45,Humanities,,,
CAL001953,2025-07-02,2025,Term 3,Grade 4,Wednesday,3,11:15,12:15,Arts,,,
CAL001954,2025-07-02,2025,Term 3,Grade 4,Wednesday,4,13:00,14:00,Mathematics,,,
CAL001955,2025-07-02,2025,Term 3,Grade 4,Wednesday,5,14:00,15:00,English,,,
CAL001956,2025-07-02,2025,Term 3,Grade 5,Wednesday,1,08:45,09:45,Science,,,
CAL001957,2025-07-02,2025,Term 3,Grade 5,Wednesday,2,09:45,10:45,Humanities,,,
CAL001958,2025-07-02,2025,Term 3,Grade 5,Wednesday,3,11:15,12:15,Health and Physical Education,,,
CAL001959,2025-07-02,2025,Term 3,Grade 5,Wednesday,4,13:00,14:00,Mathematics,,,
CAL001960,2025-07-02,2025,Term 3,Grade 5,Wednesday,5,14:00,15:00,English,,,
CAL001961,2025-07-02,2025,Term 3,Grade 6,Wednesday,1,08:45,09:45,Science,,,
CAL001962,2025-07-02,2025,Term 3,Grade 6,Wednesday,2,09:45,10:45,Humanities,,,
CAL001963,2025-07-02,2025,Term 3,Grade 6,Wednesday,3,11:15,12:15,Design and Technology,,,
CAL001964,2025-07-02,2025,Term 3,Grade 6,Wednesday,4,13:00,14:00,Mathematics,,,
CAL001965,2025-07-02,2025,Term 3,Grade 6,Wednesday,5,14:00,15:00,English,,,
CAL001966,2025-07-03,2025,Term 3,Grade 4,Thursday,1,08:45,09:45,Humanities,,,
CAL001967,2025-07-03,2025,Term 3,Grade 4,Thursday,2,09:45,10:45,Arts,,,
CAL001968,2025-07-03,2025,Term 3,Grade 4,Thursday,3,11:15,12:15,Mathematics,,,
CAL001969,2025-07-03,2025,Term 3,Grade 4,Thursday,4,13:00,14:00,English,,,
CAL001970,2025-07-03,2025,Term 3,Grade 4,Thursday,5,14:00,15:00,Science,,,
CAL001971,2025-07-03,2025,Term 3,Grade 5,Thursday,1,08:45,09:45,Humanities,,,
CAL001972,2025-07-03,2025,Term 3,Grade 5,Thursday,2,09:45,10:45,Health and Physical Education,,,
CAL001973,2025-07-03,2025,Term 3,Grade 5,Thursday,3,11:15,12:15,Mathematics,,,
CAL001974,2025-07-03,2025,Term 3,Grade 5,Thursday,4,13:00,14:00,English,,,
CAL001975,2025-07-03,2025,Term 3,Grade 5,Thursday,5,14:00,15:00,Science,,,
CAL001976,2025-07-03,2025,Term 3,Grade 6,Thursday,1,08:45,09:45,Humanities,,,
CAL001977,2025-07-03,2025,Term 3,Grade 6,Thursday,2,09:45,10:45,Design and Technology,,,
CAL001978,2025-07-03,2025,Term 3,Grade 6,Thursday,3,11:15,12:15,Mathematics,,,
CAL001979,2025-07-03,2025,Term 3,Grade 6,Thursday,4,13:00,14:00,English,,,
CAL001980,2025-07-03,2025,Term 3,Grade 6,Thursday,5,14:00,15:00,Science,,,
CAL001981,2025-07-04,2025,Term 3,Grade 4,Friday,1,08:45,09:45,Arts,,,
CAL001982,2025-07-04,2025,Term 3,Grade 4,Friday,2,09:45,10:45,Mathematics,,,
CAL001983,2025-07-04,2025,Term 3,Grade 4,Friday,3,11:15,12:15,English,,,
CAL001984,2025-07-04,2025,Term 3,Grade 4,Friday,4,13:00,14:00,Science,,,
CAL001985,2025-07-04,2025,Term 3,Grade 4,Friday,5,14:00,15:00,Humanities,,,
CAL001986,2025-07-04,2025,Term 3,Grade 5,Friday,1,08:45,09:45,Health and Physical Education,,,
CAL001987,2025-07-04,2025,Term 3,Grade 5,Friday,2,09:45,10:45,Mathematics,,,
CAL001988,2025-07-04,2025,Term 3,Grade 5,Friday,3,11:15,12:15,English,,,
CAL001989,2025-07-04,2025,Term 3,Grade 5,Friday,4,13:00,14:00,Science,,,
CAL001990,2025-07-04,2025,Term 3,Grade 5,Friday,5,14:00,15:00,Humanities,,,
CAL001991,2025-07-04,2025,Term 3,Grade 6,Friday,1,08:45,09:45,Design and Technology,,,
CAL001992,2025-07-04,2025,Term 3,Grade 6,Friday,2,09:45,10:45,Mathematics,,,
CAL001993,2025-07-04,2025,Term 3,Grade 6,Friday,3,11:15,12:15,English,,,
CAL001994,2025-07-04,2025,Term 3,Grade 6,Friday,4,13:00,14:00,Science,,,
CAL001995,2025-07-04,2025,Term 3,Grade 6,Friday,5,14:00,15:00,Humanities,,,
CAL001996,2025-07-07,2025,Term 3,Grade 4,Monday,1,08:45,09:45,Mathematics,,,
CAL001997,2025-07-07,2025,Term 3,Grade 4,Monday,2,09:45,10:45,English,,,
CAL001998,2025-07-07,2025,Term 3,Grade 4,Monday,3,11:15,12:15,Science,,,
CAL001999,2025-07-07,2025,Term 3,Grade 4,Monday,4,13:00,14:00,Humanities,,,
CAL002000,2025-07-07,2025,Term 3,Grade 4,Monday,5,14:00,15:00,Arts,,,
CAL002001,2025-07-07,2025,Term 3,Grade 5,Monday,1,08:45,09:45,Mathematics,,,
CAL002002,2025-07-07,2025,Term 3,Grade 5,Monday,2,09:45,10:45,English,,,
CAL002003,2025-07-07,2025,Term 3,Grade 5,Monday,3,11:15,12:15,Science,,,
CAL002004,2025-07-07,2025,Term 3,Grade 5,Monday,4,13:00,14:00,Humanities,,,
CAL002005,2025-07-07,2025,Term 3,Grade 5,Monday,5,14:00,15:00,Health and Physical Education,,,
CAL002006,2025-07-07,2025,Term 3,Grade 6,Monday,1,08:45,09:45,Mathematics,,,
CAL002007,2025-07-07,2025,Term 3,Grade 6,Monday,2,09:45,10:45,English,,,
CAL002008,2025-07-07,2025,Term 3,Grade 6,Monday,3,11:15,12:15,Science,,,
CAL002009,2025-07-07,2025,Term 3,Grade 6,Monday,4,13:00,14:00,Humanities,,,
CAL002010,2025-07-07,2025,Term 3,Grade 6,Monday,5,14:00,15:00,Design and Technology,,,
CAL002011,2025-07-08,2025,Term 3,Grade 4,Tuesday,1,08:45,09:45,English,,,
CAL002012,2025-07-08,2025,Term 3,Grade 4,Tuesday,2,09:45,10:45,Science,,,
CAL002013,2025-07-08,2025,Term 3,Grade 4,Tuesday,3,11:15,12:15,Humanities,,,
CAL002014,2025-07-08,2025,Term 3,Grade 4,Tuesday,4,13:00,14:00,Arts,,,
CAL002015,2025-07-08,2025,Term 3,Grade 4,Tuesday,5,14:00,15:00,Mathematics,,,
CAL002016,2025-07-08,2025,Term 3,Grade 5,Tuesday,1,08:45,09:45,English,,,
CAL002017,2025-07-08,2025,Term 3,Grade 5,Tuesday,2,09:45,10:45,Science,,,
CAL002018,2025-07-08,2025,Term 3,Grade 5,Tuesday,3,11:15,12:15,Humanities,,,
CAL002019,2025-07-08,2025,Term 3,Grade 5,Tuesday,4,13:00,14:00,Health and Physical Education,,,
CAL002020,2025-07-08,2025,Term 3,Grade 5,Tuesday,5,14:00,15:00,Mathematics,,,
CAL002021,2025-07-08,2025,Term 3,Grade 6,Tuesday,1,08:45,09:45,English,,,
CAL002022,2025-07-08,2025,Term 3,Grade 6,Tuesday,2,09:45,10:45,Science,,,
CAL002023,2025-07-08,2025,Term 3,Grade 6,Tuesday,3,11:15,12:15,Humanities,,,
CAL002024,2025-07-08,2025,Term 3,Grade 6,Tuesday,4,13:00,14:00,Design and Technology,,,
CAL002025,2025-07-08,2025,Term 3,Grade 6,Tuesday,5,14:00,15:00,Mathematics,,,
CAL002026,2025-07-09,2025,Term 3,Grade 4,Wednesday,1,08:45,09:45,Science,,,
CAL002027,2025-07-09,2025,Term 3,Grade 4,Wednesday,2,09:45,10:45,Humanities,,,
CAL002028,2025-07-09,2025,Term 3,Grade 4,Wednesday,3,11:15,12:15,Arts,,,
CAL002029,2025-07-09,2025,Term 3,Grade 4,Wednesday,4,13:00,14:00,Mathematics,,,
CAL002030,2025-07-09,2025,Term 3,Grade 4,Wednesday,5,14:00,15:00,English,,,
CAL002031,2025-07-09,2025,Term 3,Grade 5,Wednesday,1,08:45,09:45,Science,,,
CAL002032,2025-07-09,2025,Term 3,Grade 5,Wednesday,2,09:45,10:45,Humanities,,,
CAL002033,2025-07-09,2025,Term 3,Grade 5,Wednesday,3,11:15,12:15,Health and Physical Education,,,
CAL002034,2025-07-09,2025,Term 3,Grade 5,Wednesday,4,13:00,14:00,Mathematics,,,
CAL002035,2025-07-09,2025,Term 3,Grade 5,Wednesday,5,14:00,15:00,English,,,
CAL002036,2025-07-09,2025,Term 3,Grade 6,Wednesday,1,08:45,09:45,Science,,,
CAL002037,2025-07-09,2025,Term 3,Grade 6,Wednesday,2,09:45,10:45,Humanities,,,
CAL002038,2025-07-09,2025,Term 3,Grade 6,Wednesday,3,11:15,12:15,Design and Technology,,,
CAL002039,2025-07-09,2025,Term 3,Grade 6,Wednesday,4,13:00,14:00,Mathematics,,,
CAL002040,2025-07-09,2025,Term 3,Grade 6,Wednesday,5,14:00,15:00,English,,,
CAL002041,2025-07-10,2025,Term 3,Grade 4,Thursday,1,08:45,09:45,Humanities,,,
CAL002042,2025-07-10,2025,Term 3,Grade 4,Thursday,2,09:45,10:45,Arts,,,
CAL002043,2025-07-10,2025,Term 3,Grade 4,Thursday,3,11:15,12:15,Mathematics,,,
CAL002044,2025-07-10,2025,Term 3,Grade 4,Thursday,4,13:00,14:00,English,,,
CAL002045,2025-07-10,2025,Term 3,Grade 4,Thursday,5,14:00,15:00,Science,,,
CAL002046,2025-07-10,2025,Term 3,Grade 5,Thursday,1,08:45,09:45,Humanities,,,
CAL002047,2025-07-10,2025,Term 3,Grade 5,Thursday,2,09:45,10:45,Health and Physical Education,,,
CAL002048,2025-07-10,2025,Term 3,Grade 5,Thursday,3,11:15,12:15,Mathematics,,,
CAL002049,2025-07-10,2025,Term 3,Grade 5,Thursday,4,13:00,14:00,English,,,
CAL002050,2025-07-10,2025,Term 3,Grade 5,Thursday,5,14:00,15:00,Science,,,
CAL002051,2025-07-10,2025,Term 3,Grade 6,Thursday,1,08:45,09:45,Humanities,,,
CAL002052,2025-07-10,2025,Term 3,Grade 6,Thursday,2,09:45,10:45,Design and Technology,,,
CAL002053,2025-07-10,2025,Term 3,Grade 6,Thursday,3,11:15,12:15,Mathematics,,,
CAL002054,2025-07-10,2025,Term 3,Grade 6,Thursday,4,13:00,14:00,English,,,
CAL002055,2025-07-10,2025,Term 3,Grade 6,Thursday,5,14:00,15:00,Science,,,
CAL002056,2025-07-11,2025,Term 3,Grade 4,Friday,1,08:45,09:45,Arts,,,
CAL002057,2025-07-11,2025,Term 3,Grade 4,Friday,2,09:45,10:45,Mathematics,,,
CAL002058,2025-07-11,2025,Term 3,Grade 4,Friday,3,11:15,12:15,English,,,
CAL002059,2025-07-11,2025,Term 3,Grade 4,Friday,4,13:00,14:00,Science,,,
CAL002060,2025-07-11,2025,Term 3,Grade 4,Friday,5,14:00,15:00,Humanities,,,
CAL002061,2025-07-11,2025,Term 3,Grade 5,Friday,1,08:45,09:45,Health and Physical Education,,,
CAL002062,2025-07-11,2025,Term 3,Grade 5,Friday,2,09:45,10:45,Mathematics,,,
CAL002063,2025-07-11,2025,Term 3,Grade 5,Friday,3,11:15,12:15,English,,,
CAL002064,2025-07-11,2025,Term 3,Grade 5,Friday,4,13:00,14:00,Science,,,
CAL002065,2025-07-11,2025,Term 3,Grade 5,Friday,5,14:00,15:00,Humanities,,,
CAL002066,2025-07-11,2025,Term 3,Grade 6,Friday,1,08:45,09:45,Design and Technology,,,
CAL002067,2025-07-11,2025,Term 3,Grade 6,Friday,2,09:45,10:45,Mathematics,,,
CAL002068,2025-07-11,2025,Term 3,Grade 6,Friday,3,11:15,12:15,English,,,
CAL002069,2025-07-11,2025,Term 3,Grade 6,Friday,4,13:00,14:00,Science,,,
CAL002070,2025-07-11,2025,Term 3,Grade 6,Friday,5,14:00,15:00,Humanities,,,
CAL002071,2025-07-14,2025,Term 3,Grade 4,Monday,1,08:45,09:45,Mathematics,,,
CAL002072,2025-07-14,2025,Term 3,Grade 4,Monday,2,09:45,10:45,English,,,
CAL002073,2025-07-14,2025,Term 3,Grade 4,Monday,3,11:15,12:15,Science,,,
CAL002074,2025-07-14,2025,Term 3,Grade 4,Monday,4,13:00,14:00,Humanities,,,
CAL002075,2025-07-14,2025,Term 3,Grade 4,Monday,5,14:00,15:00,Arts,,,
CAL002076,2025-07-14,2025,Term 3,Grade 5,Monday,1,08:45,09:45,Mathematics,,,
CAL002077,2025-07-14,2025,Term 3,Grade 5,Monday,2,09:45,10:45,English,,,
CAL002078,2025-07-14,2025,Term 3,Grade 5,Monday,3,11:15,12:15,Science,,,
CAL002079,2025-07-14,2025,Term 3,Grade 5,Monday,4,13:00,14:00,Humanities,,,
CAL002080,2025-07-14,2025,Term 3,Grade 5,Monday,5,14:00,15:00,Health and Physical Education,,,
CAL002081,2025-07-14,2025,Term 3,Grade 6,Monday,1,08:45,09:45,Mathematics,,,
CAL002082,2025-07-14,2025,Term 3,Grade 6,Monday,2,09:45,10:45,English,,,
CAL002083,2025-07-14,2025,Term 3,Grade 6,Monday,3,11:15,12:15,Science,,,
CAL002084,2025-07-14,2025,Term 3,Grade 6,Monday,4,13:00,14:00,Humanities,,,
CAL002085,2025-07-14,2025,Term 3,Grade 6,Monday,5,14:00,15:00,Design and Technology,,,
CAL002086,2025-07-15,2025,Term 3,Grade 4,Tuesday,1,08:45,09:45,English,,,
CAL002087,2025-07-15,2025,Term 3,Grade 4,Tuesday,2,09:45,10:45,Science,,,
CAL002088,2025-07-15,2025,Term 3,Grade 4,Tuesday,3,11:15,12:15,Humanities,,,
CAL002089,2025-07-15,2025,Term 3,Grade 4,Tuesday,4,13:00,14:00,Arts,,,
CAL002090,2025-07-15,2025,Term 3,Grade 4,Tuesday,5,14:00,15:00,Mathematics,,,
CAL002091,2025-07-15,2025,Term 3,Grade 5,Tuesday,1,08:45,09:45,English,,,
CAL002092,2025-07-15,2025,Term 3,Grade 5,Tuesday,2,09:45,10:45,Science,,,
CAL002093,2025-07-15,2025,Term 3,Grade 5,Tuesday,3,11:15,12:15,Humanities,,,
CAL002094,2025-07-15,2025,Term 3,Grade 5,Tuesday,4,13:00,14:00,Health and Physical Education,,,
CAL002095,2025-07-15,2025,Term 3,Grade 5,Tuesday,5,14:00,15:00,Mathematics,,,
CAL002096,2025-07-15,2025,Term 3,Grade 6,Tuesday,1,08:45,09:45,English,,,
CAL002097,2025-07-15,2025,Term 3,Grade 6,Tuesday,2,09:45,10:45,Science,,,
CAL002098,2025-07-15,2025,Term 3,Grade 6,Tuesday,3,11:15,12:15,Humanities,,,
CAL002099,2025-07-15,2025,Term 3,Grade 6,Tuesday,4,13:00,14:00,Design and Technology,,,
CAL002100,2025-07-15,2025,Term 3,Grade 6,Tuesday,5,14:00,15:00,Mathematics,,,
CAL002101,2025-07-16,2025,Term 3,Grade 4,Wednesday,1,08:45,09:45,Science,,,
CAL002102,2025-07-16,2025,Term 3,Grade 4,Wednesday,2,09:45,10:45,Humanities,,,
CAL002103,2025-07-16,2025,Term 3,Grade 4,Wednesday,3,11:15,12:15,Arts,,,
CAL002104,2025-07-16,2025,Term 3,Grade 4,Wednesday,4,13:00,14:00,Mathematics,,,
CAL002105,2025-07-16,2025,Term 3,Grade 4,Wednesday,5,14:00,15:00,English,,,
CAL002106,2025-07-16,2025,Term 3,Grade 5,Wednesday,1,08:45,09:45,Science,,,
CAL002107,2025-07-16,2025,Term 3,Grade 5,Wednesday,2,09:45,10:45,Humanities,,,
CAL002108,2025-07-16,2025,Term 3,Grade 5,Wednesday,3,11:15,12:15,Health and Physical Education,,,
CAL002109,2025-07-16,2025,Term 3,Grade 5,Wednesday,4,13:00,14:00,Mathematics,,,
CAL002110,2025-07-16,2025,Term 3,Grade 5,Wednesday,5,14:00,15:00,English,,,
CAL002111,2025-07-16,2025,Term 3,Grade 6,Wednesday,1,08:45,09:45,Science,,,
CAL002112,2025-07-16,2025,Term 3,Grade 6,Wednesday,2,09:45,10:45,Humanities,,,
CAL002113,2025-07-16,2025,Term 3,Grade 6,Wednesday,3,11:15,12:15,Design and Technology,,,
CAL002114,2025-07-16,2025,Term 3,Grade 6,Wednesday,4,13:00,14:00,Mathematics,,,
CAL002115,2025-07-16,2025,Term 3,Grade 6,Wednesday,5,14:00,15:00,English,,,
CAL002116,2025-07-17,2025,Term 3,Grade 4,Thursday,1,08:45,09:45,Humanities,,,
CAL002117,2025-07-17,2025,Term 3,Grade 4,Thursday,2,09:45,10:45,Arts,,,
CAL002118,2025-07-17,2025,Term 3,Grade 4,Thursday,3,11:15,12:15,Mathematics,,,
CAL002119,2025-07-17,2025,Term 3,Grade 4,Thursday,4,13:00,14:00,English,,,
CAL002120,2025-07-17,2025,Term 3,Grade 4,Thursday,5,14:00,15:00,Science,,,
CAL002121,2025-07-17,2025,Term 3,Grade 5,Thursday,1,08:45,09:45,Humanities,,,
CAL002122,2025-07-17,2025,Term 3,Grade 5,Thursday,2,09:45,10:45,Health and Physical Education,,,
CAL002123,2025-07-17,2025,Term 3,Grade 5,Thursday,3,11:15,12:15,Mathematics,,,
CAL002124,2025-07-17,2025,Term 3,Grade 5,Thursday,4,13:00,14:00,English,,,
CAL002125,2025-07-17,2025,Term 3,Grade 5,Thursday,5,14:00,15:00,Science,,,
CAL002126,2025-07-17,2025,Term 3,Grade 6,Thursday,1,08:45,09:45,Humanities,,,
CAL002127,2025-07-17,2025,Term 3,Grade 6,Thursday,2,09:45,10:45,Design and Technology,,,
CAL002128,2025-07-17,2025,Term 3,Grade 6,Thursday,3,11:15,12:15,Mathematics,,,
CAL002129,2025-07-17,2025,Term 3,Grade 6,Thursday,4,13:00,14:00,English,,,
CAL002130,2025-07-17,2025,Term 3,Grade 6,Thursday,5,14:00,15:00,Science,,,
CAL002131,2025-07-18,2025,Term 3,Grade 4,Friday,1,08:45,09:45,Arts,,,
CAL002132,2025-07-18,2025,Term 3,Grade 4,Friday,2,09:45,10:45,Mathematics,,,
CAL002133,2025-07-18,2025,Term 3,Grade 4,Friday,3,11:15,12:15,English,,,
CAL002134,2025-07-18,2025,Term 3,Grade 4,Friday,4,13:00,14:00,Science,,,
CAL002135,2025-07-18,2025,Term 3,Grade 4,Friday,5,14:00,15:00,Humanities,,,
CAL002136,2025-07-18,2025,Term 3,Grade 5,Friday,1,08:45,09:45,Health and Physical Education,,,
CAL002137,2025-07-18,2025,Term 3,Grade 5,Friday,2,09:45,10:45,Mathematics,,,
CAL002138,2025-07-18,2025,Term 3,Grade 5,Friday,3,11:15,12:15,English,,,
CAL002139,2025-07-18,2025,Term 3,Grade 5,Friday,4,13:00,14:00,Science,,,
CAL002140,2025-07-18,2025,Term 3,Grade 5,Friday,5,14:00,15:00,Humanities,,,
CAL002141,2025-07-18,2025,Term 3,Grade 6,Friday,1,08:45,09:45,Design and Technology,,,
CAL002142,2025-07-18,2025,Term 3,Grade 6,Friday,2,09:45,10:45,Mathematics,,,
CAL002143,2025-07-18,2025,Term 3,Grade 6,Friday,3,11:15,12:15,English,,,
CAL002144,2025-07-18,2025,Term 3,Grade 6,Friday,4,13:00,14:00,Science,,,
CAL002145,2025-07-18,2025,Term 3,Grade 6,Friday,5,14:00,15:00,Humanities,,,
CAL002146,2025-07-21,2025,Term 3,Grade 4,Monday,1,08:45,09:45,Mathematics,,,
CAL002147,2025-07-21,2025,Term 3,Grade 4,Monday,2,09:45,10:45,English,,,
CAL002148,2025-07-21,2025,Term 3,Grade 4,Monday,3,11:15,12:15,Science,,,
CAL002149,2025-07-21,2025,Term 3,Grade 4,Monday,4,13:00,14:00,Humanities,,,
CAL002150,2025-07-21,2025,Term 3,Grade 4,Monday,5,14:00,15:00,Arts,,,
CAL002151,2025-07-21,2025,Term 3,Grade 5,Monday,1,08:45,09:45,Mathematics,,,
CAL002152,2025-07-21,2025,Term 3,Grade 5,Monday,2,09:45,10:45,English,,,
CAL002153,2025-07-21,2025,Term 3,Grade 5,Monday,3,11:15,12:15,Science,,,
CAL002154,2025-07-21,2025,Term 3,Grade 5,Monday,4,13:00,14:00,Humanities,,,
CAL002155,2025-07-21,2025,Term 3,Grade 5,Monday,5,14:00,15:00,Health and Physical Education,,,
CAL002156,2025-07-21,2025,Term 3,Grade 6,Monday,1,08:45,09:45,Mathematics,,,
CAL002157,2025-07-21,2025,Term 3,Grade 6,Monday,2,09:45,10:45,English,,,
CAL002158,2025-07-21,2025,Term 3,Grade 6,Monday,3,11:15,12:15,Science,,,
CAL002159,2025-07-21,2025,Term 3,Grade 6,Monday,4,13:00,14:00,Humanities,,,
CAL002160,2025-07-21,2025,Term 3,Grade 6,Monday,5,14:00,15:00,Design and Technology,,,
CAL002161,2025-07-22,2025,Term 3,Grade 4,Tuesday,1,08:45,09:45,English,,,
CAL002162,2025-07-22,2025,Term 3,Grade 4,Tuesday,2,09:45,10:45,Science,,,
CAL002163,2025-07-22,2025,Term 3,Grade 4,Tuesday,3,11:15,12:15,Humanities,,,
CAL002164,2025-07-22,2025,Term 3,Grade 4,Tuesday,4,13:00,14:00,Arts,,,
CAL002165,2025-07-22,2025,Term 3,Grade 4,Tuesday,5,14:00,15:00,Mathematics,,,
CAL002166,2025-07-22,2025,Term 3,Grade 5,Tuesday,1,08:45,09:45,English,,,
CAL002167,2025-07-22,2025,Term 3,Grade 5,Tuesday,2,09:45,10:45,Science,,,
CAL002168,2025-07-22,2025,Term 3,Grade 5,Tuesday,3,11:15,12:15,Humanities,,,
CAL002169,2025-07-22,2025,Term 3,Grade 5,Tuesday,4,13:00,14:00,Health and Physical Education,,,
CAL002170,2025-07-22,2025,Term 3,Grade 5,Tuesday,5,14:00,15:00,Mathematics,,,
CAL002171,2025-07-22,2025,Term 3,Grade 6,Tuesday,1,08:45,09:45,English,,,
CAL002172,2025-07-22,2025,Term 3,Grade 6,Tuesday,2,09:45,10:45,Science,,,
CAL002173,2025-07-22,2025,Term 3,Grade 6,Tuesday,3,11:15,12:15,Humanities,,,
CAL002174,2025-07-22,2025,Term 3,Grade 6,Tuesday,4,13:00,14:00,Design and Technology,,,
CAL002175,2025-07-22,2025,Term 3,Grade 6,Tuesday,5,14:00,15:00,Mathematics,,,
CAL002176,2025-07-23,2025,Term 3,Grade 4,Wednesday,1,08:45,09:45,Science,,,
CAL002177,2025-07-23,2025,Term 3,Grade 4,Wednesday,2,09:45,10:45,Humanities,,,
CAL002178,2025-07-23,2025,Term 3,Grade 4,Wednesday,3,11:15,12:15,Arts,,,
CAL002179,2025-07-23,2025,Term 3,Grade 4,Wednesday,4,13:00,14:00,Mathematics,,,
CAL002180,2025-07-23,2025,Term 3,Grade 4,Wednesday,5,14:00,15:00,English,,,
CAL002181,2025-07-23,2025,Term 3,Grade 5,Wednesday,1,08:45,09:45,Science,,,
CAL002182,2025-07-23,2025,Term 3,Grade 5,Wednesday,2,09:45,10:45,Humanities,,,
CAL002183,2025-07-23,2025,Term 3,Grade 5,Wednesday,3,11:15,12:15,Health and Physical Education,,,
CAL002184,2025-07-23,2025,Term 3,Grade 5,Wednesday,4,13:00,14:00,Mathematics,,,
CAL002185,2025-07-23,2025,Term 3,Grade 5,Wednesday,5,14:00,15:00,English,,,
CAL002186,2025-07-23,2025,Term 3,Grade 6,Wednesday,1,08:45,09:45,Science,,,
CAL002187,2025-07-23,2025,Term 3,Grade 6,Wednesday,2,09:45,10:45,Humanities,,,
CAL002188,2025-07-23,2025,Term 3,Grade 6,Wednesday,3,11:15,12:15,Design and Technology,,,
CAL002189,2025-07-23,2025,Term 3,Grade 6,Wednesday,4,13:00,14:00,Mathematics,,,
CAL002190,2025-07-23,2025,Term 3,Grade 6,Wednesday,5,14:00,15:00,English,,,
CAL002191,2025-07-24,2025,Term 3,Grade 4,Thursday,1,08:45,09:45,Humanities,,,
CAL002192,2025-07-24,2025,Term 3,Grade 4,Thursday,2,09:45,10:45,Arts,,,
CAL002193,2025-07-24,2025,Term 3,Grade 4,Thursday,3,11:15,12:15,Mathematics,,,
CAL002194,2025-07-24,2025,Term 3,Grade 4,Thursday,4,13:00,14:00,English,,,
CAL002195,2025-07-24,2025,Term 3,Grade 4,Thursday,5,14:00,15:00,Science,,,
CAL002196,2025-07-24,2025,Term 3,Grade 5,Thursday,1,08:45,09:45,Humanities,,,
CAL002197,2025-07-24,2025,Term 3,Grade 5,Thursday,2,09:45,10:45,Health and Physical Education,,,
CAL002198,2025-07-24,2025,Term 3,Grade 5,Thursday,3,11:15,12:15,Mathematics,,,
CAL002199,2025-07-24,2025,Term 3,Grade 5,Thursday,4,13:00,14:00,English,,,
CAL002200,2025-07-24,2025,Term 3,Grade 5,Thursday,5,14:00,15:00,Science,,,
CAL002201,2025-07-24,2025,Term 3,Grade 6,Thursday,1,08:45,09:45,Humanities,,,
CAL002202,2025-07-24,2025,Term 3,Grade 6,Thursday,2,09:45,10:45,Design and Technology,,,
CAL002203,2025-07-24,2025,Term 3,Grade 6,Thursday,3,11:15,12:15,Mathematics,,,
CAL002204,2025-07-24,2025,Term 3,Grade 6,Thursday,4,13:00,14:00,English,,,
CAL002205,2025-07-24,2025,Term 3,Grade 6,Thursday,5,14:00,15:00,Science,,,
CAL002206,2025-07-25,2025,Term 3,Grade 4,Friday,1,08:45,09:45,Arts,,,
CAL002207,2025-07-25,2025,Term 3,Grade 4,Friday,2,09:45,10:45,Mathematics,,,
CAL002208,2025-07-25,2025,Term 3,Grade 4,Friday,3,11:15,12:15,English,,,
CAL002209,2025-07-25,2025,Term 3,Grade 4,Friday,4,13:00,14:00,Science,,,
CAL002210,2025-07-25,2025,Term 3,Grade 4,Friday,5,14:00,15:00,Humanities,,,
CAL002211,2025-07-25,2025,Term 3,Grade 5,Friday,1,08:45,09:45,Health and Physical Education,,,
CAL002212,2025-07-25,2025,Term 3,Grade 5,Friday,2,09:45,10:45,Mathematics,,,
CAL002213,2025-07-25,2025,Term 3,Grade 5,Friday,3,11:15,12:15,English,,,
CAL002214,2025-07-25,2025,Term 3,Grade 5,Friday,4,13:00,14:00,Science,,,
CAL002215,2025-07-25,2025,Term 3,Grade 5,Friday,5,14:00,15:00,Humanities,,,
CAL002216,2025-07-25,2025,Term 3,Grade 6,Friday,1,08:45,09:45,Design and Technology,,,
CAL002217,2025-07-25,2025,Term 3,Grade 6,Friday,2,09:45,10:45,Mathematics,,,
CAL002218,2025-07-25,2025,Term 3,Grade 6,Friday,3,11:15,12:15,English,,,
CAL002219,2025-07-25,2025,Term 3,Grade 6,Friday,4,13:00,14:00,Science,,,
CAL002220,2025-07-25,2025,Term 3,Grade 6,Friday,5,14:00,15:00,Humanities,,,
CAL002221,2025-07-28,2025,Term 3,Grade 4,Monday,1,08:45,09:45,Mathematics,,,
CAL002222,2025-07-28,2025,Term 3,Grade 4,Monday,2,09:45,10:45,English,,,
CAL002223,2025-07-28,2025,Term 3,Grade 4,Monday,3,11:15,12:15,Science,,,
CAL002224,2025-07-28,2025,Term 3,Grade 4,Monday,4,13:00,14:00,Humanities,,,
CAL002225,2025-07-28,2025,Term 3,Grade 4,Monday,5,14:00,15:00,Arts,,,
CAL002226,2025-07-28,2025,Term 3,Grade 5,Monday,1,08:45,09:45,Mathematics,,,
CAL002227,2025-07-28,2025,Term 3,Grade 5,Monday,2,09:45,10:45,English,,,
CAL002228,2025-07-28,2025,Term 3,Grade 5,Monday,3,11:15,12:15,Science,,,
CAL002229,2025-07-28,2025,Term 3,Grade 5,Monday,4,13:00,14:00,Humanities,,,
CAL002230,2025-07-28,2025,Term 3,Grade 5,Monday,5,14:00,15:00,Health and Physical Education,,,
CAL002231,2025-07-28,2025,Term 3,Grade 6,Monday,1,08:45,09:45,Mathematics,,,
CAL002232,2025-07-28,2025,Term 3,Grade 6,Monday,2,09:45,10:45,English,,,
CAL002233,2025-07-28,2025,Term 3,Grade 6,Monday,3,11:15,12:15,Science,,,
CAL002234,2025-07-28,2025,Term 3,Grade 6,Monday,4,13:00,14:00,Humanities,,,
CAL002235,2025-07-28,2025,Term 3,Grade 6,Monday,5,14:00,15:00,Design and Technology,,,
CAL002236,2025-07-29,2025,Term 3,Grade 4,Tuesday,1,08:45,09:45,English,,,
CAL002237,2025-07-29,2025,Term 3,Grade 4,Tuesday,2,09:45,10:45,Science,,,
CAL002238,2025-07-29,2025,Term 3,Grade 4,Tuesday,3,11:15,12:15,Humanities,,,
CAL002239,2025-07-29,2025,Term 3,Grade 4,Tuesday,4,13:00,14:00,Arts,,,
CAL002240,2025-07-29,2025,Term 3,Grade 4,Tuesday,5,14:00,15:00,Mathematics,,,
CAL002241,2025-07-29,2025,Term 3,Grade 5,Tuesday,1,08:45,09:45,English,,,
CAL002242,2025-07-29,2025,Term 3,Grade 5,Tuesday,2,09:45,10:45,Science,,,
CAL002243,2025-07-29,2025,Term 3,Grade 5,Tuesday,3,11:15,12:15,Humanities,,,
CAL002244,2025-07-29,2025,Term 3,Grade 5,Tuesday,4,13:00,14:00,Health and Physical Education,,,
CAL002245,2025-07-29,2025,Term 3,Grade 5,Tuesday,5,14:00,15:00,Mathematics,,,
CAL002246,2025-07-29,2025,Term 3,Grade 6,Tuesday,1,08:45,09:45,English,,,
CAL002247,2025-07-29,2025,Term 3,Grade 6,Tuesday,2,09:45,10:45,Science,,,
CAL002248,2025-07-29,2025,Term 3,Grade 6,Tuesday,3,11:15,12:15,Humanities,,,
CAL002249,2025-07-29,2025,Term 3,Grade 6,Tuesday,4,13:00,14:00,Design and Technology,,,
CAL002250,2025-07-29,2025,Term 3,Grade 6,Tuesday,5,14:00,15:00,Mathematics,,,
CAL002251,2025-07-30,2025,Term 3,Grade 4,Wednesday,1,08:45,09:45,Science,,,
CAL002252,2025-07-30,2025,Term 3,Grade 4,Wednesday,2,09:45,10:45,Humanities,,,
CAL002253,2025-07-30,2025,Term 3,Grade 4,Wednesday,3,11:15,12:15,Arts,,,
CAL002254,2025-07-30,2025,Term 3,Grade 4,Wednesday,4,13:00,14:00,Mathematics,,,
CAL002255,2025-07-30,2025,Term 3,Grade 4,Wednesday,5,14:00,15:00,English,,,
CAL002256,2025-07-30,2025,Term 3,Grade 5,Wednesday,1,08:45,09:45,Science,,,
CAL002257,2025-07-30,2025,Term 3,Grade 5,Wednesday,2,09:45,10:45,Humanities,,,
CAL002258,2025-07-30,2025,Term 3,Grade 5,Wednesday,3,11:15,12:15,Health and Physical Education,,,
CAL002259,2025-07-30,2025,Term 3,Grade 5,Wednesday,4,13:00,14:00,Mathematics,,,
CAL002260,2025-07-30,2025,Term 3,Grade 5,Wednesday,5,14:00,15:00,English,,,
CAL002261,2025-07-30,2025,Term 3,Grade 6,Wednesday,1,08:45,09:45,Science,,,
CAL002262,2025-07-30,2025,Term 3,Grade 6,Wednesday,2,09:45,10:45,Humanities,,,
CAL002263,2025-07-30,2025,Term 3,Grade 6,Wednesday,3,11:15,12:15,Design and Technology,,,
CAL002264,2025-07-30,2025,Term 3,Grade 6,Wednesday,4,13:00,14:00,Mathematics,,,
CAL002265,2025-07-30,2025,Term 3,Grade 6,Wednesday,5,14:00,15:00,English,,,
CAL002266,2025-07-31,2025,Term 3,Grade 4,Thursday,1,08:45,09:45,Humanities,,,
CAL002267,2025-07-31,2025,Term 3,Grade 4,Thursday,2,09:45,10:45,Arts,,,
CAL002268,2025-07-31,2025,Term 3,Grade 4,Thursday,3,11:15,12:15,Mathematics,,,
CAL002269,2025-07-31,2025,Term 3,Grade 4,Thursday,4,13:00,14:00,English,,,
CAL002270,2025-07-31,2025,Term 3,Grade 4,Thursday,5,14:00,15:00,Science,,,
CAL002271,2025-07-31,2025,Term 3,Grade 5,Thursday,1,08:45,09:45,Humanities,,,
CAL002272,2025-07-31,2025,Term 3,Grade 5,Thursday,2,09:45,10:45,Health and Physical Education,,,
CAL002273,2025-07-31,2025,Term 3,Grade 5,Thursday,3,11:15,12:15,Mathematics,,,
CAL002274,2025-07-31,2025,Term 3,Grade 5,Thursday,4,13:00,14:00,English,,,
CAL002275,2025-07-31,2025,Term 3,Grade 5,Thursday,5,14:00,15:00,Science,,,
CAL002276,2025-07-31,2025,Term 3,Grade 6,Thursday,1,08:45,09:45,Humanities,,,
CAL002277,2025-07-31,2025,Term 3,Grade 6,Thursday,2,09:45,10:45,Design and Technology,,,
CAL002278,2025-07-31,2025,Term 3,Grade 6,Thursday,3,11:15,12:15,Mathematics,,,
CAL002279,2025-07-31,2025,Term 3,Grade 6,Thursday,4,13:00,14:00,English,,,
CAL002280,2025-07-31,2025,Term 3,Grade 6,Thursday,5,14:00,15:00,Science,,,
CAL002281,2025-08-01,2025,Term 3,Grade 4,Friday,1,08:45,09:45,Arts,,,
CAL002282,2025-08-01,2025,Term 3,Grade 4,Friday,2,09:45,10:45,Mathematics,,,
CAL002283,2025-08-01,2025,Term 3,Grade 4,Friday,3,11:15,12:15,English,,,
CAL002284,2025-08-01,2025,Term 3,Grade 4,Friday,4,13:00,14:00,Science,,,
CAL002285,2025-08-01,2025,Term 3,Grade 4,Friday,5,14:00,15:00,Humanities,,,
CAL002286,2025-08-01,2025,Term 3,Grade 5,Friday,1,08:45,09:45,Health and Physical Education,,,
CAL002287,2025-08-01,2025,Term 3,Grade 5,Friday,2,09:45,10:45,Mathematics,,,
CAL002288,2025-08-01,2025,Term 3,Grade 5,Friday,3,11:15,12:15,English,,,
CAL002289,2025-08-01,2025,Term 3,Grade 5,Friday,4,13:00,14:00,Science,,,
CAL002290,2025-08-01,2025,Term 3,Grade 5,Friday,5,14:00,15:00,Humanities,,,
CAL002291,2025-08-01,2025,Term 3,Grade 6,Friday,1,08:45,09:45,Design and Technology,,,
CAL002292,2025-08-01,2025,Term 3,Grade 6,Friday,2,09:45,10:45,Mathematics,,,
CAL002293,2025-08-01,2025,Term 3,Grade 6,Friday,3,11:15,12:15,English,,,
CAL002294,2025-08-01,2025,Term 3,Grade 6,Friday,4,13:00,14:00,Science,,,
CAL002295,2025-08-01,2025,Term 3,Grade 6,Friday,5,14:00,15:00,Humanities,,,
CAL002296,2025-08-04,2025,Term 3,Grade 4,Monday,1,08:45,09:45,Mathematics,,,
CAL002297,2025-08-04,2025,Term 3,Grade 4,Monday,2,09:45,10:45,English,,,
CAL002298,2025-08-04,2025,Term 3,Grade 4,Monday,3,11:15,12:15,Science,,,
CAL002299,2025-08-04,2025,Term 3,Grade 4,Monday,4,13:00,14:00,Humanities,,,
CAL002300,2025-08-04,2025,Term 3,Grade 4,Monday,5,14:00,15:00,Arts,,,
CAL002301,2025-08-04,2025,Term 3,Grade 5,Monday,1,08:45,09:45,Mathematics,,,
CAL002302,2025-08-04,2025,Term 3,Grade 5,Monday,2,09:45,10:45,English,,,
CAL002303,2025-08-04,2025,Term 3,Grade 5,Monday,3,11:15,12:15,Science,,,
CAL002304,2025-08-04,2025,Term 3,Grade 5,Monday,4,13:00,14:00,Humanities,,,
CAL002305,2025-08-04,2025,Term 3,Grade 5,Monday,5,14:00,15:00,Health and Physical Education,,,
CAL002306,2025-08-04,2025,Term 3,Grade 6,Monday,1,08:45,09:45,Mathematics,,,
CAL002307,2025-08-04,2025,Term 3,Grade 6,Monday,2,09:45,10:45,English,,,
CAL002308,2025-08-04,2025,Term 3,Grade 6,Monday,3,11:15,12:15,Science,,,
CAL002309,2025-08-04,2025,Term 3,Grade 6,Monday,4,13:00,14:00,Humanities,,,
CAL002310,2025-08-04,2025,Term 3,Grade 6,Monday,5,14:00,15:00,Design and Technology,,,
CAL002311,2025-08-05,2025,Term 3,Grade 4,Tuesday,1,08:45,09:45,English,,,
CAL002312,2025-08-05,2025,Term 3,Grade 4,Tuesday,2,09:45,10:45,Science,,,
CAL002313,2025-08-05,2025,Term 3,Grade 4,Tuesday,3,11:15,12:15,Humanities,,,
CAL002314,2025-08-05,2025,Term 3,Grade 4,Tuesday,4,13:00,14:00,Arts,,,
CAL002315,2025-08-05,2025,Term 3,Grade 4,Tuesday,5,14:00,15:00,Mathematics,,,
CAL002316,2025-08-05,2025,Term 3,Grade 5,Tuesday,1,08:45,09:45,English,,,
CAL002317,2025-08-05,2025,Term 3,Grade 5,Tuesday,2,09:45,10:45,Science,,,
CAL002318,2025-08-05,2025,Term 3,Grade 5,Tuesday,3,11:15,12:15,Humanities,,,
CAL002319,2025-08-05,2025,Term 3,Grade 5,Tuesday,4,13:00,14:00,Health and Physical Education,,,
CAL002320,2025-08-05,2025,Term 3,Grade 5,Tuesday,5,14:00,15:00,Mathematics,,,
CAL002321,2025-08-05,2025,Term 3,Grade 6,Tuesday,1,08:45,09:45,English,,,
CAL002322,2025-08-05,2025,Term 3,Grade 6,Tuesday,2,09:45,10:45,Science,,,
CAL002323,2025-08-05,2025,Term 3,Grade 6,Tuesday,3,11:15,12:15,Humanities,,,
CAL002324,2025-08-05,2025,Term 3,Grade 6,Tuesday,4,13:00,14:00,Design and Technology,,,
CAL002325,2025-08-05,2025,Term 3,Grade 6,Tuesday,5,14:00,15:00,Mathematics,,,
CAL002326,2025-08-06,2025,Term 3,Grade 4,Wednesday,1,08:45,09:45,Science,,,
CAL002327,2025-08-06,2025,Term 3,Grade 4,Wednesday,2,09:45,10:45,Humanities,,,
CAL002328,2025-08-06,2025,Term 3,Grade 4,Wednesday,3,11:15,12:15,Arts,,,
CAL002329,2025-08-06,2025,Term 3,Grade 4,Wednesday,4,13:00,14:00,Mathematics,,,
CAL002330,2025-08-06,2025,Term 3,Grade 4,Wednesday,5,14:00,15:00,English,,,
CAL002331,2025-08-06,2025,Term 3,Grade 5,Wednesday,1,08:45,09:45,Science,,,
CAL002332,2025-08-06,2025,Term 3,Grade 5,Wednesday,2,09:45,10:45,Humanities,,,
CAL002333,2025-08-06,2025,Term 3,Grade 5,Wednesday,3,11:15,12:15,Health and Physical Education,,,
CAL002334,2025-08-06,2025,Term 3,Grade 5,Wednesday,4,13:00,14:00,Mathematics,,,
CAL002335,2025-08-06,2025,Term 3,Grade 5,Wednesday,5,14:00,15:00,English,,,
CAL002336,2025-08-06,2025,Term 3,Grade 6,Wednesday,1,08:45,09:45,Science,,,
CAL002337,2025-08-06,2025,Term 3,Grade 6,Wednesday,2,09:45,10:45,Humanities,,,
CAL002338,2025-08-06,2025,Term 3,Grade 6,Wednesday,3,11:15,12:15,Design and Technology,,,
CAL002339,2025-08-06,2025,Term 3,Grade 6,Wednesday,4,13:00,14:00,Mathematics,,,
CAL002340,2025-08-06,2025,Term 3,Grade 6,Wednesday,5,14:00,15:00,English,,,
CAL002341,2025-08-07,2025,Term 3,Grade 4,Thursday,1,08:45,09:45,Humanities,,,
CAL002342,2025-08-07,2025,Term 3,Grade 4,Thursday,2,09:45,10:45,Arts,,,
CAL002343,2025-08-07,2025,Term 3,Grade 4,Thursday,3,11:15,12:15,Mathematics,,,
CAL002344,2025-08-07,2025,Term 3,Grade 4,Thursday,4,13:00,14:00,English,,,
CAL002345,2025-08-07,2025,Term 3,Grade 4,Thursday,5,14:00,15:00,Science,,,
CAL002346,2025-08-07,2025,Term 3,Grade 5,Thursday,1,08:45,09:45,Humanities,,,
CAL002347,2025-08-07,2025,Term 3,Grade 5,Thursday,2,09:45,10:45,Health and Physical Education,,,
CAL002348,2025-08-07,2025,Term 3,Grade 5,Thursday,3,11:15,12:15,Mathematics,,,
CAL002349,2025-08-07,2025,Term 3,Grade 5,Thursday,4,13:00,14:00,English,,,
CAL002350,2025-08-07,2025,Term 3,Grade 5,Thursday,5,14:00,15:00,Science,,,
CAL002351,2025-08-07,2025,Term 3,Grade 6,Thursday,1,08:45,09:45,Humanities,,,
CAL002352,2025-08-07,2025,Term 3,Grade 6,Thursday,2,09:45,10:45,Design and Technology,,,
CAL002353,2025-08-07,2025,Term 3,Grade 6,Thursday,3,11:15,12:15,Mathematics,,,
CAL002354,2025-08-07,2025,Term 3,Grade 6,Thursday,4,13:00,14:00,English,,,
CAL002355,2025-08-07,2025,Term 3,Grade 6,Thursday,5,14:00,15:00,Science,,,
CAL002356,2025-08-08,2025,Term 3,Grade 4,Friday,1,08:45,09:45,Arts,,,
CAL002357,2025-08-08,2025,Term 3,Grade 4,Friday,2,09:45,10:45,Mathematics,,,
CAL002358,2025-08-08,2025,Term 3,Grade 4,Friday,3,11:15,12:15,English,,,
CAL002359,2025-08-08,2025,Term 3,Grade 4,Friday,4,13:00,14:00,Science,,,
CAL002360,2025-08-08,2025,Term 3,Grade 4,Friday,5,14:00,15:00,Humanities,,,
CAL002361,2025-08-08,2025,Term 3,Grade 5,Friday,1,08:45,09:45,Health and Physical Education,,,
CAL002362,2025-08-08,2025,Term 3,Grade 5,Friday,2,09:45,10:45,Mathematics,,,
CAL002363,2025-08-08,2025,Term 3,Grade 5,Friday,3,11:15,12:15,English,,,
CAL002364,2025-08-08,2025,Term 3,Grade 5,Friday,4,13:00,14:00,Science,,,
CAL002365,2025-08-08,2025,Term 3,Grade 5,Friday,5,14:00,15:00,Humanities,,,
CAL002366,2025-08-08,2025,Term 3,Grade 6,Friday,1,08:45,09:45,Design and Technology,,,
CAL002367,2025-08-08,2025,Term 3,Grade 6,Friday,2,09:45,10:45,Mathematics,,,
CAL002368,2025-08-08,2025,Term 3,Grade 6,Friday,3,11:15,12:15,English,,,
CAL002369,2025-08-08,2025,Term 3,Grade 6,Friday,4,13:00,14:00,Science,,,
CAL002370,2025-08-08,2025,Term 3,Grade 6,Friday,5,14:00,15:00,Humanities,,,
CAL002371,2025-08-11,2025,Term 3,Grade 4,Monday,1,08:45,09:45,Mathematics,,,
CAL002372,2025-08-11,2025,Term 3,Grade 4,Monday,2,09:45,10:45,English,,,
CAL002373,2025-08-11,2025,Term 3,Grade 4,Monday,3,11:15,12:15,Science,,,
CAL002374,2025-08-11,2025,Term 3,Grade 4,Monday,4,13:00,14:00,Humanities,,,
CAL002375,2025-08-11,2025,Term 3,Grade 4,Monday,5,14:00,15:00,Arts,,,
CAL002376,2025-08-11,2025,Term 3,Grade 5,Monday,1,08:45,09:45,Mathematics,,,
CAL002377,2025-08-11,2025,Term 3,Grade 5,Monday,2,09:45,10:45,English,,,
CAL002378,2025-08-11,2025,Term 3,Grade 5,Monday,3,11:15,12:15,Science,,,
CAL002379,2025-08-11,2025,Term 3,Grade 5,Monday,4,13:00,14:00,Humanities,,,
CAL002380,2025-08-11,2025,Term 3,Grade 5,Monday,5,14:00,15:00,Health and Physical Education,,,
CAL002381,2025-08-11,2025,Term 3,Grade 6,Monday,1,08:45,09:45,Mathematics,,,
CAL002382,2025-08-11,2025,Term 3,Grade 6,Monday,2,09:45,10:45,English,,,
CAL002383,2025-08-11,2025,Term 3,Grade 6,Monday,3,11:15,12:15,Science,,,
CAL002384,2025-08-11,2025,Term 3,Grade 6,Monday,4,13:00,14:00,Humanities,,,
CAL002385,2025-08-11,2025,Term 3,Grade 6,Monday,5,14:00,15:00,Design and Technology,,,
CAL002386,2025-08-12,2025,Term 3,Grade 4,Tuesday,1,08:45,09:45,English,,,
CAL002387,2025-08-12,2025,Term 3,Grade 4,Tuesday,2,09:45,10:45,Science,,,
CAL002388,2025-08-12,2025,Term 3,Grade 4,Tuesday,3,11:15,12:15,Humanities,,,
CAL002389,2025-08-12,2025,Term 3,Grade 4,Tuesday,4,13:00,14:00,Arts,,,
CAL002390,2025-08-12,2025,Term 3,Grade 4,Tuesday,5,14:00,15:00,Mathematics,,,
CAL002391,2025-08-12,2025,Term 3,Grade 5,Tuesday,1,08:45,09:45,English,,,
CAL002392,2025-08-12,2025,Term 3,Grade 5,Tuesday,2,09:45,10:45,Science,,,
CAL002393,2025-08-12,2025,Term 3,Grade 5,Tuesday,3,11:15,12:15,Humanities,,,
CAL002394,2025-08-12,2025,Term 3,Grade 5,Tuesday,4,13:00,14:00,Health and Physical Education,,,
CAL002395,2025-08-12,2025,Term 3,Grade 5,Tuesday,5,14:00,15:00,Mathematics,,,
CAL002396,2025-08-12,2025,Term 3,Grade 6,Tuesday,1,08:45,09:45,English,,,
CAL002397,2025-08-12,2025,Term 3,Grade 6,Tuesday,2,09:45,10:45,Science,,,
CAL002398,2025-08-12,2025,Term 3,Grade 6,Tuesday,3,11:15,12:15,Humanities,,,
CAL002399,2025-08-12,2025,Term 3,Grade 6,Tuesday,4,13:00,14:00,Design and Technology,,,
CAL002400,2025-08-12,2025,Term 3,Grade 6,Tuesday,5,14:00,15:00,Mathematics,,,
CAL002401,2025-08-13,2025,Term 3,Grade 4,Wednesday,1,08:45,09:45,Science,,,
CAL002402,2025-08-13,2025,Term 3,Grade 4,Wednesday,2,09:45,10:45,Humanities,,,
CAL002403,2025-08-13,2025,Term 3,Grade 4,Wednesday,3,11:15,12:15,Arts,,,
CAL002404,2025-08-13,2025,Term 3,Grade 4,Wednesday,4,13:00,14:00,Mathematics,,,
CAL002405,2025-08-13,2025,Term 3,Grade 4,Wednesday,5,14:00,15:00,English,,,
CAL002406,2025-08-13,2025,Term 3,Grade 5,Wednesday,1,08:45,09:45,Science,,,
CAL002407,2025-08-13,2025,Term 3,Grade 5,Wednesday,2,09:45,10:45,Humanities,,,
CAL002408,2025-08-13,2025,Term 3,Grade 5,Wednesday,3,11:15,12:15,Health and Physical Education,,,
CAL002409,2025-08-13,2025,Term 3,Grade 5,Wednesday,4,13:00,14:00,Mathematics,,,
CAL002410,2025-08-13,2025,Term 3,Grade 5,Wednesday,5,14:00,15:00,English,,,
CAL002411,2025-08-13,2025,Term 3,Grade 6,Wednesday,1,08:45,09:45,Science,,,
CAL002412,2025-08-13,2025,Term 3,Grade 6,Wednesday,2,09:45,10:45,Humanities,,,
CAL002413,2025-08-13,2025,Term 3,Grade 6,Wednesday,3,11:15,12:15,Design and Technology,,,
CAL002414,2025-08-13,2025,Term 3,Grade 6,Wednesday,4,13:00,14:00,Mathematics,,,
CAL002415,2025-08-13,2025,Term 3,Grade 6,Wednesday,5,14:00,15:00,English,,,
CAL002416,2025-08-14,2025,Term 3,Grade 4,Thursday,1,08:45,09:45,Humanities,,,
CAL002417,2025-08-14,2025,Term 3,Grade 4,Thursday,2,09:45,10:45,Arts,,,
CAL002418,2025-08-14,2025,Term 3,Grade 4,Thursday,3,11:15,12:15,Mathematics,,,
CAL002419,2025-08-14,2025,Term 3,Grade 4,Thursday,4,13:00,14:00,English,,,
CAL002420,2025-08-14,2025,Term 3,Grade 4,Thursday,5,14:00,15:00,Science,,,
CAL002421,2025-08-14,2025,Term 3,Grade 5,Thursday,1,08:45,09:45,Humanities,,,
CAL002422,2025-08-14,2025,Term 3,Grade 5,Thursday,2,09:45,10:45,Health and Physical Education,,,
CAL002423,2025-08-14,2025,Term 3,Grade 5,Thursday,3,11:15,12:15,Mathematics,,,
CAL002424,2025-08-14,2025,Term 3,Grade 5,Thursday,4,13:00,14:00,English,,,
CAL002425,2025-08-14,2025,Term 3,Grade 5,Thursday,5,14:00,15:00,Science,,,
CAL002426,2025-08-14,2025,Term 3,Grade 6,Thursday,1,08:45,09:45,Humanities,,,
CAL002427,2025-08-14,2025,Term 3,Grade 6,Thursday,2,09:45,10:45,Design and Technology,,,
CAL002428,2025-08-14,2025,Term 3,Grade 6,Thursday,3,11:15,12:15,Mathematics,,,
CAL002429,2025-08-14,2025,Term 3,Grade 6,Thursday,4,13:00,14:00,English,,,
CAL002430,2025-08-14,2025,Term 3,Grade 6,Thursday,5,14:00,15:00,Science,,,
CAL002431,2025-08-15,2025,Term 3,Grade 4,Friday,1,08:45,09:45,Arts,,,
CAL002432,2025-08-15,2025,Term 3,Grade 4,Friday,2,09:45,10:45,Mathematics,,,
CAL002433,2025-08-15,2025,Term 3,Grade 4,Friday,3,11:15,12:15,English,,,
CAL002434,2025-08-15,2025,Term 3,Grade 4,Friday,4,13:00,14:00,Science,,,
CAL002435,2025-08-15,2025,Term 3,Grade 4,Friday,5,14:00,15:00,Humanities,,,
CAL002436,2025-08-15,2025,Term 3,Grade 5,Friday,1,08:45,09:45,Health and Physical Education,,,
CAL002437,2025-08-15,2025,Term 3,Grade 5,Friday,2,09:45,10:45,Mathematics,,,
CAL002438,2025-08-15,2025,Term 3,Grade 5,Friday,3,11:15,12:15,English,,,
CAL002439,2025-08-15,2025,Term 3,Grade 5,Friday,4,13:00,14:00,Science,,,
CAL002440,2025-08-15,2025,Term 3,Grade 5,Friday,5,14:00,15:00,Humanities,,,
CAL002441,2025-08-15,2025,Term 3,Grade 6,Friday,1,08:45,09:45,Design and Technology,,,
CAL002442,2025-08-15,2025,Term 3,Grade 6,Friday,2,09:45,10:45,Mathematics,,,
CAL002443,2025-08-15,2025,Term 3,Grade 6,Friday,3,11:15,12:15,English,,,
CAL002444,2025-08-15,2025,Term 3,Grade 6,Friday,4,13:00,14:00,Science,,,
CAL002445,2025-08-15,2025,Term 3,Grade 6,Friday,5,14:00,15:00,Humanities,,,
CAL002446,2025-08-18,2025,Term 3,Grade 4,Monday,1,08:45,09:45,Mathematics,,,
CAL002447,2025-08-18,2025,Term 3,Grade 4,Monday,2,09:45,10:45,English,,,
CAL002448,2025-08-18,2025,Term 3,Grade 4,Monday,3,11:15,12:15,Science,,,
CAL002449,2025-08-18,2025,Term 3,Grade 4,Monday,4,13:00,14:00,Humanities,,,
CAL002450,2025-08-18,2025,Term 3,Grade 4,Monday,5,14:00,15:00,Arts,,,
CAL002451,2025-08-18,2025,Term 3,Grade 5,Monday,1,08:45,09:45,Mathematics,,,
CAL002452,2025-08-18,2025,Term 3,Grade 5,Monday,2,09:45,10:45,English,,,
CAL002453,2025-08-18,2025,Term 3,Grade 5,Monday,3,11:15,12:15,Science,,,
CAL002454,2025-08-18,2025,Term 3,Grade 5,Monday,4,13:00,14:00,Humanities,,,
CAL002455,2025-08-18,2025,Term 3,Grade 5,Monday,5,14:00,15:00,Health and Physical Education,,,
CAL002456,2025-08-18,2025,Term 3,Grade 6,Monday,1,08:45,09:45,Mathematics,,,
CAL002457,2025-08-18,2025,Term 3,Grade 6,Monday,2,09:45,10:45,English,,,
CAL002458,2025-08-18,2025,Term 3,Grade 6,Monday,3,11:15,12:15,Science,,,
CAL002459,2025-08-18,2025,Term 3,Grade 6,Monday,4,13:00,14:00,Humanities,,,
CAL002460,2025-08-18,2025,Term 3,Grade 6,Monday,5,14:00,15:00,Design and Technology,,,
CAL002461,2025-08-19,2025,Term 3,Grade 4,Tuesday,1,08:45,09:45,English,,,
CAL002462,2025-08-19,2025,Term 3,Grade 4,Tuesday,2,09:45,10:45,Science,,,
CAL002463,2025-08-19,2025,Term 3,Grade 4,Tuesday,3,11:15,12:15,Humanities,,,
CAL002464,2025-08-19,2025,Term 3,Grade 4,Tuesday,4,13:00,14:00,Arts,,,
CAL002465,2025-08-19,2025,Term 3,Grade 4,Tuesday,5,14:00,15:00,Mathematics,,,
CAL002466,2025-08-19,2025,Term 3,Grade 5,Tuesday,1,08:45,09:45,English,,,
CAL002467,2025-08-19,2025,Term 3,Grade 5,Tuesday,2,09:45,10:45,Science,,,
CAL002468,2025-08-19,2025,Term 3,Grade 5,Tuesday,3,11:15,12:15,Humanities,,,
CAL002469,2025-08-19,2025,Term 3,Grade 5,Tuesday,4,13:00,14:00,Health and Physical Education,,,
CAL002470,2025-08-19,2025,Term 3,Grade 5,Tuesday,5,14:00,15:00,Mathematics,,,
CAL002471,2025-08-19,2025,Term 3,Grade 6,Tuesday,1,08:45,09:45,English,,,
CAL002472,2025-08-19,2025,Term 3,Grade 6,Tuesday,2,09:45,10:45,Science,,,
CAL002473,2025-08-19,2025,Term 3,Grade 6,Tuesday,3,11:15,12:15,Humanities,,,
CAL002474,2025-08-19,2025,Term 3,Grade 6,Tuesday,4,13:00,14:00,Design and Technology,,,
CAL002475,2025-08-19,2025,Term 3,Grade 6,Tuesday,5,14:00,15:00,Mathematics,,,
CAL002476,2025-08-20,2025,Term 3,Grade 4,Wednesday,1,08:45,09:45,Science,,,
CAL002477,2025-08-20,2025,Term 3,Grade 4,Wednesday,2,09:45,10:45,Humanities,,,
CAL002478,2025-08-20,2025,Term 3,Grade 4,Wednesday,3,11:15,12:15,Arts,,,
CAL002479,2025-08-20,2025,Term 3,Grade 4,Wednesday,4,13:00,14:00,Mathematics,,,
CAL002480,2025-08-20,2025,Term 3,Grade 4,Wednesday,5,14:00,15:00,English,,,
CAL002481,2025-08-20,2025,Term 3,Grade 5,Wednesday,1,08:45,09:45,Science,,,
CAL002482,2025-08-20,2025,Term 3,Grade 5,Wednesday,2,09:45,10:45,Humanities,,,
CAL002483,2025-08-20,2025,Term 3,Grade 5,Wednesday,3,11:15,12:15,Health and Physical Education,,,
CAL002484,2025-08-20,2025,Term 3,Grade 5,Wednesday,4,13:00,14:00,Mathematics,,,
CAL002485,2025-08-20,2025,Term 3,Grade 5,Wednesday,5,14:00,15:00,English,,,
CAL002486,2025-08-20,2025,Term 3,Grade 6,Wednesday,1,08:45,09:45,Science,,,
CAL002487,2025-08-20,2025,Term 3,Grade 6,Wednesday,2,09:45,10:45,Humanities,,,
CAL002488,2025-08-20,2025,Term 3,Grade 6,Wednesday,3,11:15,12:15,Design and Technology,,,
CAL002489,2025-08-20,2025,Term 3,Grade 6,Wednesday,4,13:00,14:00,Mathematics,,,
CAL002490,2025-08-20,2025,Term 3,Grade 6,Wednesday,5,14:00,15:00,English,,,
CAL002491,2025-08-21,2025,Term 3,Grade 4,Thursday,1,08:45,09:45,Humanities,,,
CAL002492,2025-08-21,2025,Term 3,Grade 4,Thursday,2,09:45,10:45,Arts,,,
CAL002493,2025-08-21,2025,Term 3,Grade 4,Thursday,3,11:15,12:15,Mathematics,,,
CAL002494,2025-08-21,2025,Term 3,Grade 4,Thursday,4,13:00,14:00,English,,,
CAL002495,2025-08-21,2025,Term 3,Grade 4,Thursday,5,14:00,15:00,Science,,,
CAL002496,2025-08-21,2025,Term 3,Grade 5,Thursday,1,08:45,09:45,Humanities,,,
CAL002497,2025-08-21,2025,Term 3,Grade 5,Thursday,2,09:45,10:45,Health and Physical Education,,,
CAL002498,2025-08-21,2025,Term 3,Grade 5,Thursday,3,11:15,12:15,Mathematics,,,
CAL002499,2025-08-21,2025,Term 3,Grade 5,Thursday,4,13:00,14:00,English,,,
CAL002500,2025-08-21,2025,Term 3,Grade 5,Thursday,5,14:00,15:00,Science,,,
CAL002501,2025-08-21,2025,Term 3,Grade 6,Thursday,1,08:45,09:45,Humanities,,,
CAL002502,2025-08-21,2025,Term 3,Grade 6,Thursday,2,09:45,10:45,Design and Technology,,,
CAL002503,2025-08-21,2025,Term 3,Grade 6,Thursday,3,11:15,12:15,Mathematics,,,
CAL002504,2025-08-21,2025,Term 3,Grade 6,Thursday,4,13:00,14:00,English,,,
CAL002505,2025-08-21,2025,Term 3,Grade 6,Thursday,5,14:00,15:00,Science,,,
CAL002506,2025-08-22,2025,Term 3,Grade 4,Friday,1,08:45,09:45,Arts,,,
CAL002507,2025-08-22,2025,Term 3,Grade 4,Friday,2,09:45,10:45,Mathematics,,,
CAL002508,2025-08-22,2025,Term 3,Grade 4,Friday,3,11:15,12:15,English,,,
CAL002509,2025-08-22,2025,Term 3,Grade 4,Friday,4,13:00,14:00,Science,,,
CAL002510,2025-08-22,2025,Term 3,Grade 4,Friday,5,14:00,15:00,Humanities,,,
CAL002511,2025-08-22,2025,Term 3,Grade 5,Friday,1,08:45,09:45,Health and Physical Education,,,
CAL002512,2025-08-22,2025,Term 3,Grade 5,Friday,2,09:45,10:45,Mathematics,,,
CAL002513,2025-08-22,2025,Term 3,Grade 5,Friday,3,11:15,12:15,English,,,
CAL002514,2025-08-22,2025,Term 3,Grade 5,Friday,4,13:00,14:00,Science,,,
CAL002515,2025-08-22,2025,Term 3,Grade 5,Friday,5,14:00,15:00,Humanities,,,
CAL002516,2025-08-22,2025,Term 3,Grade 6,Friday,1,08:45,09:45,Design and Technology,,,
CAL002517,2025-08-22,2025,Term 3,Grade 6,Friday,2,09:45,10:45,Mathematics,,,
CAL002518,2025-08-22,2025,Term 3,Grade 6,Friday,3,11:15,12:15,English,,,
CAL002519,2025-08-22,2025,Term 3,Grade 6,Friday,4,13:00,14:00,Science,,,
CAL002520,2025-08-22,2025,Term 3,Grade 6,Friday,5,14:00,15:00,Humanities,,,
CAL002521,2025-08-25,2025,Term 3,Grade 4,Monday,1,08:45,09:45,Mathematics,,,
CAL002522,2025-08-25,2025,Term 3,Grade 4,Monday,2,09:45,10:45,English,,,
CAL002523,2025-08-25,2025,Term 3,Grade 4,Monday,3,11:15,12:15,Science,,,
CAL002524,2025-08-25,2025,Term 3,Grade 4,Monday,4,13:00,14:00,Humanities,,,
CAL002525,2025-08-25,2025,Term 3,Grade 4,Monday,5,14:00,15:00,Arts,,,
CAL002526,2025-08-25,2025,Term 3,Grade 5,Monday,1,08:45,09:45,Mathematics,,,
CAL002527,2025-08-25,2025,Term 3,Grade 5,Monday,2,09:45,10:45,English,,,
CAL002528,2025-08-25,2025,Term 3,Grade 5,Monday,3,11:15,12:15,Science,,,
CAL002529,2025-08-25,2025,Term 3,Grade 5,Monday,4,13:00,14:00,Humanities,,,
CAL002530,2025-08-25,2025,Term 3,Grade 5,Monday,5,14:00,15:00,Health and Physical Education,,,
CAL002531,2025-08-25,2025,Term 3,Grade 6,Monday,1,08:45,09:45,Mathematics,,,
CAL002532,2025-08-25,2025,Term 3,Grade 6,Monday,2,09:45,10:45,English,,,
CAL002533,2025-08-25,2025,Term 3,Grade 6,Monday,3,11:15,12:15,Science,,,
CAL002534,2025-08-25,2025,Term 3,Grade 6,Monday,4,13:00,14:00,Humanities,,,
CAL002535,2025-08-25,2025,Term 3,Grade 6,Monday,5,14:00,15:00,Design and Technology,,,
CAL002536,2025-08-26,2025,Term 3,Grade 4,Tuesday,1,08:45,09:45,English,,,
CAL002537,2025-08-26,2025,Term 3,Grade 4,Tuesday,2,09:45,10:45,Science,,,
CAL002538,2025-08-26,2025,Term 3,Grade 4,Tuesday,3,11:15,12:15,Humanities,,,
CAL002539,2025-08-26,2025,Term 3,Grade 4,Tuesday,4,13:00,14:00,Arts,,,
CAL002540,2025-08-26,2025,Term 3,Grade 4,Tuesday,5,14:00,15:00,Mathematics,,,
CAL002541,2025-08-26,2025,Term 3,Grade 5,Tuesday,1,08:45,09:45,English,,,
CAL002542,2025-08-26,2025,Term 3,Grade 5,Tuesday,2,09:45,10:45,Science,,,
CAL002543,2025-08-26,2025,Term 3,Grade 5,Tuesday,3,11:15,12:15,Humanities,,,
CAL002544,2025-08-26,2025,Term 3,Grade 5,Tuesday,4,13:00,14:00,Health and Physical Education,,,
CAL002545,2025-08-26,2025,Term 3,Grade 5,Tuesday,5,14:00,15:00,Mathematics,,,
CAL002546,2025-08-26,2025,Term 3,Grade 6,Tuesday,1,08:45,09:45,English,,,
CAL002547,2025-08-26,2025,Term 3,Grade 6,Tuesday,2,09:45,10:45,Science,,,
CAL002548,2025-08-26,2025,Term 3,Grade 6,Tuesday,3,11:15,12:15,Humanities,,,
CAL002549,2025-08-26,2025,Term 3,Grade 6,Tuesday,4,13:00,14:00,Design and Technology,,,
CAL002550,2025-08-26,2025,Term 3,Grade 6,Tuesday,5,14:00,15:00,Mathematics,,,
CAL002551,2025-08-27,2025,Term 3,Grade 4,Wednesday,1,08:45,09:45,Science,,,
CAL002552,2025-08-27,2025,Term 3,Grade 4,Wednesday,2,09:45,10:45,Humanities,,,
CAL002553,2025-08-27,2025,Term 3,Grade 4,Wednesday,3,11:15,12:15,Arts,,,
CAL002554,2025-08-27,2025,Term 3,Grade 4,Wednesday,4,13:00,14:00,Mathematics,,,
CAL002555,2025-08-27,2025,Term 3,Grade 4,Wednesday,5,14:00,15:00,English,,,
CAL002556,2025-08-27,2025,Term 3,Grade 5,Wednesday,1,08:45,09:45,Science,,,
CAL002557,2025-08-27,2025,Term 3,Grade 5,Wednesday,2,09:45,10:45,Humanities,,,
CAL002558,2025-08-27,2025,Term 3,Grade 5,Wednesday,3,11:15,12:15,Health and Physical Education,,,
CAL002559,2025-08-27,2025,Term 3,Grade 5,Wednesday,4,13:00,14:00,Mathematics,,,
CAL002560,2025-08-27,2025,Term 3,Grade 5,Wednesday,5,14:00,15:00,English,,,
CAL002561,2025-08-27,2025,Term 3,Grade 6,Wednesday,1,08:45,09:45,Science,,,
CAL002562,2025-08-27,2025,Term 3,Grade 6,Wednesday,2,09:45,10:45,Humanities,,,
CAL002563,2025-08-27,2025,Term 3,Grade 6,Wednesday,3,11:15,12:15,Design and Technology,,,
CAL002564,2025-08-27,2025,Term 3,Grade 6,Wednesday,4,13:00,14:00,Mathematics,,,
CAL002565,2025-08-27,2025,Term 3,Grade 6,Wednesday,5,14:00,15:00,English,,,
CAL002566,2025-08-28,2025,Term 3,Grade 4,Thursday,1,08:45,09:45,Humanities,,,
CAL002567,2025-08-28,2025,Term 3,Grade 4,Thursday,2,09:45,10:45,Arts,,,
CAL002568,2025-08-28,2025,Term 3,Grade 4,Thursday,3,11:15,12:15,Mathematics,,,
CAL002569,2025-08-28,2025,Term 3,Grade 4,Thursday,4,13:00,14:00,English,,,
CAL002570,2025-08-28,2025,Term 3,Grade 4,Thursday,5,14:00,15:00,Science,,,
CAL002571,2025-08-28,2025,Term 3,Grade 5,Thursday,1,08:45,09:45,Humanities,,,
CAL002572,2025-08-28,2025,Term 3,Grade 5,Thursday,2,09:45,10:45,Health and Physical Education,,,
CAL002573,2025-08-28,2025,Term 3,Grade 5,Thursday,3,11:15,12:15,Mathematics,,,
CAL002574,2025-08-28,2025,Term 3,Grade 5,Thursday,4,13:00,14:00,English,,,
CAL002575,2025-08-28,2025,Term 3,Grade 5,Thursday,5,14:00,15:00,Science,,,
CAL002576,2025-08-28,2025,Term 3,Grade 6,Thursday,1,08:45,09:45,Humanities,,,
CAL002577,2025-08-28,2025,Term 3,Grade 6,Thursday,2,09:45,10:45,Design and Technology,,,
CAL002578,2025-08-28,2025,Term 3,Grade 6,Thursday,3,11:15,12:15,Mathematics,,,
CAL002579,2025-08-28,2025,Term 3,Grade 6,Thursday,4,13:00,14:00,English,,,
CAL002580,2025-08-28,2025,Term 3,Grade 6,Thursday,5,14:00,15:00,Science,,,
CAL002581,2025-08-29,2025,Term 3,Grade 4,Friday,1,08:45,09:45,Arts,,,
CAL002582,2025-08-29,2025,Term 3,Grade 4,Friday,2,09:45,10:45,Mathematics,,,
CAL002583,2025-08-29,2025,Term 3,Grade 4,Friday,3,11:15,12:15,English,,,
CAL002584,2025-08-29,2025,Term 3,Grade 4,Friday,4,13:00,14:00,Science,,,
CAL002585,2025-08-29,2025,Term 3,Grade 4,Friday,5,14:00,15:00,Humanities,,,
CAL002586,2025-08-29,2025,Term 3,Grade 5,Friday,1,08:45,09:45,Health and Physical Education,,,
CAL002587,2025-08-29,2025,Term 3,Grade 5,Friday,2,09:45,10:45,Mathematics,,,
CAL002588,2025-08-29,2025,Term 3,Grade 5,Friday,3,11:15,12:15,English,,,
CAL002589,2025-08-29,2025,Term 3,Grade 5,Friday,4,13:00,14:00,Science,,,
CAL002590,2025-08-29,2025,Term 3,Grade 5,Friday,5,14:00,15:00,Humanities,,,
CAL002591,2025-08-29,2025,Term 3,Grade 6,Friday,1,08:45,09:45,Design and Technology,,,
CAL002592,2025-08-29,2025,Term 3,Grade 6,Friday,2,09:45,10:45,Mathematics,,,
CAL002593,2025-08-29,2025,Term 3,Grade 6,Friday,3,11:15,12:15,English,,,
CAL002594,2025-08-29,2025,Term 3,Grade 6,Friday,4,13:00,14:00,Science,,,
CAL002595,2025-08-29,2025,Term 3,Grade 6,Friday,5,14:00,15:00,Humanities,,,
CAL002596,2025-09-01,2025,Term 3,Grade 4,Monday,1,08:45,09:45,Mathematics,,,
CAL002597,2025-09-01,2025,Term 3,Grade 4,Monday,2,09:45,10:45,English,,,
CAL002598,2025-09-01,2025,Term 3,Grade 4,Monday,3,11:15,12:15,Science,,,
CAL002599,2025-09-01,2025,Term 3,Grade 4,Monday,4,13:00,14:00,Humanities,,,
CAL002600,2025-09-01,2025,Term 3,Grade 4,Monday,5,14:00,15:00,Arts,,,
CAL002601,2025-09-01,2025,Term 3,Grade 5,Monday,1,08:45,09:45,Mathematics,,,
CAL002602,2025-09-01,2025,Term 3,Grade 5,Monday,2,09:45,10:45,English,,,
CAL002603,2025-09-01,2025,Term 3,Grade 5,Monday,3,11:15,12:15,Science,,,
CAL002604,2025-09-01,2025,Term 3,Grade 5,Monday,4,13:00,14:00,Humanities,,,
CAL002605,2025-09-01,2025,Term 3,Grade 5,Monday,5,14:00,15:00,Health and Physical Education,,,
CAL002606,2025-09-01,2025,Term 3,Grade 6,Monday,1,08:45,09:45,Mathematics,,,
CAL002607,2025-09-01,2025,Term 3,Grade 6,Monday,2,09:45,10:45,English,,,
CAL002608,2025-09-01,2025,Term 3,Grade 6,Monday,3,11:15,12:15,Science,,,
CAL002609,2025-09-01,2025,Term 3,Grade 6,Monday,4,13:00,14:00,Humanities,,,
CAL002610,2025-09-01,2025,Term 3,Grade 6,Monday,5,14:00,15:00,Design and Technology,,,
CAL002611,2025-09-02,2025,Term 3,Grade 4,Tuesday,1,08:45,09:45,English,,,
CAL002612,2025-09-02,2025,Term 3,Grade 4,Tuesday,2,09:45,10:45,Science,,,
CAL002613,2025-09-02,2025,Term 3,Grade 4,Tuesday,3,11:15,12:15,Humanities,,,
CAL002614,2025-09-02,2025,Term 3,Grade 4,Tuesday,4,13:00,14:00,Arts,,,
CAL002615,2025-09-02,2025,Term 3,Grade 4,Tuesday,5,14:00,15:00,Mathematics,,,
CAL002616,2025-09-02,2025,Term 3,Grade 5,Tuesday,1,08:45,09:45,English,,,
CAL002617,2025-09-02,2025,Term 3,Grade 5,Tuesday,2,09:45,10:45,Science,,,
CAL002618,2025-09-02,2025,Term 3,Grade 5,Tuesday,3,11:15,12:15,Humanities,,,
CAL002619,2025-09-02,2025,Term 3,Grade 5,Tuesday,4,13:00,14:00,Health and Physical Education,,,
CAL002620,2025-09-02,2025,Term 3,Grade 5,Tuesday,5,14:00,15:00,Mathematics,,,
CAL002621,2025-09-02,2025,Term 3,Grade 6,Tuesday,1,08:45,09:45,English,,,
CAL002622,2025-09-02,2025,Term 3,Grade 6,Tuesday,2,09:45,10:45,Science,,,
CAL002623,2025-09-02,2025,Term 3,Grade 6,Tuesday,3,11:15,12:15,Humanities,,,
CAL002624,2025-09-02,2025,Term 3,Grade 6,Tuesday,4,13:00,14:00,Design and Technology,,,
CAL002625,2025-09-02,2025,Term 3,Grade 6,Tuesday,5,14:00,15:00,Mathematics,,,
CAL002626,2025-09-03,2025,Term 3,Grade 4,Wednesday,1,08:45,09:45,Science,,,
CAL002627,2025-09-03,2025,Term 3,Grade 4,Wednesday,2,09:45,10:45,Humanities,,,
CAL002628,2025-09-03,2025,Term 3,Grade 4,Wednesday,3,11:15,12:15,Arts,,,
CAL002629,2025-09-03,2025,Term 3,Grade 4,Wednesday,4,13:00,14:00,Mathematics,,,
CAL002630,2025-09-03,2025,Term 3,Grade 4,Wednesday,5,14:00,15:00,English,,,
CAL002631,2025-09-03,2025,Term 3,Grade 5,Wednesday,1,08:45,09:45,Science,,,
CAL002632,2025-09-03,2025,Term 3,Grade 5,Wednesday,2,09:45,10:45,Humanities,,,
CAL002633,2025-09-03,2025,Term 3,Grade 5,Wednesday,3,11:15,12:15,Health and Physical Education,,,
CAL002634,2025-09-03,2025,Term 3,Grade 5,Wednesday,4,13:00,14:00,Mathematics,,,
CAL002635,2025-09-03,2025,Term 3,Grade 5,Wednesday,5,14:00,15:00,English,,,
CAL002636,2025-09-03,2025,Term 3,Grade 6,Wednesday,1,08:45,09:45,Science,,,
CAL002637,2025-09-03,2025,Term 3,Grade 6,Wednesday,2,09:45,10:45,Humanities,,,
CAL002638,2025-09-03,2025,Term 3,Grade 6,Wednesday,3,11:15,12:15,Design and Technology,,,
CAL002639,2025-09-03,2025,Term 3,Grade 6,Wednesday,4,13:00,14:00,Mathematics,,,
CAL002640,2025-09-03,2025,Term 3,Grade 6,Wednesday,5,14:00,15:00,English,,,
CAL002641,2025-09-04,2025,Term 3,Grade 4,Thursday,1,08:45,09:45,Humanities,,,
CAL002642,2025-09-04,2025,Term 3,Grade 4,Thursday,2,09:45,10:45,Arts,,,
CAL002643,2025-09-04,2025,Term 3,Grade 4,Thursday,3,11:15,12:15,Mathematics,,,
CAL002644,2025-09-04,2025,Term 3,Grade 4,Thursday,4,13:00,14:00,English,,,
CAL002645,2025-09-04,2025,Term 3,Grade 4,Thursday,5,14:00,15:00,Science,,,
CAL002646,2025-09-04,2025,Term 3,Grade 5,Thursday,1,08:45,09:45,Humanities,,,
CAL002647,2025-09-04,2025,Term 3,Grade 5,Thursday,2,09:45,10:45,Health and Physical Education,,,
CAL002648,2025-09-04,2025,Term 3,Grade 5,Thursday,3,11:15,12:15,Mathematics,,,
CAL002649,2025-09-04,2025,Term 3,Grade 5,Thursday,4,13:00,14:00,English,,,
CAL002650,2025-09-04,2025,Term 3,Grade 5,Thursday,5,14:00,15:00,Science,,,
CAL002651,2025-09-04,2025,Term 3,Grade 6,Thursday,1,08:45,09:45,Humanities,,,
CAL002652,2025-09-04,2025,Term 3,Grade 6,Thursday,2,09:45,10:45,Design and Technology,,,
CAL002653,2025-09-04,2025,Term 3,Grade 6,Thursday,3,11:15,12:15,Mathematics,,,
CAL002654,2025-09-04,2025,Term 3,Grade 6,Thursday,4,13:00,14:00,English,,,
CAL002655,2025-09-04,2025,Term 3,Grade 6,Thursday,5,14:00,15:00,Science,,,
CAL002656,2025-09-05,2025,Term 3,Grade 4,Friday,1,08:45,09:45,Arts,,,
CAL002657,2025-09-05,2025,Term 3,Grade 4,Friday,2,09:45,10:45,Mathematics,,,
CAL002658,2025-09-05,2025,Term 3,Grade 4,Friday,3,11:15,12:15,English,,,
CAL002659,2025-09-05,2025,Term 3,Grade 4,Friday,4,13:00,14:00,Science,,,
CAL002660,2025-09-05,2025,Term 3,Grade 4,Friday,5,14:00,15:00,Humanities,,,
CAL002661,2025-09-05,2025,Term 3,Grade 5,Friday,1,08:45,09:45,Health and Physical Education,,,
CAL002662,2025-09-05,2025,Term 3,Grade 5,Friday,2,09:45,10:45,Mathematics,,,
CAL002663,2025-09-05,2025,Term 3,Grade 5,Friday,3,11:15,12:15,English,,,
CAL002664,2025-09-05,2025,Term 3,Grade 5,Friday,4,13:00,14:00,Science,,,
CAL002665,2025-09-05,2025,Term 3,Grade 5,Friday,5,14:00,15:00,Humanities,,,
CAL002666,2025-09-05,2025,Term 3,Grade 6,Friday,1,08:45,09:45,Design and Technology,,,
CAL002667,2025-09-05,2025,Term 3,Grade 6,Friday,2,09:45,10:45,Mathematics,,,
CAL002668,2025-09-05,2025,Term 3,Grade 6,Friday,3,11:15,12:15,English,,,
CAL002669,2025-09-05,2025,Term 3,Grade 6,Friday,4,13:00,14:00,Science,,,
CAL002670,2025-09-05,2025,Term 3,Grade 6,Friday,5,14:00,15:00,Humanities,,,
CAL002671,2025-09-08,2025,Term 3,Grade 4,Monday,1,08:45,09:45,Mathematics,,,
CAL002672,2025-09-08,2025,Term 3,Grade 4,Monday,2,09:45,10:45,English,,,
CAL002673,2025-09-08,2025,Term 3,Grade 4,Monday,3,11:15,12:15,Science,,,
CAL002674,2025-09-08,2025,Term 3,Grade 4,Monday,4,13:00,14:00,Humanities,,,
CAL002675,2025-09-08,2025,Term 3,Grade 4,Monday,5,14:00,15:00,Arts,,,
CAL002676,2025-09-08,2025,Term 3,Grade 5,Monday,1,08:45,09:45,Mathematics,,,
CAL002677,2025-09-08,2025,Term 3,Grade 5,Monday,2,09:45,10:45,English,,,
CAL002678,2025-09-08,2025,Term 3,Grade 5,Monday,3,11:15,12:15,Science,,,
CAL002679,2025-09-08,2025,Term 3,Grade 5,Monday,4,13:00,14:00,Humanities,,,
CAL002680,2025-09-08,2025,Term 3,Grade 5,Monday,5,14:00,15:00,Health and Physical Education,,,
CAL002681,2025-09-08,2025,Term 3,Grade 6,Monday,1,08:45,09:45,Mathematics,,,
CAL002682,2025-09-08,2025,Term 3,Grade 6,Monday,2,09:45,10:45,English,,,
CAL002683,2025-09-08,2025,Term 3,Grade 6,Monday,3,11:15,12:15,Science,,,
CAL002684,2025-09-08,2025,Term 3,Grade 6,Monday,4,13:00,14:00,Humanities,,,
CAL002685,2025-09-08,2025,Term 3,Grade 6,Monday,5,14:00,15:00,Design and Technology,,,
CAL002686,2025-09-09,2025,Term 3,Grade 4,Tuesday,1,08:45,09:45,English,,,
CAL002687,2025-09-09,2025,Term 3,Grade 4,Tuesday,2,09:45,10:45,Science,,,
CAL002688,2025-09-09,2025,Term 3,Grade 4,Tuesday,3,11:15,12:15,Humanities,,,
CAL002689,2025-09-09,2025,Term 3,Grade 4,Tuesday,4,13:00,14:00,Arts,,,
CAL002690,2025-09-09,2025,Term 3,Grade 4,Tuesday,5,14:00,15:00,Mathematics,,,
CAL002691,2025-09-09,2025,Term 3,Grade 5,Tuesday,1,08:45,09:45,English,,,
CAL002692,2025-09-09,2025,Term 3,Grade 5,Tuesday,2,09:45,10:45,Science,,,
CAL002693,2025-09-09,2025,Term 3,Grade 5,Tuesday,3,11:15,12:15,Humanities,,,
CAL002694,2025-09-09,2025,Term 3,Grade 5,Tuesday,4,13:00,14:00,Health and Physical Education,,,
CAL002695,2025-09-09,2025,Term 3,Grade 5,Tuesday,5,14:00,15:00,Mathematics,,,
CAL002696,2025-09-09,2025,Term 3,Grade 6,Tuesday,1,08:45,09:45,English,,,
CAL002697,2025-09-09,2025,Term 3,Grade 6,Tuesday,2,09:45,10:45,Science,,,
CAL002698,2025-09-09,2025,Term 3,Grade 6,Tuesday,3,11:15,12:15,Humanities,,,
CAL002699,2025-09-09,2025,Term 3,Grade 6,Tuesday,4,13:00,14:00,Design and Technology,,,
CAL002700,2025-09-09,2025,Term 3,Grade 6,Tuesday,5,14:00,15:00,Mathematics,,,
CAL002701,2025-09-10,2025,Term 3,Grade 4,Wednesday,1,08:45,09:45,Science,,,
CAL002702,2025-09-10,2025,Term 3,Grade 4,Wednesday,2,09:45,10:45,Humanities,,,
CAL002703,2025-09-10,2025,Term 3,Grade 4,Wednesday,3,11:15,12:15,Arts,,,
CAL002704,2025-09-10,2025,Term 3,Grade 4,Wednesday,4,13:00,14:00,Mathematics,,,
CAL002705,2025-09-10,2025,Term 3,Grade 4,Wednesday,5,14:00,15:00,English,,,
CAL002706,2025-09-10,2025,Term 3,Grade 5,Wednesday,1,08:45,09:45,Science,,,
CAL002707,2025-09-10,2025,Term 3,Grade 5,Wednesday,2,09:45,10:45,Humanities,,,
CAL002708,2025-09-10,2025,Term 3,Grade 5,Wednesday,3,11:15,12:15,Health and Physical Education,,,
CAL002709,2025-09-10,2025,Term 3,Grade 5,Wednesday,4,13:00,14:00,Mathematics,,,
CAL002710,2025-09-10,2025,Term 3,Grade 5,Wednesday,5,14:00,15:00,English,,,
CAL002711,2025-09-10,2025,Term 3,Grade 6,Wednesday,1,08:45,09:45,Science,,,
CAL002712,2025-09-10,2025,Term 3,Grade 6,Wednesday,2,09:45,10:45,Humanities,,,
CAL002713,2025-09-10,2025,Term 3,Grade 6,Wednesday,3,11:15,12:15,Design and Technology,,,
CAL002714,2025-09-10,2025,Term 3,Grade 6,Wednesday,4,13:00,14:00,Mathematics,,,
CAL002715,2025-09-10,2025,Term 3,Grade 6,Wednesday,5,14:00,15:00,English,,,
CAL002716,2025-09-11,2025,Term 3,Grade 4,Thursday,1,08:45,09:45,Humanities,,,
CAL002717,2025-09-11,2025,Term 3,Grade 4,Thursday,2,09:45,10:45,Arts,,,
CAL002718,2025-09-11,2025,Term 3,Grade 4,Thursday,3,11:15,12:15,Mathematics,,,
CAL002719,2025-09-11,2025,Term 3,Grade 4,Thursday,4,13:00,14:00,English,,,
CAL002720,2025-09-11,2025,Term 3,Grade 4,Thursday,5,14:00,15:00,Science,,,
CAL002721,2025-09-11,2025,Term 3,Grade 5,Thursday,1,08:45,09:45,Humanities,,,
CAL002722,2025-09-11,2025,Term 3,Grade 5,Thursday,2,09:45,10:45,Health and Physical Education,,,
CAL002723,2025-09-11,2025,Term 3,Grade 5,Thursday,3,11:15,12:15,Mathematics,,,
CAL002724,2025-09-11,2025,Term 3,Grade 5,Thursday,4,13:00,14:00,English,,,
CAL002725,2025-09-11,2025,Term 3,Grade 5,Thursday,5,14:00,15:00,Science,,,
CAL002726,2025-09-11,2025,Term 3,Grade 6,Thursday,1,08:45,09:45,Humanities,,,
CAL002727,2025-09-11,2025,Term 3,Grade 6,Thursday,2,09:45,10:45,Design and Technology,,,
CAL002728,2025-09-11,2025,Term 3,Grade 6,Thursday,3,11:15,12:15,Mathematics,,,
CAL002729,2025-09-11,2025,Term 3,Grade 6,Thursday,4,13:00,14:00,English,,,
CAL002730,2025-09-11,2025,Term 3,Grade 6,Thursday,5,14:00,15:00,Science,,,
CAL002731,2025-09-12,2025,Term 3,Grade 4,Friday,1,08:45,09:45,Arts,,Science Fair,School event
CAL002732,2025-09-12,2025,Term 3,Grade 4,Friday,2,09:45,10:45,Mathematics,,Science Fair,School event
CAL002733,2025-09-12,2025,Term 3,Grade 4,Friday,3,11:15,12:15,English,,Science Fair,School event
CAL002734,2025-09-12,2025,Term 3,Grade 4,Friday,4,13:00,14:00,Science,,Science Fair,School event
CAL002735,2025-09-12,2025,Term 3,Grade 4,Friday,5,14:00,15:00,Humanities,,Science Fair,School event
CAL002736,2025-09-12,2025,Term 3,Grade 5,Friday,1,08:45,09:45,Health and Physical Education,,Science Fair,School event
CAL002737,2025-09-12,2025,Term 3,Grade 5,Friday,2,09:45,10:45,Mathematics,,Science Fair,School event
CAL002738,2025-09-12,2025,Term 3,Grade 5,Friday,3,11:15,12:15,English,,Science Fair,School event
CAL002739,2025-09-12,2025,Term 3,Grade 5,Friday,4,13:00,14:00,Science,,Science Fair,School event
CAL002740,2025-09-12,2025,Term 3,Grade 5,Friday,5,14:00,15:00,Humanities,,Science Fair,School event
CAL002741,2025-09-12,2025,Term 3,Grade 6,Friday,1,08:45,09:45,Design and Technology,,Science Fair,School event
CAL002742,2025-09-12,2025,Term 3,Grade 6,Friday,2,09:45,10:45,Mathematics,,Science Fair,School event
CAL002743,2025-09-12,2025,Term 3,Grade 6,Friday,3,11:15,12:15,English,,Science Fair,School event
CAL002744,2025-09-12,2025,Term 3,Grade 6,Friday,4,13:00,14:00,Science,,Science Fair,School event
CAL002745,2025-09-12,2025,Term 3,Grade 6,Friday,5,14:00,15:00,Humanities,,Science Fair,School event
CAL002746,2025-09-15,2025,Term 3,Grade 4,Monday,1,08:45,09:45,Mathematics,,,
CAL002747,2025-09-15,2025,Term 3,Grade 4,Monday,2,09:45,10:45,English,,,
CAL002748,2025-09-15,2025,Term 3,Grade 4,Monday,3,11:15,12:15,Science,,,
CAL002749,2025-09-15,2025,Term 3,Grade 4,Monday,4,13:00,14:00,Humanities,,,
CAL002750,2025-09-15,2025,Term 3,Grade 4,Monday,5,14:00,15:00,Arts,,,
CAL002751,2025-09-15,2025,Term 3,Grade 5,Monday,1,08:45,09:45,Mathematics,,,
CAL002752,2025-09-15,2025,Term 3,Grade 5,Monday,2,09:45,10:45,English,,,
CAL002753,2025-09-15,2025,Term 3,Grade 5,Monday,3,11:15,12:15,Science,,,
CAL002754,2025-09-15,2025,Term 3,Grade 5,Monday,4,13:00,14:00,Humanities,,,
CAL002755,2025-09-15,2025,Term 3,Grade 5,Monday,5,14:00,15:00,Health and Physical Education,,,
CAL002756,2025-09-15,2025,Term 3,Grade 6,Monday,1,08:45,09:45,Mathematics,,,
CAL002757,2025-09-15,2025,Term 3,Grade 6,Monday,2,09:45,10:45,English,,,
CAL002758,2025-09-15,2025,Term 3,Grade 6,Monday,3,11:15,12:15,Science,,,
CAL002759,2025-09-15,2025,Term 3,Grade 6,Monday,4,13:00,14:00,Humanities,,,
CAL002760,2025-09-15,2025,Term 3,Grade 6,Monday,5,14:00,15:00,Design and Technology,,,
CAL002761,2025-09-16,2025,Term 3,Grade 4,Tuesday,1,08:45,09:45,English,,,
CAL002762,2025-09-16,2025,Term 3,Grade 4,Tuesday,2,09:45,10:45,Science,,,
CAL002763,2025-09-16,2025,Term 3,Grade 4,Tuesday,3,11:15,12:15,Humanities,,,
CAL002764,2025-09-16,2025,Term 3,Grade 4,Tuesday,4,13:00,14:00,Arts,,,
CAL002765,2025-09-16,2025,Term 3,Grade 4,Tuesday,5,14:00,15:00,Mathematics,,,
CAL002766,2025-09-16,2025,Term 3,Grade 5,Tuesday,1,08:45,09:45,English,,,
CAL002767,2025-09-16,2025,Term 3,Grade 5,Tuesday,2,09:45,10:45,Science,,,
CAL002768,2025-09-16,2025,Term 3,Grade 5,Tuesday,3,11:15,12:15,Humanities,,,
CAL002769,2025-09-16,2025,Term 3,Grade 5,Tuesday,4,13:00,14:00,Health and Physical Education,,,
CAL002770,2025-09-16,2025,Term 3,Grade 5,Tuesday,5,14:00,15:00,Mathematics,,,
CAL002771,2025-09-16,2025,Term 3,Grade 6,Tuesday,1,08:45,09:45,English,,,
CAL002772,2025-09-16,2025,Term 3,Grade 6,Tuesday,2,09:45,10:45,Science,,,
CAL002773,2025-09-16,2025,Term 3,Grade 6,Tuesday,3,11:15,12:15,Humanities,,,
CAL002774,2025-09-16,2025,Term 3,Grade 6,Tuesday,4,13:00,14:00,Design and Technology,,,
CAL002775,2025-09-16,2025,Term 3,Grade 6,Tuesday,5,14:00,15:00,Mathematics,,,
CAL002776,2025-09-17,2025,Term 3,Grade 4,Wednesday,1,08:45,09:45,Science,,,
CAL002777,2025-09-17,2025,Term 3,Grade 4,Wednesday,2,09:45,10:45,Humanities,,,
CAL002778,2025-09-17,2025,Term 3,Grade 4,Wednesday,3,11:15,12:15,Arts,,,
CAL002779,2025-09-17,2025,Term 3,Grade 4,Wednesday,4,13:00,14:00,Mathematics,,,
CAL002780,2025-09-17,2025,Term 3,Grade 4,Wednesday,5,14:00,15:00,English,,,
CAL002781,2025-09-17,2025,Term 3,Grade 5,Wednesday,1,08:45,09:45,Science,,,
CAL002782,2025-09-17,2025,Term 3,Grade 5,Wednesday,2,09:45,10:45,Humanities,,,
CAL002783,2025-09-17,2025,Term 3,Grade 5,Wednesday,3,11:15,12:15,Health and Physical Education,,,
CAL002784,2025-09-17,2025,Term 3,Grade 5,Wednesday,4,13:00,14:00,Mathematics,,,
CAL002785,2025-09-17,2025,Term 3,Grade 5,Wednesday,5,14:00,15:00,English,,,
CAL002786,2025-09-17,2025,Term 3,Grade 6,Wednesday,1,08:45,09:45,Science,,,
CAL002787,2025-09-17,2025,Term 3,Grade 6,Wednesday,2,09:45,10:45,Humanities,,,
CAL002788,2025-09-17,2025,Term 3,Grade 6,Wednesday,3,11:15,12:15,Design and Technology,,,
CAL002789,2025-09-17,2025,Term 3,Grade 6,Wednesday,4,13:00,14:00,Mathematics,,,
CAL002790,2025-09-17,2025,Term 3,Grade 6,Wednesday,5,14:00,15:00,English,,,
CAL002791,2025-09-18,2025,Term 3,Grade 4,Thursday,1,08:45,09:45,Humanities,,,
CAL002792,2025-09-18,2025,Term 3,Grade 4,Thursday,2,09:45,10:45,Arts,,,
CAL002793,2025-09-18,2025,Term 3,Grade 4,Thursday,3,11:15,12:15,Mathematics,,,
CAL002794,2025-09-18,2025,Term 3,Grade 4,Thursday,4,13:00,14:00,English,,,
CAL002795,2025-09-18,2025,Term 3,Grade 4,Thursday,5,14:00,15:00,Science,,,
CAL002796,2025-09-18,2025,Term 3,Grade 5,Thursday,1,08:45,09:45,Humanities,,,
CAL002797,2025-09-18,2025,Term 3,Grade 5,Thursday,2,09:45,10:45,Health and Physical Education,,,
CAL002798,2025-09-18,2025,Term 3,Grade 5,Thursday,3,11:15,12:15,Mathematics,,,
CAL002799,2025-09-18,2025,Term 3,Grade 5,Thursday,4,13:00,14:00,English,,,
CAL002800,2025-09-18,2025,Term 3,Grade 5,Thursday,5,14:00,15:00,Science,,,
CAL002801,2025-09-18,2025,Term 3,Grade 6,Thursday,1,08:45,09:45,Humanities,,,
CAL002802,2025-09-18,2025,Term 3,Grade 6,Thursday,2,09:45,10:45,Design and Technology,,,
CAL002803,2025-09-18,2025,Term 3,Grade 6,Thursday,3,11:15,12:15,Mathematics,,,
CAL002804,2025-09-18,2025,Term 3,Grade 6,Thursday,4,13:00,14:00,English,,,
CAL002805,2025-09-18,2025,Term 3,Grade 6,Thursday,5,14:00,15:00,Science,,,
CAL002806,2025-09-19,2025,Term 3,Grade 4,Friday,1,08:45,09:45,Arts,,,
CAL002807,2025-09-19,2025,Term 3,Grade 4,Friday,2,09:45,10:45,Mathematics,,,
CAL002808,2025-09-19,2025,Term 3,Grade 4,Friday,3,11:15,12:15,English,,,
CAL002809,2025-09-19,2025,Term 3,Grade 4,Friday,4,13:00,14:00,Science,,,
CAL002810,2025-09-19,2025,Term 3,Grade 4,Friday,5,14:00,15:00,Humanities,,,
CAL002811,2025-09-19,2025,Term 3,Grade 5,Friday,1,08:45,09:45,Health and Physical Education,,,
CAL002812,2025-09-19,2025,Term 3,Grade 5,Friday,2,09:45,10:45,Mathematics,,,
CAL002813,2025-09-19,2025,Term 3,Grade 5,Friday,3,11:15,12:15,English,,,
CAL002814,2025-09-19,2025,Term 3,Grade 5,Friday,4,13:00,14:00,Science,,,
CAL002815,2025-09-19,2025,Term 3,Grade 5,Friday,5,14:00,15:00,Humanities,,,
CAL002816,2025-09-19,2025,Term 3,Grade 6,Friday,1,08:45,09:45,Design and Technology,,,
CAL002817,2025-09-19,2025,Term 3,Grade 6,Friday,2,09:45,10:45,Mathematics,,,
CAL002818,2025-09-19,2025,Term 3,Grade 6,Friday,3,11:15,12:15,English,,,
CAL002819,2025-09-19,2025,Term 3,Grade 6,Friday,4,13:00,14:00,Science,,,
CAL002820,2025-09-19,2025,Term 3,Grade 6,Friday,5,14:00,15:00,Humanities,,,
CAL002821,2025-09-22,2025,Term 3,Grade 4,Monday,1,08:45,09:45,Mathematics,,,
CAL002822,2025-09-22,2025,Term 3,Grade 4,Monday,2,09:45,10:45,English,,,
CAL002823,2025-09-22,2025,Term 3,Grade 4,Monday,3,11:15,12:15,Science,,,
CAL002824,2025-09-22,2025,Term 3,Grade 4,Monday,4,13:00,14:00,Humanities,,,
CAL002825,2025-09-22,2025,Term 3,Grade 4,Monday,5,14:00,15:00,Arts,,,
CAL002826,2025-09-22,2025,Term 3,Grade 5,Monday,1,08:45,09:45,Mathematics,,,
CAL002827,2025-09-22,2025,Term 3,Grade 5,Monday,2,09:45,10:45,English,,,
CAL002828,2025-09-22,2025,Term 3,Grade 5,Monday,3,11:15,12:15,Science,,,
CAL002829,2025-09-22,2025,Term 3,Grade 5,Monday,4,13:00,14:00,Humanities,,,
CAL002830,2025-09-22,2025,Term 3,Grade 5,Monday,5,14:00,15:00,Health and Physical Education,,,
CAL002831,2025-09-22,2025,Term 3,Grade 6,Monday,1,08:45,09:45,Mathematics,,,
CAL002832,2025-09-22,2025,Term 3,Grade 6,Monday,2,09:45,10:45,English,,,
CAL002833,2025-09-22,2025,Term 3,Grade 6,Monday,3,11:15,12:15,Science,,,
CAL002834,2025-09-22,2025,Term 3,Grade 6,Monday,4,13:00,14:00,Humanities,,,
CAL002835,2025-09-22,2025,Term 3,Grade 6,Monday,5,14:00,15:00,Design and Technology,,,
CAL002836,2025-09-23,2025,Term 3,Grade 4,Tuesday,1,08:45,09:45,English,,,
CAL002837,2025-09-23,2025,Term 3,Grade 4,Tuesday,2,09:45,10:45,Science,,,
CAL002838,2025-09-23,2025,Term 3,Grade 4,Tuesday,3,11:15,12:15,Humanities,,,
CAL002839,2025-09-23,2025,Term 3,Grade 4,Tuesday,4,13:00,14:00,Arts,,,
CAL002840,2025-09-23,2025,Term 3,Grade 4,Tuesday,5,14:00,15:00,Mathematics,,,
CAL002841,2025-09-23,2025,Term 3,Grade 5,Tuesday,1,08:45,09:45,English,,,
CAL002842,2025-09-23,2025,Term 3,Grade 5,Tuesday,2,09:45,10:45,Science,,,
CAL002843,2025-09-23,2025,Term 3,Grade 5,Tuesday,3,11:15,12:15,Humanities,,,
CAL002844,2025-09-23,2025,Term 3,Grade 5,Tuesday,4,13:00,14:00,Health and Physical Education,,,
CAL002845,2025-09-23,2025,Term 3,Grade 5,Tuesday,5,14:00,15:00,Mathematics,,,
CAL002846,2025-09-23,2025,Term 3,Grade 6,Tuesday,1,08:45,09:45,English,,,
CAL002847,2025-09-23,2025,Term 3,Grade 6,Tuesday,2,09:45,10:45,Science,,,
CAL002848,2025-09-23,2025,Term 3,Grade 6,Tuesday,3,11:15,12:15,Humanities,,,
CAL002849,2025-09-23,2025,Term 3,Grade 6,Tuesday,4,13:00,14:00,Design and Technology,,,
CAL002850,2025-09-23,2025,Term 3,Grade 6,Tuesday,5,14:00,15:00,Mathematics,,,
CAL002851,2025-09-24,2025,Term 3,Grade 4,Wednesday,1,08:45,09:45,Science,,,
CAL002852,2025-09-24,2025,Term 3,Grade 4,Wednesday,2,09:45,10:45,Humanities,,,
CAL002853,2025-09-24,2025,Term 3,Grade 4,Wednesday,3,11:15,12:15,Arts,,,
CAL002854,2025-09-24,2025,Term 3,Grade 4,Wednesday,4,13:00,14:00,Mathematics,,,
CAL002855,2025-09-24,2025,Term 3,Grade 4,Wednesday,5,14:00,15:00,English,,,
CAL002856,2025-09-24,2025,Term 3,Grade 5,Wednesday,1,08:45,09:45,Science,,,
CAL002857,2025-09-24,2025,Term 3,Grade 5,Wednesday,2,09:45,10:45,Humanities,,,
CAL002858,2025-09-24,2025,Term 3,Grade 5,Wednesday,3,11:15,12:15,Health and Physical Education,,,
CAL002859,2025-09-24,2025,Term 3,Grade 5,Wednesday,4,13:00,14:00,Mathematics,,,
CAL002860,2025-09-24,2025,Term 3,Grade 5,Wednesday,5,14:00,15:00,English,,,
CAL002861,2025-09-24,2025,Term 3,Grade 6,Wednesday,1,08:45,09:45,Science,,,
CAL002862,2025-09-24,2025,Term 3,Grade 6,Wednesday,2,09:45,10:45,Humanities,,,
CAL002863,2025-09-24,2025,Term 3,Grade 6,Wednesday,3,11:15,12:15,Design and Technology,,,
CAL002864,2025-09-24,2025,Term 3,Grade 6,Wednesday,4,13:00,14:00,Mathematics,,,
CAL002865,2025-09-24,2025,Term 3,Grade 6,Wednesday,5,14:00,15:00,English,,,
CAL002866,2025-09-25,2025,Term 3,Grade 4,Thursday,1,08:45,09:45,Humanities,,,
CAL002867,2025-09-25,2025,Term 3,Grade 4,Thursday,2,09:45,10:45,Arts,,,
CAL002868,2025-09-25,2025,Term 3,Grade 4,Thursday,3,11:15,12:15,Mathematics,,,
CAL002869,2025-09-25,2025,Term 3,Grade 4,Thursday,4,13:00,14:00,English,,,
CAL002870,2025-09-25,2025,Term 3,Grade 4,Thursday,5,14:00,15:00,Science,,,
CAL002871,2025-09-25,2025,Term 3,Grade 5,Thursday,1,08:45,09:45,Humanities,,,
CAL002872,2025-09-25,2025,Term 3,Grade 5,Thursday,2,09:45,10:45,Health and Physical Education,,,
CAL002873,2025-09-25,2025,Term 3,Grade 5,Thursday,3,11:15,12:15,Mathematics,,,
CAL002874,2025-09-25,2025,Term 3,Grade 5,Thursday,4,13:00,14:00,English,,,
CAL002875,2025-09-25,2025,Term 3,Grade 5,Thursday,5,14:00,15:00,Science,,,
CAL002876,2025-09-25,2025,Term 3,Grade 6,Thursday,1,08:45,09:45,Humanities,,,
CAL002877,2025-09-25,2025,Term 3,Grade 6,Thursday,2,09:45,10:45,Design and Technology,,,
CAL002878,2025-09-25,2025,Term 3,Grade 6,Thursday,3,11:15,12:15,Mathematics,,,
CAL002879,2025-09-25,2025,Term 3,Grade 6,Thursday,4,13:00,14:00,English,,,
CAL002880,2025-09-25,2025,Term 3,Grade 6,Thursday,5,14:00,15:00,Science,,,
CAL002881,2025-09-26,2025,Term 3,Grade 4,Friday,1,08:45,09:45,Arts,,,
CAL002882,2025-09-26,2025,Term 3,Grade 4,Friday,2,09:45,10:45,Mathematics,,,
CAL002883,2025-09-26,2025,Term 3,Grade 4,Friday,3,11:15,12:15,English,,,
CAL002884,2025-09-26,2025,Term 3,Grade 4,Friday,4,13:00,14:00,Science,,,
CAL002885,2025-09-26,2025,Term 3,Grade 4,Friday,5,14:00,15:00,Humanities,,,
CAL002886,2025-09-26,2025,Term 3,Grade 5,Friday,1,08:45,09:45,Health and Physical Education,,,
CAL002887,2025-09-26,2025,Term 3,Grade 5,Friday,2,09:45,10:45,Mathematics,,,
CAL002888,2025-09-26,2025,Term 3,Grade 5,Friday,3,11:15,12:15,English,,,
CAL002889,2025-09-26,2025,Term 3,Grade 5,Friday,4,13:00,14:00,Science,,,
CAL002890,2025-09-26,2025,Term 3,Grade 5,Friday,5,14:00,15:00,Humanities,,,
CAL002891,2025-09-26,2025,Term 3,Grade 6,Friday,1,08:45,09:45,Design and Technology,,,
CAL002892,2025-09-26,2025,Term 3,Grade 6,Friday,2,09:45,10:45,Mathematics,,,
CAL002893,2025-09-26,2025,Term 3,Grade 6,Friday,3,11:15,12:15,English,,,
CAL002894,2025-09-26,2025,Term 3,Grade 6,Friday,4,13:00,14:00,Science,,,
CAL002895,2025-09-26,2025,Term 3,Grade 6,Friday,5,14:00,15:00,Humanities,,,
CAL002896,2025-09-29,2025,Term 3,Grade 4,Monday,1,08:45,09:45,Mathematics,,,
CAL002897,2025-09-29,2025,Term 3,Grade 4,Monday,2,09:45,10:45,English,,,
CAL002898,2025-09-29,2025,Term 3,Grade 4,Monday,3,11:15,12:15,Science,,,
CAL002899,2025-09-29,2025,Term 3,Grade 4,Monday,4,13:00,14:00,Humanities,,,
CAL002900,2025-09-29,2025,Term 3,Grade 4,Monday,5,14:00,15:00,Arts,,,
CAL002901,2025-09-29,2025,Term 3,Grade 5,Monday,1,08:45,09:45,Mathematics,,,
CAL002902,2025-09-29,2025,Term 3,Grade 5,Monday,2,09:45,10:45,English,,,
CAL002903,2025-09-29,2025,Term 3,Grade 5,Monday,3,11:15,12:15,Science,,,
CAL002904,2025-09-29,2025,Term 3,Grade 5,Monday,4,13:00,14:00,Humanities,,,
CAL002905,2025-09-29,2025,Term 3,Grade 5,Monday,5,14:00,15:00,Health and Physical Education,,,
CAL002906,2025-09-29,2025,Term 3,Grade 6,Monday,1,08:45,09:45,Mathematics,,,
CAL002907,2025-09-29,2025,Term 3,Grade 6,Monday,2,09:45,10:45,English,,,
CAL002908,2025-09-29,2025,Term 3,Grade 6,Monday,3,11:15,12:15,Science,,,
CAL002909,2025-09-29,2025,Term 3,Grade 6,Monday,4,13:00,14:00,Humanities,,,
CAL002910,2025-09-29,2025,Term 3,Grade 6,Monday,5,14:00,15:00,Design and Technology,,,
CAL002911,2025-09-30,2025,Term 3,Grade 4,Tuesday,1,08:45,09:45,English,,,
CAL002912,2025-09-30,2025,Term 3,Grade 4,Tuesday,2,09:45,10:45,Science,,,
CAL002913,2025-09-30,2025,Term 3,Grade 4,Tuesday,3,11:15,12:15,Humanities,,,
CAL002914,2025-09-30,2025,Term 3,Grade 4,Tuesday,4,13:00,14:00,Arts,,,
CAL002915,2025-09-30,2025,Term 3,Grade 4,Tuesday,5,14:00,15:00,Mathematics,,,
CAL002916,2025-09-30,2025,Term 3,Grade 5,Tuesday,1,08:45,09:45,English,,,
CAL002917,2025-09-30,2025,Term 3,Grade 5,Tuesday,2,09:45,10:45,Science,,,
CAL002918,2025-09-30,2025,Term 3,Grade 5,Tuesday,3,11:15,12:15,Humanities,,,
CAL002919,2025-09-30,2025,Term 3,Grade 5,Tuesday,4,13:00,14:00,Health and Physical Education,,,
CAL002920,2025-09-30,2025,Term 3,Grade 5,Tuesday,5,14:00,15:00,Mathematics,,,
CAL002921,2025-09-30,2025,Term 3,Grade 6,Tuesday,1,08:45,09:45,English,,,
CAL002922,2025-09-30,2025,Term 3,Grade 6,Tuesday,2,09:45,10:45,Science,,,
CAL002923,2025-09-30,2025,Term 3,Grade 6,Tuesday,3,11:15,12:15,Humanities,,,
CAL002924,2025-09-30,2025,Term 3,Grade 6,Tuesday,4,13:00,14:00,Design and Technology,,,
CAL002925,2025-09-30,2025,Term 3,Grade 6,Tuesday,5,14:00,15:00,Mathematics,,,
CAL002926,2025-10-01,2025,Term 4,Grade 4,Wednesday,1,08:45,09:45,Science,,,
CAL002927,2025-10-01,2025,Term 4,Grade 4,Wednesday,2,09:45,10:45,Humanities,,,
CAL002928,2025-10-01,2025,Term 4,Grade 4,Wednesday,3,11:15,12:15,Arts,,,
CAL002929,2025-10-01,2025,Term 4,Grade 4,Wednesday,4,13:00,14:00,Mathematics,,,
CAL002930,2025-10-01,2025,Term 4,Grade 4,Wednesday,5,14:00,15:00,English,,,
CAL002931,2025-10-01,2025,Term 4,Grade 5,Wednesday,1,08:45,09:45,Science,,,
CAL002932,2025-10-01,2025,Term 4,Grade 5,Wednesday,2,09:45,10:45,Humanities,,,
CAL002933,2025-10-01,2025,Term 4,Grade 5,Wednesday,3,11:15,12:15,Health and Physical Education,,,
CAL002934,2025-10-01,2025,Term 4,Grade 5,Wednesday,4,13:00,14:00,Mathematics,,,
CAL002935,2025-10-01,2025,Term 4,Grade 5,Wednesday,5,14:00,15:00,English,,,
CAL002936,2025-10-01,2025,Term 4,Grade 6,Wednesday,1,08:45,09:45,Science,,,
CAL002937,2025-10-01,2025,Term 4,Grade 6,Wednesday,2,09:45,10:45,Humanities,,,
CAL002938,2025-10-01,2025,Term 4,Grade 6,Wednesday,3,11:15,12:15,Design and Technology,,,
CAL002939,2025-10-01,2025,Term 4,Grade 6,Wednesday,4,13:00,14:00,Mathematics,,,
CAL002940,2025-10-01,2025,Term 4,Grade 6,Wednesday,5,14:00,15:00,English,,,
CAL002941,2025-10-02,2025,Term 4,Grade 4,Thursday,1,08:45,09:45,Humanities,,,
CAL002942,2025-10-02,2025,Term 4,Grade 4,Thursday,2,09:45,10:45,Arts,,,
CAL002943,2025-10-02,2025,Term 4,Grade 4,Thursday,3,11:15,12:15,Mathematics,,,
CAL002944,2025-10-02,2025,Term 4,Grade 4,Thursday,4,13:00,14:00,English,,,
CAL002945,2025-10-02,2025,Term 4,Grade 4,Thursday,5,14:00,15:00,Science,,,
CAL002946,2025-10-02,2025,Term 4,Grade 5,Thursday,1,08:45,09:45,Humanities,,,
CAL002947,2025-10-02,2025,Term 4,Grade 5,Thursday,2,09:45,10:45,Health and Physical Education,,,
CAL002948,2025-10-02,2025,Term 4,Grade 5,Thursday,3,11:15,12:15,Mathematics,,,
CAL002949,2025-10-02,2025,Term 4,Grade 5,Thursday,4,13:00,14:00,English,,,
CAL002950,2025-10-02,2025,Term 4,Grade 5,Thursday,5,14:00,15:00,Science,,,
CAL002951,2025-10-02,2025,Term 4,Grade 6,Thursday,1,08:45,09:45,Humanities,,,
CAL002952,2025-10-02,2025,Term 4,Grade 6,Thursday,2,09:45,10:45,Design and Technology,,,
CAL002953,2025-10-02,2025,Term 4,Grade 6,Thursday,3,11:15,12:15,Mathematics,,,
CAL002954,2025-10-02,2025,Term 4,Grade 6,Thursday,4,13:00,14:00,English,,,
CAL002955,2025-10-02,2025,Term 4,Grade 6,Thursday,5,14:00,15:00,Science,,,
CAL002956,2025-10-03,2025,Term 4,Grade 4,Friday,1,08:45,09:45,Arts,,,
CAL002957,2025-10-03,2025,Term 4,Grade 4,Friday,2,09:45,10:45,Mathematics,,,
CAL002958,2025-10-03,2025,Term 4,Grade 4,Friday,3,11:15,12:15,English,,,
CAL002959,2025-10-03,2025,Term 4,Grade 4,Friday,4,13:00,14:00,Science,,,
CAL002960,2025-10-03,2025,Term 4,Grade 4,Friday,5,14:00,15:00,Humanities,,,
CAL002961,2025-10-03,2025,Term 4,Grade 5,Friday,1,08:45,09:45,Health and Physical Education,,,
CAL002962,2025-10-03,2025,Term 4,Grade 5,Friday,2,09:45,10:45,Mathematics,,,
CAL002963,2025-10-03,2025,Term 4,Grade 5,Friday,3,11:15,12:15,English,,,
CAL002964,2025-10-03,2025,Term 4,Grade 5,Friday,4,13:00,14:00,Science,,,
CAL002965,2025-10-03,2025,Term 4,Grade 5,Friday,5,14:00,15:00,Humanities,,,
CAL002966,2025-10-03,2025,Term 4,Grade 6,Friday,1,08:45,09:45,Design and Technology,,,
CAL002967,2025-10-03,2025,Term 4,Grade 6,Friday,2,09:45,10:45,Mathematics,,,
CAL002968,2025-10-03,2025,Term 4,Grade 6,Friday,3,11:15,12:15,English,,,
CAL002969,2025-10-03,2025,Term 4,Grade 6,Friday,4,13:00,14:00,Science,,,
CAL002970,2025-10-03,2025,Term 4,Grade 6,Friday,5,14:00,15:00,Humanities,,,
CAL002971,2025-10-06,2025,Term 4,Grade 4,Monday,1,08:45,09:45,Mathematics,,,
CAL002972,2025-10-06,2025,Term 4,Grade 4,Monday,2,09:45,10:45,English,,,
CAL002973,2025-10-06,2025,Term 4,Grade 4,Monday,3,11:15,12:15,Science,,,
CAL002974,2025-10-06,2025,Term 4,Grade 4,Monday,4,13:00,14:00,Humanities,,,
CAL002975,2025-10-06,2025,Term 4,Grade 4,Monday,5,14:00,15:00,Arts,,,
CAL002976,2025-10-06,2025,Term 4,Grade 5,Monday,1,08:45,09:45,Mathematics,,,
CAL002977,2025-10-06,2025,Term 4,Grade 5,Monday,2,09:45,10:45,English,,,
CAL002978,2025-10-06,2025,Term 4,Grade 5,Monday,3,11:15,12:15,Science,,,
CAL002979,2025-10-06,2025,Term 4,Grade 5,Monday,4,13:00,14:00,Humanities,,,
CAL002980,2025-10-06,2025,Term 4,Grade 5,Monday,5,14:00,15:00,Health and Physical Education,,,
CAL002981,2025-10-06,2025,Term 4,Grade 6,Monday,1,08:45,09:45,Mathematics,,,
CAL002982,2025-10-06,2025,Term 4,Grade 6,Monday,2,09:45,10:45,English,,,
CAL002983,2025-10-06,2025,Term 4,Grade 6,Monday,3,11:15,12:15,Science,,,
CAL002984,2025-10-06,2025,Term 4,Grade 6,Monday,4,13:00,14:00,Humanities,,,
CAL002985,2025-10-06,2025,Term 4,Grade 6,Monday,5,14:00,15:00,Design and Technology,,,
CAL002986,2025-10-07,2025,Term 4,Grade 4,Tuesday,1,08:45,09:45,English,,,
CAL002987,2025-10-07,2025,Term 4,Grade 4,Tuesday,2,09:45,10:45,Science,,,
CAL002988,2025-10-07,2025,Term 4,Grade 4,Tuesday,3,11:15,12:15,Humanities,,,
CAL002989,2025-10-07,2025,Term 4,Grade 4,Tuesday,4,13:00,14:00,Arts,,,
CAL002990,2025-10-07,2025,Term 4,Grade 4,Tuesday,5,14:00,15:00,Mathematics,,,
CAL002991,2025-10-07,2025,Term 4,Grade 5,Tuesday,1,08:45,09:45,English,,,
CAL002992,2025-10-07,2025,Term 4,Grade 5,Tuesday,2,09:45,10:45,Science,,,
CAL002993,2025-10-07,2025,Term 4,Grade 5,Tuesday,3,11:15,12:15,Humanities,,,
CAL002994,2025-10-07,2025,Term 4,Grade 5,Tuesday,4,13:00,14:00,Health and Physical Education,,,
CAL002995,2025-10-07,2025,Term 4,Grade 5,Tuesday,5,14:00,15:00,Mathematics,,,
CAL002996,2025-10-07,2025,Term 4,Grade 6,Tuesday,1,08:45,09:45,English,,,
CAL002997,2025-10-07,2025,Term 4,Grade 6,Tuesday,2,09:45,10:45,Science,,,
CAL002998,2025-10-07,2025,Term 4,Grade 6,Tuesday,3,11:15,12:15,Humanities,,,
CAL002999,2025-10-07,2025,Term 4,Grade 6,Tuesday,4,13:00,14:00,Design and Technology,,,
CAL003000,2025-10-07,2025,Term 4,Grade 6,Tuesday,5,14:00,15:00,Mathematics,,,
CAL003001,2025-10-08,2025,Term 4,Grade 4,Wednesday,1,08:45,09:45,Science,,,
CAL003002,2025-10-08,2025,Term 4,Grade 4,Wednesday,2,09:45,10:45,Humanities,,,
CAL003003,2025-10-08,2025,Term 4,Grade 4,Wednesday,3,11:15,12:15,Arts,,,
CAL003004,2025-10-08,2025,Term 4,Grade 4,Wednesday,4,13:00,14:00,Mathematics,,,
CAL003005,2025-10-08,2025,Term 4,Grade 4,Wednesday,5,14:00,15:00,English,,,
CAL003006,2025-10-08,2025,Term 4,Grade 5,Wednesday,1,08:45,09:45,Science,,,
CAL003007,2025-10-08,2025,Term 4,Grade 5,Wednesday,2,09:45,10:45,Humanities,,,
CAL003008,2025-10-08,2025,Term 4,Grade 5,Wednesday,3,11:15,12:15,Health and Physical Education,,,
CAL003009,2025-10-08,2025,Term 4,Grade 5,Wednesday,4,13:00,14:00,Mathematics,,,
CAL003010,2025-10-08,2025,Term 4,Grade 5,Wednesday,5,14:00,15:00,English,,,
CAL003011,2025-10-08,2025,Term 4,Grade 6,Wednesday,1,08:45,09:45,Science,,,
CAL003012,2025-10-08,2025,Term 4,Grade 6,Wednesday,2,09:45,10:45,Humanities,,,
CAL003013,2025-10-08,2025,Term 4,Grade 6,Wednesday,3,11:15,12:15,Design and Technology,,,
CAL003014,2025-10-08,2025,Term 4,Grade 6,Wednesday,4,13:00,14:00,Mathematics,,,
CAL003015,2025-10-08,2025,Term 4,Grade 6,Wednesday,5,14:00,15:00,English,,,
CAL003016,2025-10-09,2025,Term 4,Grade 4,Thursday,1,08:45,09:45,Humanities,,,
CAL003017,2025-10-09,2025,Term 4,Grade 4,Thursday,2,09:45,10:45,Arts,,,
CAL003018,2025-10-09,2025,Term 4,Grade 4,Thursday,3,11:15,12:15,Mathematics,,,
CAL003019,2025-10-09,2025,Term 4,Grade 4,Thursday,4,13:00,14:00,English,,,
CAL003020,2025-10-09,2025,Term 4,Grade 4,Thursday,5,14:00,15:00,Science,,,
CAL003021,2025-10-09,2025,Term 4,Grade 5,Thursday,1,08:45,09:45,Humanities,,,
CAL003022,2025-10-09,2025,Term 4,Grade 5,Thursday,2,09:45,10:45,Health and Physical Education,,,
CAL003023,2025-10-09,2025,Term 4,Grade 5,Thursday,3,11:15,12:15,Mathematics,,,
CAL003024,2025-10-09,2025,Term 4,Grade 5,Thursday,4,13:00,14:00,English,,,
CAL003025,2025-10-09,2025,Term 4,Grade 5,Thursday,5,14:00,15:00,Science,,,
CAL003026,2025-10-09,2025,Term 4,Grade 6,Thursday,1,08:45,09:45,Humanities,,,
CAL003027,2025-10-09,2025,Term 4,Grade 6,Thursday,2,09:45,10:45,Design and Technology,,,
CAL003028,2025-10-09,2025,Term 4,Grade 6,Thursday,3,11:15,12:15,Mathematics,,,
CAL003029,2025-10-09,2025,Term 4,Grade 6,Thursday,4,13:00,14:00,English,,,
CAL003030,2025-10-09,2025,Term 4,Grade 6,Thursday,5,14:00,15:00,Science,,,
CAL003031,2025-10-10,2025,Term 4,Grade 4,Friday,1,08:45,09:45,Arts,,,
CAL003032,2025-10-10,2025,Term 4,Grade 4,Friday,2,09:45,10:45,Mathematics,,,
CAL003033,2025-10-10,2025,Term 4,Grade 4,Friday,3,11:15,12:15,English,,,
CAL003034,2025-10-10,2025,Term 4,Grade 4,Friday,4,13:00,14:00,Science,,,
CAL003035,2025-10-10,2025,Term 4,Grade 4,Friday,5,14:00,15:00,Humanities,,,
CAL003036,2025-10-10,2025,Term 4,Grade 5,Friday,1,08:45,09:45,Health and Physical Education,,,
CAL003037,2025-10-10,2025,Term 4,Grade 5,Friday,2,09:45,10:45,Mathematics,,,
CAL003038,2025-10-10,2025,Term 4,Grade 5,Friday,3,11:15,12:15,English,,,
CAL003039,2025-10-10,2025,Term 4,Grade 5,Friday,4,13:00,14:00,Science,,,
CAL003040,2025-10-10,2025,Term 4,Grade 5,Friday,5,14:00,15:00,Humanities,,,
CAL003041,2025-10-10,2025,Term 4,Grade 6,Friday,1,08:45,09:45,Design and Technology,,,
CAL003042,2025-10-10,2025,Term 4,Grade 6,Friday,2,09:45,10:45,Mathematics,,,
CAL003043,2025-10-10,2025,Term 4,Grade 6,Friday,3,11:15,12:15,English,,,
CAL003044,2025-10-10,2025,Term 4,Grade 6,Friday,4,13:00,14:00,Science,,,
CAL003045,2025-10-10,2025,Term 4,Grade 6,Friday,5,14:00,15:00,Humanities,,,
CAL003046,2025-10-13,2025,Term 4,Grade 4,Monday,1,08:45,09:45,Mathematics,,,
CAL003047,2025-10-13,2025,Term 4,Grade 4,Monday,2,09:45,10:45,English,,,
CAL003048,2025-10-13,2025,Term 4,Grade 4,Monday,3,11:15,12:15,Science,,,
CAL003049,2025-10-13,2025,Term 4,Grade 4,Monday,4,13:00,14:00,Humanities,,,
CAL003050,2025-10-13,2025,Term 4,Grade 4,Monday,5,14:00,15:00,Arts,,,
CAL003051,2025-10-13,2025,Term 4,Grade 5,Monday,1,08:45,09:45,Mathematics,,,
CAL003052,2025-10-13,2025,Term 4,Grade 5,Monday,2,09:45,10:45,English,,,
CAL003053,2025-10-13,2025,Term 4,Grade 5,Monday,3,11:15,12:15,Science,,,
CAL003054,2025-10-13,2025,Term 4,Grade 5,Monday,4,13:00,14:00,Humanities,,,
CAL003055,2025-10-13,2025,Term 4,Grade 5,Monday,5,14:00,15:00,Health and Physical Education,,,
CAL003056,2025-10-13,2025,Term 4,Grade 6,Monday,1,08:45,09:45,Mathematics,,,
CAL003057,2025-10-13,2025,Term 4,Grade 6,Monday,2,09:45,10:45,English,,,
CAL003058,2025-10-13,2025,Term 4,Grade 6,Monday,3,11:15,12:15,Science,,,
CAL003059,2025-10-13,2025,Term 4,Grade 6,Monday,4,13:00,14:00,Humanities,,,
CAL003060,2025-10-13,2025,Term 4,Grade 6,Monday,5,14:00,15:00,Design and Technology,,,
CAL003061,2025-10-14,2025,Term 4,Grade 4,Tuesday,1,08:45,09:45,English,,,
CAL003062,2025-10-14,2025,Term 4,Grade 4,Tuesday,2,09:45,10:45,Science,,,
CAL003063,2025-10-14,2025,Term 4,Grade 4,Tuesday,3,11:15,12:15,Humanities,,,
CAL003064,2025-10-14,2025,Term 4,Grade 4,Tuesday,4,13:00,14:00,Arts,,,
CAL003065,2025-10-14,2025,Term 4,Grade 4,Tuesday,5,14:00,15:00,Mathematics,,,
CAL003066,2025-10-14,2025,Term 4,Grade 5,Tuesday,1,08:45,09:45,English,,,
CAL003067,2025-10-14,2025,Term 4,Grade 5,Tuesday,2,09:45,10:45,Science,,,
CAL003068,2025-10-14,2025,Term 4,Grade 5,Tuesday,3,11:15,12:15,Humanities,,,
CAL003069,2025-10-14,2025,Term 4,Grade 5,Tuesday,4,13:00,14:00,Health and Physical Education,,,
CAL003070,2025-10-14,2025,Term 4,Grade 5,Tuesday,5,14:00,15:00,Mathematics,,,
CAL003071,2025-10-14,2025,Term 4,Grade 6,Tuesday,1,08:45,09:45,English,,,
CAL003072,2025-10-14,2025,Term 4,Grade 6,Tuesday,2,09:45,10:45,Science,,,
CAL003073,2025-10-14,2025,Term 4,Grade 6,Tuesday,3,11:15,12:15,Humanities,,,
CAL003074,2025-10-14,2025,Term 4,Grade 6,Tuesday,4,13:00,14:00,Design and Technology,,,
CAL003075,2025-10-14,2025,Term 4,Grade 6,Tuesday,5,14:00,15:00,Mathematics,,,
CAL003076,2025-10-15,2025,Term 4,Grade 4,Wednesday,1,08:45,09:45,Science,,,
CAL003077,2025-10-15,2025,Term 4,Grade 4,Wednesday,2,09:45,10:45,Humanities,,,
CAL003078,2025-10-15,2025,Term 4,Grade 4,Wednesday,3,11:15,12:15,Arts,,,
CAL003079,2025-10-15,2025,Term 4,Grade 4,Wednesday,4,13:00,14:00,Mathematics,,,
CAL003080,2025-10-15,2025,Term 4,Grade 4,Wednesday,5,14:00,15:00,English,,,
CAL003081,2025-10-15,2025,Term 4,Grade 5,Wednesday,1,08:45,09:45,Science,,,
CAL003082,2025-10-15,2025,Term 4,Grade 5,Wednesday,2,09:45,10:45,Humanities,,,
CAL003083,2025-10-15,2025,Term 4,Grade 5,Wednesday,3,11:15,12:15,Health and Physical Education,,,
CAL003084,2025-10-15,2025,Term 4,Grade 5,Wednesday,4,13:00,14:00,Mathematics,,,
CAL003085,2025-10-15,2025,Term 4,Grade 5,Wednesday,5,14:00,15:00,English,,,
CAL003086,2025-10-15,2025,Term 4,Grade 6,Wednesday,1,08:45,09:45,Science,,,
CAL003087,2025-10-15,2025,Term 4,Grade 6,Wednesday,2,09:45,10:45,Humanities,,,
CAL003088,2025-10-15,2025,Term 4,Grade 6,Wednesday,3,11:15,12:15,Design and Technology,,,
CAL003089,2025-10-15,2025,Term 4,Grade 6,Wednesday,4,13:00,14:00,Mathematics,,,
CAL003090,2025-10-15,2025,Term 4,Grade 6,Wednesday,5,14:00,15:00,English,,,
CAL003091,2025-10-16,2025,Term 4,Grade 4,Thursday,1,08:45,09:45,Humanities,,,
CAL003092,2025-10-16,2025,Term 4,Grade 4,Thursday,2,09:45,10:45,Arts,,,
CAL003093,2025-10-16,2025,Term 4,Grade 4,Thursday,3,11:15,12:15,Mathematics,,,
CAL003094,2025-10-16,2025,Term 4,Grade 4,Thursday,4,13:00,14:00,English,,,
CAL003095,2025-10-16,2025,Term 4,Grade 4,Thursday,5,14:00,15:00,Science,,,
CAL003096,2025-10-16,2025,Term 4,Grade 5,Thursday,1,08:45,09:45,Humanities,,,
CAL003097,2025-10-16,2025,Term 4,Grade 5,Thursday,2,09:45,10:45,Health and Physical Education,,,
CAL003098,2025-10-16,2025,Term 4,Grade 5,Thursday,3,11:15,12:15,Mathematics,,,
CAL003099,2025-10-16,2025,Term 4,Grade 5,Thursday,4,13:00,14:00,English,,,
CAL003100,2025-10-16,2025,Term 4,Grade 5,Thursday,5,14:00,15:00,Science,,,
CAL003101,2025-10-16,2025,Term 4,Grade 6,Thursday,1,08:45,09:45,Humanities,,,
CAL003102,2025-10-16,2025,Term 4,Grade 6,Thursday,2,09:45,10:45,Design and Technology,,,
CAL003103,2025-10-16,2025,Term 4,Grade 6,Thursday,3,11:15,12:15,Mathematics,,,
CAL003104,2025-10-16,2025,Term 4,Grade 6,Thursday,4,13:00,14:00,English,,,
CAL003105,2025-10-16,2025,Term 4,Grade 6,Thursday,5,14:00,15:00,Science,,,
CAL003106,2025-10-17,2025,Term 4,Grade 4,Friday,1,08:45,09:45,Arts,,,
CAL003107,2025-10-17,2025,Term 4,Grade 4,Friday,2,09:45,10:45,Mathematics,,,
CAL003108,2025-10-17,2025,Term 4,Grade 4,Friday,3,11:15,12:15,English,,,
CAL003109,2025-10-17,2025,Term 4,Grade 4,Friday,4,13:00,14:00,Science,,,
CAL003110,2025-10-17,2025,Term 4,Grade 4,Friday,5,14:00,15:00,Humanities,,,
CAL003111,2025-10-17,2025,Term 4,Grade 5,Friday,1,08:45,09:45,Health and Physical Education,,,
CAL003112,2025-10-17,2025,Term 4,Grade 5,Friday,2,09:45,10:45,Mathematics,,,
CAL003113,2025-10-17,2025,Term 4,Grade 5,Friday,3,11:15,12:15,English,,,
CAL003114,2025-10-17,2025,Term 4,Grade 5,Friday,4,13:00,14:00,Science,,,
CAL003115,2025-10-17,2025,Term 4,Grade 5,Friday,5,14:00,15:00,Humanities,,,
CAL003116,2025-10-17,2025,Term 4,Grade 6,Friday,1,08:45,09:45,Design and Technology,,,
CAL003117,2025-10-17,2025,Term 4,Grade 6,Friday,2,09:45,10:45,Mathematics,,,
CAL003118,2025-10-17,2025,Term 4,Grade 6,Friday,3,11:15,12:15,English,,,
CAL003119,2025-10-17,2025,Term 4,Grade 6,Friday,4,13:00,14:00,Science,,,
CAL003120,2025-10-17,2025,Term 4,Grade 6,Friday,5,14:00,15:00,Humanities,,,
CAL003121,2025-10-20,2025,Term 4,Grade 4,Monday,1,08:45,09:45,Mathematics,,,
CAL003122,2025-10-20,2025,Term 4,Grade 4,Monday,2,09:45,10:45,English,,,
CAL003123,2025-10-20,2025,Term 4,Grade 4,Monday,3,11:15,12:15,Science,,,
CAL003124,2025-10-20,2025,Term 4,Grade 4,Monday,4,13:00,14:00,Humanities,,,
CAL003125,2025-10-20,2025,Term 4,Grade 4,Monday,5,14:00,15:00,Arts,,,
CAL003126,2025-10-20,2025,Term 4,Grade 5,Monday,1,08:45,09:45,Mathematics,,,
CAL003127,2025-10-20,2025,Term 4,Grade 5,Monday,2,09:45,10:45,English,,,
CAL003128,2025-10-20,2025,Term 4,Grade 5,Monday,3,11:15,12:15,Science,,,
CAL003129,2025-10-20,2025,Term 4,Grade 5,Monday,4,13:00,14:00,Humanities,,,
CAL003130,2025-10-20,2025,Term 4,Grade 5,Monday,5,14:00,15:00,Health and Physical Education,,,
CAL003131,2025-10-20,2025,Term 4,Grade 6,Monday,1,08:45,09:45,Mathematics,,,
CAL003132,2025-10-20,2025,Term 4,Grade 6,Monday,2,09:45,10:45,English,,,
CAL003133,2025-10-20,2025,Term 4,Grade 6,Monday,3,11:15,12:15,Science,,,
CAL003134,2025-10-20,2025,Term 4,Grade 6,Monday,4,13:00,14:00,Humanities,,,
CAL003135,2025-10-20,2025,Term 4,Grade 6,Monday,5,14:00,15:00,Design and Technology,,,
CAL003136,2025-10-21,2025,Term 4,Grade 4,Tuesday,1,08:45,09:45,English,,,
CAL003137,2025-10-21,2025,Term 4,Grade 4,Tuesday,2,09:45,10:45,Science,,,
CAL003138,2025-10-21,2025,Term 4,Grade 4,Tuesday,3,11:15,12:15,Humanities,,,
CAL003139,2025-10-21,2025,Term 4,Grade 4,Tuesday,4,13:00,14:00,Arts,,,
CAL003140,2025-10-21,2025,Term 4,Grade 4,Tuesday,5,14:00,15:00,Mathematics,,,
CAL003141,2025-10-21,2025,Term 4,Grade 5,Tuesday,1,08:45,09:45,English,,,
CAL003142,2025-10-21,2025,Term 4,Grade 5,Tuesday,2,09:45,10:45,Science,,,
CAL003143,2025-10-21,2025,Term 4,Grade 5,Tuesday,3,11:15,12:15,Humanities,,,
CAL003144,2025-10-21,2025,Term 4,Grade 5,Tuesday,4,13:00,14:00,Health and Physical Education,,,
CAL003145,2025-10-21,2025,Term 4,Grade 5,Tuesday,5,14:00,15:00,Mathematics,,,
CAL003146,2025-10-21,2025,Term 4,Grade 6,Tuesday,1,08:45,09:45,English,,,
CAL003147,2025-10-21,2025,Term 4,Grade 6,Tuesday,2,09:45,10:45,Science,,,
CAL003148,2025-10-21,2025,Term 4,Grade 6,Tuesday,3,11:15,12:15,Humanities,,,
CAL003149,2025-10-21,2025,Term 4,Grade 6,Tuesday,4,13:00,14:00,Design and Technology,,,
CAL003150,2025-10-21,2025,Term 4,Grade 6,Tuesday,5,14:00,15:00,Mathematics,,,
CAL003151,2025-10-22,2025,Term 4,Grade 4,Wednesday,1,08:45,09:45,Science,,,
CAL003152,2025-10-22,2025,Term 4,Grade 4,Wednesday,2,09:45,10:45,Humanities,,,
CAL003153,2025-10-22,2025,Term 4,Grade 4,Wednesday,3,11:15,12:15,Arts,,,
CAL003154,2025-10-22,2025,Term 4,Grade 4,Wednesday,4,13:00,14:00,Mathematics,,,
CAL003155,2025-10-22,2025,Term 4,Grade 4,Wednesday,5,14:00,15:00,English,,,
CAL003156,2025-10-22,2025,Term 4,Grade 5,Wednesday,1,08:45,09:45,Science,,,
CAL003157,2025-10-22,2025,Term 4,Grade 5,Wednesday,2,09:45,10:45,Humanities,,,
CAL003158,2025-10-22,2025,Term 4,Grade 5,Wednesday,3,11:15,12:15,Health and Physical Education,,,
CAL003159,2025-10-22,2025,Term 4,Grade 5,Wednesday,4,13:00,14:00,Mathematics,,,
CAL003160,2025-10-22,2025,Term 4,Grade 5,Wednesday,5,14:00,15:00,English,,,
CAL003161,2025-10-22,2025,Term 4,Grade 6,Wednesday,1,08:45,09:45,Science,,,
CAL003162,2025-10-22,2025,Term 4,Grade 6,Wednesday,2,09:45,10:45,Humanities,,,
CAL003163,2025-10-22,2025,Term 4,Grade 6,Wednesday,3,11:15,12:15,Design and Technology,,,
CAL003164,2025-10-22,2025,Term 4,Grade 6,Wednesday,4,13:00,14:00,Mathematics,,,
CAL003165,2025-10-22,2025,Term 4,Grade 6,Wednesday,5,14:00,15:00,English,,,
CAL003166,2025-10-23,2025,Term 4,Grade 4,Thursday,1,08:45,09:45,Humanities,,,
CAL003167,2025-10-23,2025,Term 4,Grade 4,Thursday,2,09:45,10:45,Arts,,,
CAL003168,2025-10-23,2025,Term 4,Grade 4,Thursday,3,11:15,12:15,Mathematics,,,
CAL003169,2025-10-23,2025,Term 4,Grade 4,Thursday,4,13:00,14:00,English,,,
CAL003170,2025-10-23,2025,Term 4,Grade 4,Thursday,5,14:00,15:00,Science,,,
CAL003171,2025-10-23,2025,Term 4,Grade 5,Thursday,1,08:45,09:45,Humanities,,,
CAL003172,2025-10-23,2025,Term 4,Grade 5,Thursday,2,09:45,10:45,Health and Physical Education,,,
CAL003173,2025-10-23,2025,Term 4,Grade 5,Thursday,3,11:15,12:15,Mathematics,,,
CAL003174,2025-10-23,2025,Term 4,Grade 5,Thursday,4,13:00,14:00,English,,,
CAL003175,2025-10-23,2025,Term 4,Grade 5,Thursday,5,14:00,15:00,Science,,,
CAL003176,2025-10-23,2025,Term 4,Grade 6,Thursday,1,08:45,09:45,Humanities,,,
CAL003177,2025-10-23,2025,Term 4,Grade 6,Thursday,2,09:45,10:45,Design and Technology,,,
CAL003178,2025-10-23,2025,Term 4,Grade 6,Thursday,3,11:15,12:15,Mathematics,,,
CAL003179,2025-10-23,2025,Term 4,Grade 6,Thursday,4,13:00,14:00,English,,,
CAL003180,2025-10-23,2025,Term 4,Grade 6,Thursday,5,14:00,15:00,Science,,,
CAL003181,2025-10-24,2025,Term 4,Grade 4,Friday,1,08:45,09:45,Arts,,,
CAL003182,2025-10-24,2025,Term 4,Grade 4,Friday,2,09:45,10:45,Mathematics,,,
CAL003183,2025-10-24,2025,Term 4,Grade 4,Friday,3,11:15,12:15,English,,,
CAL003184,2025-10-24,2025,Term 4,Grade 4,Friday,4,13:00,14:00,Science,,,
CAL003185,2025-10-24,2025,Term 4,Grade 4,Friday,5,14:00,15:00,Humanities,,,
CAL003186,2025-10-24,2025,Term 4,Grade 5,Friday,1,08:45,09:45,Health and Physical Education,,,
CAL003187,2025-10-24,2025,Term 4,Grade 5,Friday,2,09:45,10:45,Mathematics,,,
CAL003188,2025-10-24,2025,Term 4,Grade 5,Friday,3,11:15,12:15,English,,,
CAL003189,2025-10-24,2025,Term 4,Grade 5,Friday,4,13:00,14:00,Science,,,
CAL003190,2025-10-24,2025,Term 4,Grade 5,Friday,5,14:00,15:00,Humanities,,,
CAL003191,2025-10-24,2025,Term 4,Grade 6,Friday,1,08:45,09:45,Design and Technology,,,
CAL003192,2025-10-24,2025,Term 4,Grade 6,Friday,2,09:45,10:45,Mathematics,,,
CAL003193,2025-10-24,2025,Term 4,Grade 6,Friday,3,11:15,12:15,English,,,
CAL003194,2025-10-24,2025,Term 4,Grade 6,Friday,4,13:00,14:00,Science,,,
CAL003195,2025-10-24,2025,Term 4,Grade 6,Friday,5,14:00,15:00,Humanities,,,
CAL003196,2025-10-27,2025,Term 4,Grade 4,Monday,1,08:45,09:45,Mathematics,,,
CAL003197,2025-10-27,2025,Term 4,Grade 4,Monday,2,09:45,10:45,English,,,
CAL003198,2025-10-27,2025,Term 4,Grade 4,Monday,3,11:15,12:15,Science,,,
CAL003199,2025-10-27,2025,Term 4,Grade 4,Monday,4,13:00,14:00,Humanities,,,
CAL003200,2025-10-27,2025,Term 4,Grade 4,Monday,5,14:00,15:00,Arts,,,
CAL003201,2025-10-27,2025,Term 4,Grade 5,Monday,1,08:45,09:45,Mathematics,,,
CAL003202,2025-10-27,2025,Term 4,Grade 5,Monday,2,09:45,10:45,English,,,
CAL003203,2025-10-27,2025,Term 4,Grade 5,Monday,3,11:15,12:15,Science,,,
CAL003204,2025-10-27,2025,Term 4,Grade 5,Monday,4,13:00,14:00,Humanities,,,
CAL003205,2025-10-27,2025,Term 4,Grade 5,Monday,5,14:00,15:00,Health and Physical Education,,,
CAL003206,2025-10-27,2025,Term 4,Grade 6,Monday,1,08:45,09:45,Mathematics,,,
CAL003207,2025-10-27,2025,Term 4,Grade 6,Monday,2,09:45,10:45,English,,,
CAL003208,2025-10-27,2025,Term 4,Grade 6,Monday,3,11:15,12:15,Science,,,
CAL003209,2025-10-27,2025,Term 4,Grade 6,Monday,4,13:00,14:00,Humanities,,,
CAL003210,2025-10-27,2025,Term 4,Grade 6,Monday,5,14:00,15:00,Design and Technology,,,
CAL003211,2025-10-28,2025,Term 4,Grade 4,Tuesday,1,08:45,09:45,English,,,
CAL003212,2025-10-28,2025,Term 4,Grade 4,Tuesday,2,09:45,10:45,Science,,,
CAL003213,2025-10-28,2025,Term 4,Grade 4,Tuesday,3,11:15,12:15,Humanities,,,
CAL003214,2025-10-28,2025,Term 4,Grade 4,Tuesday,4,13:00,14:00,Arts,,,
CAL003215,2025-10-28,2025,Term 4,Grade 4,Tuesday,5,14:00,15:00,Mathematics,,,
CAL003216,2025-10-28,2025,Term 4,Grade 5,Tuesday,1,08:45,09:45,English,,,
CAL003217,2025-10-28,2025,Term 4,Grade 5,Tuesday,2,09:45,10:45,Science,,,
CAL003218,2025-10-28,2025,Term 4,Grade 5,Tuesday,3,11:15,12:15,Humanities,,,
CAL003219,2025-10-28,2025,Term 4,Grade 5,Tuesday,4,13:00,14:00,Health and Physical Education,,,
CAL003220,2025-10-28,2025,Term 4,Grade 5,Tuesday,5,14:00,15:00,Mathematics,,,
CAL003221,2025-10-28,2025,Term 4,Grade 6,Tuesday,1,08:45,09:45,English,,,
CAL003222,2025-10-28,2025,Term 4,Grade 6,Tuesday,2,09:45,10:45,Science,,,
CAL003223,2025-10-28,2025,Term 4,Grade 6,Tuesday,3,11:15,12:15,Humanities,,,
CAL003224,2025-10-28,2025,Term 4,Grade 6,Tuesday,4,13:00,14:00,Design and Technology,,,
CAL003225,2025-10-28,2025,Term 4,Grade 6,Tuesday,5,14:00,15:00,Mathematics,,,
CAL003226,2025-10-29,2025,Term 4,Grade 4,Wednesday,1,08:45,09:45,Science,,,
CAL003227,2025-10-29,2025,Term 4,Grade 4,Wednesday,2,09:45,10:45,Humanities,,,
CAL003228,2025-10-29,2025,Term 4,Grade 4,Wednesday,3,11:15,12:15,Arts,,,
CAL003229,2025-10-29,2025,Term 4,Grade 4,Wednesday,4,13:00,14:00,Mathematics,,,
CAL003230,2025-10-29,2025,Term 4,Grade 4,Wednesday,5,14:00,15:00,English,,,
CAL003231,2025-10-29,2025,Term 4,Grade 5,Wednesday,1,08:45,09:45,Science,,,
CAL003232,2025-10-29,2025,Term 4,Grade 5,Wednesday,2,09:45,10:45,Humanities,,,
CAL003233,2025-10-29,2025,Term 4,Grade 5,Wednesday,3,11:15,12:15,Health and Physical Education,,,
CAL003234,2025-10-29,2025,Term 4,Grade 5,Wednesday,4,13:00,14:00,Mathematics,,,
CAL003235,2025-10-29,2025,Term 4,Grade 5,Wednesday,5,14:00,15:00,English,,,
CAL003236,2025-10-29,2025,Term 4,Grade 6,Wednesday,1,08:45,09:45,Science,,,
CAL003237,2025-10-29,2025,Term 4,Grade 6,Wednesday,2,09:45,10:45,Humanities,,,
CAL003238,2025-10-29,2025,Term 4,Grade 6,Wednesday,3,11:15,12:15,Design and Technology,,,
CAL003239,2025-10-29,2025,Term 4,Grade 6,Wednesday,4,13:00,14:00,Mathematics,,,
CAL003240,2025-10-29,2025,Term 4,Grade 6,Wednesday,5,14:00,15:00,English,,,
CAL003241,2025-10-30,2025,Term 4,Grade 4,Thursday,1,08:45,09:45,Humanities,,,
CAL003242,2025-10-30,2025,Term 4,Grade 4,Thursday,2,09:45,10:45,Arts,,,
CAL003243,2025-10-30,2025,Term 4,Grade 4,Thursday,3,11:15,12:15,Mathematics,,,
CAL003244,2025-10-30,2025,Term 4,Grade 4,Thursday,4,13:00,14:00,English,,,
CAL003245,2025-10-30,2025,Term 4,Grade 4,Thursday,5,14:00,15:00,Science,,,
CAL003246,2025-10-30,2025,Term 4,Grade 5,Thursday,1,08:45,09:45,Humanities,,,
CAL003247,2025-10-30,2025,Term 4,Grade 5,Thursday,2,09:45,10:45,Health and Physical Education,,,
CAL003248,2025-10-30,2025,Term 4,Grade 5,Thursday,3,11:15,12:15,Mathematics,,,
CAL003249,2025-10-30,2025,Term 4,Grade 5,Thursday,4,13:00,14:00,English,,,
CAL003250,2025-10-30,2025,Term 4,Grade 5,Thursday,5,14:00,15:00,Science,,,
CAL003251,2025-10-30,2025,Term 4,Grade 6,Thursday,1,08:45,09:45,Humanities,,,
CAL003252,2025-10-30,2025,Term 4,Grade 6,Thursday,2,09:45,10:45,Design and Technology,,,
CAL003253,2025-10-30,2025,Term 4,Grade 6,Thursday,3,11:15,12:15,Mathematics,,,
CAL003254,2025-10-30,2025,Term 4,Grade 6,Thursday,4,13:00,14:00,English,,,
CAL003255,2025-10-30,2025,Term 4,Grade 6,Thursday,5,14:00,15:00,Science,,,
CAL003256,2025-10-31,2025,Term 4,Grade 4,Friday,1,08:45,09:45,Arts,,,
CAL003257,2025-10-31,2025,Term 4,Grade 4,Friday,2,09:45,10:45,Mathematics,,,
CAL003258,2025-10-31,2025,Term 4,Grade 4,Friday,3,11:15,12:15,English,,,
CAL003259,2025-10-31,2025,Term 4,Grade 4,Friday,4,13:00,14:00,Science,,,
CAL003260,2025-10-31,2025,Term 4,Grade 4,Friday,5,14:00,15:00,Humanities,,,
CAL003261,2025-10-31,2025,Term 4,Grade 5,Friday,1,08:45,09:45,Health and Physical Education,,,
CAL003262,2025-10-31,2025,Term 4,Grade 5,Friday,2,09:45,10:45,Mathematics,,,
CAL003263,2025-10-31,2025,Term 4,Grade 5,Friday,3,11:15,12:15,English,,,
CAL003264,2025-10-31,2025,Term 4,Grade 5,Friday,4,13:00,14:00,Science,,,
CAL003265,2025-10-31,2025,Term 4,Grade 5,Friday,5,14:00,15:00,Humanities,,,
CAL003266,2025-10-31,2025,Term 4,Grade 6,Friday,1,08:45,09:45,Design and Technology,,,
CAL003267,2025-10-31,2025,Term 4,Grade 6,Friday,2,09:45,10:45,Mathematics,,,
CAL003268,2025-10-31,2025,Term 4,Grade 6,Friday,3,11:15,12:15,English,,,
CAL003269,2025-10-31,2025,Term 4,Grade 6,Friday,4,13:00,14:00,Science,,,
CAL003270,2025-10-31,2025,Term 4,Grade 6,Friday,5,14:00,15:00,Humanities,,,
CAL003271,2025-11-03,2025,Term 4,Grade 4,Monday,1,08:45,09:45,Mathematics,,,
CAL003272,2025-11-03,2025,Term 4,Grade 4,Monday,2,09:45,10:45,English,,,
CAL003273,2025-11-03,2025,Term 4,Grade 4,Monday,3,11:15,12:15,Science,,,
CAL003274,2025-11-03,2025,Term 4,Grade 4,Monday,4,13:00,14:00,Humanities,,,
CAL003275,2025-11-03,2025,Term 4,Grade 4,Monday,5,14:00,15:00,Arts,,,
CAL003276,2025-11-03,2025,Term 4,Grade 5,Monday,1,08:45,09:45,Mathematics,,,
CAL003277,2025-11-03,2025,Term 4,Grade 5,Monday,2,09:45,10:45,English,,,
CAL003278,2025-11-03,2025,Term 4,Grade 5,Monday,3,11:15,12:15,Science,,,
CAL003279,2025-11-03,2025,Term 4,Grade 5,Monday,4,13:00,14:00,Humanities,,,
CAL003280,2025-11-03,2025,Term 4,Grade 5,Monday,5,14:00,15:00,Health and Physical Education,,,
CAL003281,2025-11-03,2025,Term 4,Grade 6,Monday,1,08:45,09:45,Mathematics,,,
CAL003282,2025-11-03,2025,Term 4,Grade 6,Monday,2,09:45,10:45,English,,,
CAL003283,2025-11-03,2025,Term 4,Grade 6,Monday,3,11:15,12:15,Science,,,
CAL003284,2025-11-03,2025,Term 4,Grade 6,Monday,4,13:00,14:00,Humanities,,,
CAL003285,2025-11-03,2025,Term 4,Grade 6,Monday,5,14:00,15:00,Design and Technology,,,
CAL003286,2025-11-04,2025,Term 4,Grade 4,Tuesday,1,08:45,09:45,English,,,
CAL003287,2025-11-04,2025,Term 4,Grade 4,Tuesday,2,09:45,10:45,Science,,,
CAL003288,2025-11-04,2025,Term 4,Grade 4,Tuesday,3,11:15,12:15,Humanities,,,
CAL003289,2025-11-04,2025,Term 4,Grade 4,Tuesday,4,13:00,14:00,Arts,,,
CAL003290,2025-11-04,2025,Term 4,Grade 4,Tuesday,5,14:00,15:00,Mathematics,,,
CAL003291,2025-11-04,2025,Term 4,Grade 5,Tuesday,1,08:45,09:45,English,,,
CAL003292,2025-11-04,2025,Term 4,Grade 5,Tuesday,2,09:45,10:45,Science,,,
CAL003293,2025-11-04,2025,Term 4,Grade 5,Tuesday,3,11:15,12:15,Humanities,,,
CAL003294,2025-11-04,2025,Term 4,Grade 5,Tuesday,4,13:00,14:00,Health and Physical Education,,,
CAL003295,2025-11-04,2025,Term 4,Grade 5,Tuesday,5,14:00,15:00,Mathematics,,,
CAL003296,2025-11-04,2025,Term 4,Grade 6,Tuesday,1,08:45,09:45,English,,,
CAL003297,2025-11-04,2025,Term 4,Grade 6,Tuesday,2,09:45,10:45,Science,,,
CAL003298,2025-11-04,2025,Term 4,Grade 6,Tuesday,3,11:15,12:15,Humanities,,,
CAL003299,2025-11-04,2025,Term 4,Grade 6,Tuesday,4,13:00,14:00,Design and Technology,,,
CAL003300,2025-11-04,2025,Term 4,Grade 6,Tuesday,5,14:00,15:00,Mathematics,,,
CAL003301,2025-11-05,2025,Term 4,Grade 4,Wednesday,1,08:45,09:45,Science,,,
CAL003302,2025-11-05,2025,Term 4,Grade 4,Wednesday,2,09:45,10:45,Humanities,,,
CAL003303,2025-11-05,2025,Term 4,Grade 4,Wednesday,3,11:15,12:15,Arts,,,
CAL003304,2025-11-05,2025,Term 4,Grade 4,Wednesday,4,13:00,14:00,Mathematics,,,
CAL003305,2025-11-05,2025,Term 4,Grade 4,Wednesday,5,14:00,15:00,English,,,
CAL003306,2025-11-05,2025,Term 4,Grade 5,Wednesday,1,08:45,09:45,Science,,,
CAL003307,2025-11-05,2025,Term 4,Grade 5,Wednesday,2,09:45,10:45,Humanities,,,
CAL003308,2025-11-05,2025,Term 4,Grade 5,Wednesday,3,11:15,12:15,Health and Physical Education,,,
CAL003309,2025-11-05,2025,Term 4,Grade 5,Wednesday,4,13:00,14:00,Mathematics,,,
CAL003310,2025-11-05,2025,Term 4,Grade 5,Wednesday,5,14:00,15:00,English,,,
CAL003311,2025-11-05,2025,Term 4,Grade 6,Wednesday,1,08:45,09:45,Science,,,
CAL003312,2025-11-05,2025,Term 4,Grade 6,Wednesday,2,09:45,10:45,Humanities,,,
CAL003313,2025-11-05,2025,Term 4,Grade 6,Wednesday,3,11:15,12:15,Design and Technology,,,
CAL003314,2025-11-05,2025,Term 4,Grade 6,Wednesday,4,13:00,14:00,Mathematics,,,
CAL003315,2025-11-05,2025,Term 4,Grade 6,Wednesday,5,14:00,15:00,English,,,
CAL003316,2025-11-06,2025,Term 4,Grade 4,Thursday,1,08:45,09:45,Humanities,,,
CAL003317,2025-11-06,2025,Term 4,Grade 4,Thursday,2,09:45,10:45,Arts,,,
CAL003318,2025-11-06,2025,Term 4,Grade 4,Thursday,3,11:15,12:15,Mathematics,,,
CAL003319,2025-11-06,2025,Term 4,Grade 4,Thursday,4,13:00,14:00,English,,,
CAL003320,2025-11-06,2025,Term 4,Grade 4,Thursday,5,14:00,15:00,Science,,,
CAL003321,2025-11-06,2025,Term 4,Grade 5,Thursday,1,08:45,09:45,Humanities,,,
CAL003322,2025-11-06,2025,Term 4,Grade 5,Thursday,2,09:45,10:45,Health and Physical Education,,,
CAL003323,2025-11-06,2025,Term 4,Grade 5,Thursday,3,11:15,12:15,Mathematics,,,
CAL003324,2025-11-06,2025,Term 4,Grade 5,Thursday,4,13:00,14:00,English,,,
CAL003325,2025-11-06,2025,Term 4,Grade 5,Thursday,5,14:00,15:00,Science,,,
CAL003326,2025-11-06,2025,Term 4,Grade 6,Thursday,1,08:45,09:45,Humanities,,,
CAL003327,2025-11-06,2025,Term 4,Grade 6,Thursday,2,09:45,10:45,Design and Technology,,,
CAL003328,2025-11-06,2025,Term 4,Grade 6,Thursday,3,11:15,12:15,Mathematics,,,
CAL003329,2025-11-06,2025,Term 4,Grade 6,Thursday,4,13:00,14:00,English,,,
CAL003330,2025-11-06,2025,Term 4,Grade 6,Thursday,5,14:00,15:00,Science,,,
CAL003331,2025-11-07,2025,Term 4,Grade 4,Friday,1,08:45,09:45,Arts,,,
CAL003332,2025-11-07,2025,Term 4,Grade 4,Friday,2,09:45,10:45,Mathematics,,,
CAL003333,2025-11-07,2025,Term 4,Grade 4,Friday,3,11:15,12:15,English,,,
CAL003334,2025-11-07,2025,Term 4,Grade 4,Friday,4,13:00,14:00,Science,,,
CAL003335,2025-11-07,2025,Term 4,Grade 4,Friday,5,14:00,15:00,Humanities,,,
CAL003336,2025-11-07,2025,Term 4,Grade 5,Friday,1,08:45,09:45,Health and Physical Education,,,
CAL003337,2025-11-07,2025,Term 4,Grade 5,Friday,2,09:45,10:45,Mathematics,,,
CAL003338,2025-11-07,2025,Term 4,Grade 5,Friday,3,11:15,12:15,English,,,
CAL003339,2025-11-07,2025,Term 4,Grade 5,Friday,4,13:00,14:00,Science,,,
CAL003340,2025-11-07,2025,Term 4,Grade 5,Friday,5,14:00,15:00,Humanities,,,
CAL003341,2025-11-07,2025,Term 4,Grade 6,Friday,1,08:45,09:45,Design and Technology,,,
CAL003342,2025-11-07,2025,Term 4,Grade 6,Friday,2,09:45,10:45,Mathematics,,,
CAL003343,2025-11-07,2025,Term 4,Grade 6,Friday,3,11:15,12:15,English,,,
CAL003344,2025-11-07,2025,Term 4,Grade 6,Friday,4,13:00,14:00,Science,,,
CAL003345,2025-11-07,2025,Term 4,Grade 6,Friday,5,14:00,15:00,Humanities,,,
CAL003346,2025-11-10,2025,Term 4,Grade 4,Monday,1,08:45,09:45,Mathematics,,,
CAL003347,2025-11-10,2025,Term 4,Grade 4,Monday,2,09:45,10:45,English,,,
CAL003348,2025-11-10,2025,Term 4,Grade 4,Monday,3,11:15,12:15,Science,,,
CAL003349,2025-11-10,2025,Term 4,Grade 4,Monday,4,13:00,14:00,Humanities,,,
CAL003350,2025-11-10,2025,Term 4,Grade 4,Monday,5,14:00,15:00,Arts,,,
CAL003351,2025-11-10,2025,Term 4,Grade 5,Monday,1,08:45,09:45,Mathematics,,,
CAL003352,2025-11-10,2025,Term 4,Grade 5,Monday,2,09:45,10:45,English,,,
CAL003353,2025-11-10,2025,Term 4,Grade 5,Monday,3,11:15,12:15,Science,,,
CAL003354,2025-11-10,2025,Term 4,Grade 5,Monday,4,13:00,14:00,Humanities,,,
CAL003355,2025-11-10,2025,Term 4,Grade 5,Monday,5,14:00,15:00,Health and Physical Education,,,
CAL003356,2025-11-10,2025,Term 4,Grade 6,Monday,1,08:45,09:45,Mathematics,,,
CAL003357,2025-11-10,2025,Term 4,Grade 6,Monday,2,09:45,10:45,English,,,
CAL003358,2025-11-10,2025,Term 4,Grade 6,Monday,3,11:15,12:15,Science,,,
CAL003359,2025-11-10,2025,Term 4,Grade 6,Monday,4,13:00,14:00,Humanities,,,
CAL003360,2025-11-10,2025,Term 4,Grade 6,Monday,5,14:00,15:00,Design and Technology,,,
CAL003361,2025-11-11,2025,Term 4,Grade 4,Tuesday,1,08:45,09:45,English,,,
CAL003362,2025-11-11,2025,Term 4,Grade 4,Tuesday,2,09:45,10:45,Science,,,
CAL003363,2025-11-11,2025,Term 4,Grade 4,Tuesday,3,11:15,12:15,Humanities,,,
CAL003364,2025-11-11,2025,Term 4,Grade 4,Tuesday,4,13:00,14:00,Arts,,,
CAL003365,2025-11-11,2025,Term 4,Grade 4,Tuesday,5,14:00,15:00,Mathematics,,,
CAL003366,2025-11-11,2025,Term 4,Grade 5,Tuesday,1,08:45,09:45,English,,,
CAL003367,2025-11-11,2025,Term 4,Grade 5,Tuesday,2,09:45,10:45,Science,,,
CAL003368,2025-11-11,2025,Term 4,Grade 5,Tuesday,3,11:15,12:15,Humanities,,,
CAL003369,2025-11-11,2025,Term 4,Grade 5,Tuesday,4,13:00,14:00,Health and Physical Education,,,
CAL003370,2025-11-11,2025,Term 4,Grade 5,Tuesday,5,14:00,15:00,Mathematics,,,
CAL003371,2025-11-11,2025,Term 4,Grade 6,Tuesday,1,08:45,09:45,English,,,
CAL003372,2025-11-11,2025,Term 4,Grade 6,Tuesday,2,09:45,10:45,Science,,,
CAL003373,2025-11-11,2025,Term 4,Grade 6,Tuesday,3,11:15,12:15,Humanities,,,
CAL003374,2025-11-11,2025,Term 4,Grade 6,Tuesday,4,13:00,14:00,Design and Technology,,,
CAL003375,2025-11-11,2025,Term 4,Grade 6,Tuesday,5,14:00,15:00,Mathematics,,,
CAL003376,2025-11-12,2025,Term 4,Grade 4,Wednesday,1,08:45,09:45,Science,,,
CAL003377,2025-11-12,2025,Term 4,Grade 4,Wednesday,2,09:45,10:45,Humanities,,,
CAL003378,2025-11-12,2025,Term 4,Grade 4,Wednesday,3,11:15,12:15,Arts,,,
CAL003379,2025-11-12,2025,Term 4,Grade 4,Wednesday,4,13:00,14:00,Mathematics,,,
CAL003380,2025-11-12,2025,Term 4,Grade 4,Wednesday,5,14:00,15:00,English,,,
CAL003381,2025-11-12,2025,Term 4,Grade 5,Wednesday,1,08:45,09:45,Science,,,
CAL003382,2025-11-12,2025,Term 4,Grade 5,Wednesday,2,09:45,10:45,Humanities,,,
CAL003383,2025-11-12,2025,Term 4,Grade 5,Wednesday,3,11:15,12:15,Health and Physical Education,,,
CAL003384,2025-11-12,2025,Term 4,Grade 5,Wednesday,4,13:00,14:00,Mathematics,,,
CAL003385,2025-11-12,2025,Term 4,Grade 5,Wednesday,5,14:00,15:00,English,,,
CAL003386,2025-11-12,2025,Term 4,Grade 6,Wednesday,1,08:45,09:45,Science,,,
CAL003387,2025-11-12,2025,Term 4,Grade 6,Wednesday,2,09:45,10:45,Humanities,,,
CAL003388,2025-11-12,2025,Term 4,Grade 6,Wednesday,3,11:15,12:15,Design and Technology,,,
CAL003389,2025-11-12,2025,Term 4,Grade 6,Wednesday,4,13:00,14:00,Mathematics,,,
CAL003390,2025-11-12,2025,Term 4,Grade 6,Wednesday,5,14:00,15:00,English,,,
CAL003391,2025-11-13,2025,Term 4,Grade 4,Thursday,1,08:45,09:45,Humanities,,,
CAL003392,2025-11-13,2025,Term 4,Grade 4,Thursday,2,09:45,10:45,Arts,,,
CAL003393,2025-11-13,2025,Term 4,Grade 4,Thursday,3,11:15,12:15,Mathematics,,,
CAL003394,2025-11-13,2025,Term 4,Grade 4,Thursday,4,13:00,14:00,English,,,
CAL003395,2025-11-13,2025,Term 4,Grade 4,Thursday,5,14:00,15:00,Science,,,
CAL003396,2025-11-13,2025,Term 4,Grade 5,Thursday,1,08:45,09:45,Humanities,,,
CAL003397,2025-11-13,2025,Term 4,Grade 5,Thursday,2,09:45,10:45,Health and Physical Education,,,
CAL003398,2025-11-13,2025,Term 4,Grade 5,Thursday,3,11:15,12:15,Mathematics,,,
CAL003399,2025-11-13,2025,Term 4,Grade 5,Thursday,4,13:00,14:00,English,,,
CAL003400,2025-11-13,2025,Term 4,Grade 5,Thursday,5,14:00,15:00,Science,,,
CAL003401,2025-11-13,2025,Term 4,Grade 6,Thursday,1,08:45,09:45,Humanities,,,
CAL003402,2025-11-13,2025,Term 4,Grade 6,Thursday,2,09:45,10:45,Design and Technology,,,
CAL003403,2025-11-13,2025,Term 4,Grade 6,Thursday,3,11:15,12:15,Mathematics,,,
CAL003404,2025-11-13,2025,Term 4,Grade 6,Thursday,4,13:00,14:00,English,,,
CAL003405,2025-11-13,2025,Term 4,Grade 6,Thursday,5,14:00,15:00,Science,,,
CAL003406,2025-11-14,2025,Term 4,Grade 4,Friday,1,08:45,09:45,Arts,,,
CAL003407,2025-11-14,2025,Term 4,Grade 4,Friday,2,09:45,10:45,Mathematics,,,
CAL003408,2025-11-14,2025,Term 4,Grade 4,Friday,3,11:15,12:15,English,,,
CAL003409,2025-11-14,2025,Term 4,Grade 4,Friday,4,13:00,14:00,Science,,,
CAL003410,2025-11-14,2025,Term 4,Grade 4,Friday,5,14:00,15:00,Humanities,,,
CAL003411,2025-11-14,2025,Term 4,Grade 5,Friday,1,08:45,09:45,Health and Physical Education,,,
CAL003412,2025-11-14,2025,Term 4,Grade 5,Friday,2,09:45,10:45,Mathematics,,,
CAL003413,2025-11-14,2025,Term 4,Grade 5,Friday,3,11:15,12:15,English,,,
CAL003414,2025-11-14,2025,Term 4,Grade 5,Friday,4,13:00,14:00,Science,,,
CAL003415,2025-11-14,2025,Term 4,Grade 5,Friday,5,14:00,15:00,Humanities,,,
CAL003416,2025-11-14,2025,Term 4,Grade 6,Friday,1,08:45,09:45,Design and Technology,,,
CAL003417,2025-11-14,2025,Term 4,Grade 6,Friday,2,09:45,10:45,Mathematics,,,
CAL003418,2025-11-14,2025,Term 4,Grade 6,Friday,3,11:15,12:15,English,,,
CAL003419,2025-11-14,2025,Term 4,Grade 6,Friday,4,13:00,14:00,Science,,,
CAL003420,2025-11-14,2025,Term 4,Grade 6,Friday,5,14:00,15:00,Humanities,,,
CAL003421,2025-11-17,2025,Term 4,Grade 4,Monday,1,08:45,09:45,Mathematics,,,
CAL003422,2025-11-17,2025,Term 4,Grade 4,Monday,2,09:45,10:45,English,,,
CAL003423,2025-11-17,2025,Term 4,Grade 4,Monday,3,11:15,12:15,Science,,,
CAL003424,2025-11-17,2025,Term 4,Grade 4,Monday,4,13:00,14:00,Humanities,,,
CAL003425,2025-11-17,2025,Term 4,Grade 4,Monday,5,14:00,15:00,Arts,,,
CAL003426,2025-11-17,2025,Term 4,Grade 5,Monday,1,08:45,09:45,Mathematics,,,
CAL003427,2025-11-17,2025,Term 4,Grade 5,Monday,2,09:45,10:45,English,,,
CAL003428,2025-11-17,2025,Term 4,Grade 5,Monday,3,11:15,12:15,Science,,,
CAL003429,2025-11-17,2025,Term 4,Grade 5,Monday,4,13:00,14:00,Humanities,,,
CAL003430,2025-11-17,2025,Term 4,Grade 5,Monday,5,14:00,15:00,Health and Physical Education,,,
CAL003431,2025-11-17,2025,Term 4,Grade 6,Monday,1,08:45,09:45,Mathematics,,,
CAL003432,2025-11-17,2025,Term 4,Grade 6,Monday,2,09:45,10:45,English,,,
CAL003433,2025-11-17,2025,Term 4,Grade 6,Monday,3,11:15,12:15,Science,,,
CAL003434,2025-11-17,2025,Term 4,Grade 6,Monday,4,13:00,14:00,Humanities,,,
CAL003435,2025-11-17,2025,Term 4,Grade 6,Monday,5,14:00,15:00,Design and Technology,,,
CAL003436,2025-11-18,2025,Term 4,Grade 4,Tuesday,1,08:45,09:45,English,,,
CAL003437,2025-11-18,2025,Term 4,Grade 4,Tuesday,2,09:45,10:45,Science,,,
CAL003438,2025-11-18,2025,Term 4,Grade 4,Tuesday,3,11:15,12:15,Humanities,,,
CAL003439,2025-11-18,2025,Term 4,Grade 4,Tuesday,4,13:00,14:00,Arts,,,
CAL003440,2025-11-18,2025,Term 4,Grade 4,Tuesday,5,14:00,15:00,Mathematics,,,
CAL003441,2025-11-18,2025,Term 4,Grade 5,Tuesday,1,08:45,09:45,English,,,
CAL003442,2025-11-18,2025,Term 4,Grade 5,Tuesday,2,09:45,10:45,Science,,,
CAL003443,2025-11-18,2025,Term 4,Grade 5,Tuesday,3,11:15,12:15,Humanities,,,
CAL003444,2025-11-18,2025,Term 4,Grade 5,Tuesday,4,13:00,14:00,Health and Physical Education,,,
CAL003445,2025-11-18,2025,Term 4,Grade 5,Tuesday,5,14:00,15:00,Mathematics,,,
CAL003446,2025-11-18,2025,Term 4,Grade 6,Tuesday,1,08:45,09:45,English,,,
CAL003447,2025-11-18,2025,Term 4,Grade 6,Tuesday,2,09:45,10:45,Science,,,
CAL003448,2025-11-18,2025,Term 4,Grade 6,Tuesday,3,11:15,12:15,Humanities,,,
CAL003449,2025-11-18,2025,Term 4,Grade 6,Tuesday,4,13:00,14:00,Design and Technology,,,
CAL003450,2025-11-18,2025,Term 4,Grade 6,Tuesday,5,14:00,15:00,Mathematics,,,
CAL003451,2025-11-19,2025,Term 4,Grade 4,Wednesday,1,08:45,09:45,Science,,,
CAL003452,2025-11-19,2025,Term 4,Grade 4,Wednesday,2,09:45,10:45,Humanities,,,
CAL003453,2025-11-19,2025,Term 4,Grade 4,Wednesday,3,11:15,12:15,Arts,,,
CAL003454,2025-11-19,2025,Term 4,Grade 4,Wednesday,4,13:00,14:00,Mathematics,,,
CAL003455,2025-11-19,2025,Term 4,Grade 4,Wednesday,5,14:00,15:00,English,,,
CAL003456,2025-11-19,2025,Term 4,Grade 5,Wednesday,1,08:45,09:45,Science,,,
CAL003457,2025-11-19,2025,Term 4,Grade 5,Wednesday,2,09:45,10:45,Humanities,,,
CAL003458,2025-11-19,2025,Term 4,Grade 5,Wednesday,3,11:15,12:15,Health and Physical Education,,,
CAL003459,2025-11-19,2025,Term 4,Grade 5,Wednesday,4,13:00,14:00,Mathematics,,,
CAL003460,2025-11-19,2025,Term 4,Grade 5,Wednesday,5,14:00,15:00,English,,,
CAL003461,2025-11-19,2025,Term 4,Grade 6,Wednesday,1,08:45,09:45,Science,,,
CAL003462,2025-11-19,2025,Term 4,Grade 6,Wednesday,2,09:45,10:45,Humanities,,,
CAL003463,2025-11-19,2025,Term 4,Grade 6,Wednesday,3,11:15,12:15,Design and Technology,,,
CAL003464,2025-11-19,2025,Term 4,Grade 6,Wednesday,4,13:00,14:00,Mathematics,,,
CAL003465,2025-11-19,2025,Term 4,Grade 6,Wednesday,5,14:00,15:00,English,,,
CAL003466,2025-11-20,2025,Term 4,Grade 4,Thursday,1,08:45,09:45,Humanities,,,
CAL003467,2025-11-20,2025,Term 4,Grade 4,Thursday,2,09:45,10:45,Arts,,,
CAL003468,2025-11-20,2025,Term 4,Grade 4,Thursday,3,11:15,12:15,Mathematics,,,
CAL003469,2025-11-20,2025,Term 4,Grade 4,Thursday,4,13:00,14:00,English,,,
CAL003470,2025-11-20,2025,Term 4,Grade 4,Thursday,5,14:00,15:00,Science,,,
CAL003471,2025-11-20,2025,Term 4,Grade 5,Thursday,1,08:45,09:45,Humanities,,,
CAL003472,2025-11-20,2025,Term 4,Grade 5,Thursday,2,09:45,10:45,Health and Physical Education,,,
CAL003473,2025-11-20,2025,Term 4,Grade 5,Thursday,3,11:15,12:15,Mathematics,,,
CAL003474,2025-11-20,2025,Term 4,Grade 5,Thursday,4,13:00,14:00,English,,,
CAL003475,2025-11-20,2025,Term 4,Grade 5,Thursday,5,14:00,15:00,Science,,,
CAL003476,2025-11-20,2025,Term 4,Grade 6,Thursday,1,08:45,09:45,Humanities,,,
CAL003477,2025-11-20,2025,Term 4,Grade 6,Thursday,2,09:45,10:45,Design and Technology,,,
CAL003478,2025-11-20,2025,Term 4,Grade 6,Thursday,3,11:15,12:15,Mathematics,,,
CAL003479,2025-11-20,2025,Term 4,Grade 6,Thursday,4,13:00,14:00,English,,,
CAL003480,2025-11-20,2025,Term 4,Grade 6,Thursday,5,14:00,15:00,Science,,,
CAL003481,2025-11-21,2025,Term 4,Grade 4,Friday,1,08:45,09:45,Arts,,Sports Day,School event
CAL003482,2025-11-21,2025,Term 4,Grade 4,Friday,2,09:45,10:45,Mathematics,,Sports Day,School event
CAL003483,2025-11-21,2025,Term 4,Grade 4,Friday,3,11:15,12:15,English,,Sports Day,School event
CAL003484,2025-11-21,2025,Term 4,Grade 4,Friday,4,13:00,14:00,Science,,Sports Day,School event
CAL003485,2025-11-21,2025,Term 4,Grade 4,Friday,5,14:00,15:00,Humanities,,Sports Day,School event
CAL003486,2025-11-21,2025,Term 4,Grade 5,Friday,1,08:45,09:45,Health and Physical Education,,Sports Day,School event
CAL003487,2025-11-21,2025,Term 4,Grade 5,Friday,2,09:45,10:45,Mathematics,,Sports Day,School event
CAL003488,2025-11-21,2025,Term 4,Grade 5,Friday,3,11:15,12:15,English,,Sports Day,School event
CAL003489,2025-11-21,2025,Term 4,Grade 5,Friday,4,13:00,14:00,Science,,Sports Day,School event
CAL003490,2025-11-21,2025,Term 4,Grade 5,Friday,5,14:00,15:00,Humanities,,Sports Day,School event
CAL003491,2025-11-21,2025,Term 4,Grade 6,Friday,1,08:45,09:45,Design and Technology,,Sports Day,School event
CAL003492,2025-11-21,2025,Term 4,Grade 6,Friday,2,09:45,10:45,Mathematics,,Sports Day,School event
CAL003493,2025-11-21,2025,Term 4,Grade 6,Friday,3,11:15,12:15,English,,Sports Day,School event
CAL003494,2025-11-21,2025,Term 4,Grade 6,Friday,4,13:00,14:00,Science,,Sports Day,School event
CAL003495,2025-11-21,2025,Term 4,Grade 6,Friday,5,14:00,15:00,Humanities,,Sports Day,School event
CAL003496,2025-11-24,2025,Term 4,Grade 4,Monday,1,08:45,09:45,Mathematics,,,
CAL003497,2025-11-24,2025,Term 4,Grade 4,Monday,2,09:45,10:45,English,,,
CAL003498,2025-11-24,2025,Term 4,Grade 4,Monday,3,11:15,12:15,Science,,,
CAL003499,2025-11-24,2025,Term 4,Grade 4,Monday,4,13:00,14:00,Humanities,,,
CAL003500,2025-11-24,2025,Term 4,Grade 4,Monday,5,14:00,15:00,Arts,,,
CAL003501,2025-11-24,2025,Term 4,Grade 5,Monday,1,08:45,09:45,Mathematics,,,
CAL003502,2025-11-24,2025,Term 4,Grade 5,Monday,2,09:45,10:45,English,,,
CAL003503,2025-11-24,2025,Term 4,Grade 5,Monday,3,11:15,12:15,Science,,,
CAL003504,2025-11-24,2025,Term 4,Grade 5,Monday,4,13:00,14:00,Humanities,,,
CAL003505,2025-11-24,2025,Term 4,Grade 5,Monday,5,14:00,15:00,Health and Physical Education,,,
CAL003506,2025-11-24,2025,Term 4,Grade 6,Monday,1,08:45,09:45,Mathematics,,,
CAL003507,2025-11-24,2025,Term 4,Grade 6,Monday,2,09:45,10:45,English,,,
CAL003508,2025-11-24,2025,Term 4,Grade 6,Monday,3,11:15,12:15,Science,,,
CAL003509,2025-11-24,2025,Term 4,Grade 6,Monday,4,13:00,14:00,Humanities,,,
CAL003510,2025-11-24,2025,Term 4,Grade 6,Monday,5,14:00,15:00,Design and Technology,,,
CAL003511,2025-11-25,2025,Term 4,Grade 4,Tuesday,1,08:45,09:45,English,,,
CAL003512,2025-11-25,2025,Term 4,Grade 4,Tuesday,2,09:45,10:45,Science,,,
CAL003513,2025-11-25,2025,Term 4,Grade 4,Tuesday,3,11:15,12:15,Humanities,,,
CAL003514,2025-11-25,2025,Term 4,Grade 4,Tuesday,4,13:00,14:00,Arts,,,
CAL003515,2025-11-25,2025,Term 4,Grade 4,Tuesday,5,14:00,15:00,Mathematics,,,
CAL003516,2025-11-25,2025,Term 4,Grade 5,Tuesday,1,08:45,09:45,English,,,
CAL003517,2025-11-25,2025,Term 4,Grade 5,Tuesday,2,09:45,10:45,Science,,,
CAL003518,2025-11-25,2025,Term 4,Grade 5,Tuesday,3,11:15,12:15,Humanities,,,
CAL003519,2025-11-25,2025,Term 4,Grade 5,Tuesday,4,13:00,14:00,Health and Physical Education,,,
CAL003520,2025-11-25,2025,Term 4,Grade 5,Tuesday,5,14:00,15:00,Mathematics,,,
CAL003521,2025-11-25,2025,Term 4,Grade 6,Tuesday,1,08:45,09:45,English,,,
CAL003522,2025-11-25,2025,Term 4,Grade 6,Tuesday,2,09:45,10:45,Science,,,
CAL003523,2025-11-25,2025,Term 4,Grade 6,Tuesday,3,11:15,12:15,Humanities,,,
CAL003524,2025-11-25,2025,Term 4,Grade 6,Tuesday,4,13:00,14:00,Design and Technology,,,
CAL003525,2025-11-25,2025,Term 4,Grade 6,Tuesday,5,14:00,15:00,Mathematics,,,
CAL003526,2025-11-26,2025,Term 4,Grade 4,Wednesday,1,08:45,09:45,Science,,,
CAL003527,2025-11-26,2025,Term 4,Grade 4,Wednesday,2,09:45,10:45,Humanities,,,
CAL003528,2025-11-26,2025,Term 4,Grade 4,Wednesday,3,11:15,12:15,Arts,,,
CAL003529,2025-11-26,2025,Term 4,Grade 4,Wednesday,4,13:00,14:00,Mathematics,,,
CAL003530,2025-11-26,2025,Term 4,Grade 4,Wednesday,5,14:00,15:00,English,,,
CAL003531,2025-11-26,2025,Term 4,Grade 5,Wednesday,1,08:45,09:45,Science,,,
CAL003532,2025-11-26,2025,Term 4,Grade 5,Wednesday,2,09:45,10:45,Humanities,,,
CAL003533,2025-11-26,2025,Term 4,Grade 5,Wednesday,3,11:15,12:15,Health and Physical Education,,,
CAL003534,2025-11-26,2025,Term 4,Grade 5,Wednesday,4,13:00,14:00,Mathematics,,,
CAL003535,2025-11-26,2025,Term 4,Grade 5,Wednesday,5,14:00,15:00,English,,,
CAL003536,2025-11-26,2025,Term 4,Grade 6,Wednesday,1,08:45,09:45,Science,,,
CAL003537,2025-11-26,2025,Term 4,Grade 6,Wednesday,2,09:45,10:45,Humanities,,,
CAL003538,2025-11-26,2025,Term 4,Grade 6,Wednesday,3,11:15,12:15,Design and Technology,,,
CAL003539,2025-11-26,2025,Term 4,Grade 6,Wednesday,4,13:00,14:00,Mathematics,,,
CAL003540,2025-11-26,2025,Term 4,Grade 6,Wednesday,5,14:00,15:00,English,,,
CAL003541,2025-11-27,2025,Term 4,Grade 4,Thursday,1,08:45,09:45,Humanities,,,
CAL003542,2025-11-27,2025,Term 4,Grade 4,Thursday,2,09:45,10:45,Arts,,,
CAL003543,2025-11-27,2025,Term 4,Grade 4,Thursday,3,11:15,12:15,Mathematics,,,
CAL003544,2025-11-27,2025,Term 4,Grade 4,Thursday,4,13:00,14:00,English,,,
CAL003545,2025-11-27,2025,Term 4,Grade 4,Thursday,5,14:00,15:00,Science,,,
CAL003546,2025-11-27,2025,Term 4,Grade 5,Thursday,1,08:45,09:45,Humanities,,,
CAL003547,2025-11-27,2025,Term 4,Grade 5,Thursday,2,09:45,10:45,Health and Physical Education,,,
CAL003548,2025-11-27,2025,Term 4,Grade 5,Thursday,3,11:15,12:15,Mathematics,,,
CAL003549,2025-11-27,2025,Term 4,Grade 5,Thursday,4,13:00,14:00,English,,,
CAL003550,2025-11-27,2025,Term 4,Grade 5,Thursday,5,14:00,15:00,Science,,,
CAL003551,2025-11-27,2025,Term 4,Grade 6,Thursday,1,08:45,09:45,Humanities,,,
CAL003552,2025-11-27,2025,Term 4,Grade 6,Thursday,2,09:45,10:45,Design and Technology,,,
CAL003553,2025-11-27,2025,Term 4,Grade 6,Thursday,3,11:15,12:15,Mathematics,,,
CAL003554,2025-11-27,2025,Term 4,Grade 6,Thursday,4,13:00,14:00,English,,,
CAL003555,2025-11-27,2025,Term 4,Grade 6,Thursday,5,14:00,15:00,Science,,,
CAL003556,2025-11-28,2025,Term 4,Grade 4,Friday,1,08:45,09:45,Arts,,,
CAL003557,2025-11-28,2025,Term 4,Grade 4,Friday,2,09:45,10:45,Mathematics,,,
CAL003558,2025-11-28,2025,Term 4,Grade 4,Friday,3,11:15,12:15,English,,,
CAL003559,2025-11-28,2025,Term 4,Grade 4,Friday,4,13:00,14:00,Science,,,
CAL003560,2025-11-28,2025,Term 4,Grade 4,Friday,5,14:00,15:00,Humanities,,,
CAL003561,2025-11-28,2025,Term 4,Grade 5,Friday,1,08:45,09:45,Health and Physical Education,,,
CAL003562,2025-11-28,2025,Term 4,Grade 5,Friday,2,09:45,10:45,Mathematics,,,
CAL003563,2025-11-28,2025,Term 4,Grade 5,Friday,3,11:15,12:15,English,,,
CAL003564,2025-11-28,2025,Term 4,Grade 5,Friday,4,13:00,14:00,Science,,,
CAL003565,2025-11-28,2025,Term 4,Grade 5,Friday,5,14:00,15:00,Humanities,,,
CAL003566,2025-11-28,2025,Term 4,Grade 6,Friday,1,08:45,09:45,Design and Technology,,,
CAL003567,2025-11-28,2025,Term 4,Grade 6,Friday,2,09:45,10:45,Mathematics,,,
CAL003568,2025-11-28,2025,Term 4,Grade 6,Friday,3,11:15,12:15,English,,,
CAL003569,2025-11-28,2025,Term 4,Grade 6,Friday,4,13:00,14:00,Science,,,
CAL003570,2025-11-28,2025,Term 4,Grade 6,Friday,5,14:00,15:00,Humanities,,,
CAL003571,2025-12-01,2025,Term 4,Grade 4,Monday,1,08:45,09:45,Mathematics,,,
CAL003572,2025-12-01,2025,Term 4,Grade 4,Monday,2,09:45,10:45,English,,,
CAL003573,2025-12-01,2025,Term 4,Grade 4,Monday,3,11:15,12:15,Science,,,
CAL003574,2025-12-01,2025,Term 4,Grade 4,Monday,4,13:00,14:00,Humanities,,,
CAL003575,2025-12-01,2025,Term 4,Grade 4,Monday,5,14:00,15:00,Arts,,,
CAL003576,2025-12-01,2025,Term 4,Grade 5,Monday,1,08:45,09:45,Mathematics,,,
CAL003577,2025-12-01,2025,Term 4,Grade 5,Monday,2,09:45,10:45,English,,,
CAL003578,2025-12-01,2025,Term 4,Grade 5,Monday,3,11:15,12:15,Science,,,
CAL003579,2025-12-01,2025,Term 4,Grade 5,Monday,4,13:00,14:00,Humanities,,,
CAL003580,2025-12-01,2025,Term 4,Grade 5,Monday,5,14:00,15:00,Health and Physical Education,,,
CAL003581,2025-12-01,2025,Term 4,Grade 6,Monday,1,08:45,09:45,Mathematics,,,
CAL003582,2025-12-01,2025,Term 4,Grade 6,Monday,2,09:45,10:45,English,,,
CAL003583,2025-12-01,2025,Term 4,Grade 6,Monday,3,11:15,12:15,Science,,,
CAL003584,2025-12-01,2025,Term 4,Grade 6,Monday,4,13:00,14:00,Humanities,,,
CAL003585,2025-12-01,2025,Term 4,Grade 6,Monday,5,14:00,15:00,Design and Technology,,,
CAL003586,2025-12-02,2025,Term 4,Grade 4,Tuesday,1,08:45,09:45,English,,,
CAL003587,2025-12-02,2025,Term 4,Grade 4,Tuesday,2,09:45,10:45,Science,,,
CAL003588,2025-12-02,2025,Term 4,Grade 4,Tuesday,3,11:15,12:15,Humanities,,,
CAL003589,2025-12-02,2025,Term 4,Grade 4,Tuesday,4,13:00,14:00,Arts,,,
CAL003590,2025-12-02,2025,Term 4,Grade 4,Tuesday,5,14:00,15:00,Mathematics,,,
CAL003591,2025-12-02,2025,Term 4,Grade 5,Tuesday,1,08:45,09:45,English,,,
CAL003592,2025-12-02,2025,Term 4,Grade 5,Tuesday,2,09:45,10:45,Science,,,
CAL003593,2025-12-02,2025,Term 4,Grade 5,Tuesday,3,11:15,12:15,Humanities,,,
CAL003594,2025-12-02,2025,Term 4,Grade 5,Tuesday,4,13:00,14:00,Health and Physical Education,,,
CAL003595,2025-12-02,2025,Term 4,Grade 5,Tuesday,5,14:00,15:00,Mathematics,,,
CAL003596,2025-12-02,2025,Term 4,Grade 6,Tuesday,1,08:45,09:45,English,,,
CAL003597,2025-12-02,2025,Term 4,Grade 6,Tuesday,2,09:45,10:45,Science,,,
CAL003598,2025-12-02,2025,Term 4,Grade 6,Tuesday,3,11:15,12:15,Humanities,,,
CAL003599,2025-12-02,2025,Term 4,Grade 6,Tuesday,4,13:00,14:00,Design and Technology,,,
CAL003600,2025-12-02,2025,Term 4,Grade 6,Tuesday,5,14:00,15:00,Mathematics,,,
CAL003601,2025-12-03,2025,Term 4,Grade 4,Wednesday,1,08:45,09:45,Science,,,
CAL003602,2025-12-03,2025,Term 4,Grade 4,Wednesday,2,09:45,10:45,Humanities,,,
CAL003603,2025-12-03,2025,Term 4,Grade 4,Wednesday,3,11:15,12:15,Arts,,,
CAL003604,2025-12-03,2025,Term 4,Grade 4,Wednesday,4,13:00,14:00,Mathematics,,,
CAL003605,2025-12-03,2025,Term 4,Grade 4,Wednesday,5,14:00,15:00,English,,,
CAL003606,2025-12-03,2025,Term 4,Grade 5,Wednesday,1,08:45,09:45,Science,,,
CAL003607,2025-12-03,2025,Term 4,Grade 5,Wednesday,2,09:45,10:45,Humanities,,,
CAL003608,2025-12-03,2025,Term 4,Grade 5,Wednesday,3,11:15,12:15,Health and Physical Education,,,
CAL003609,2025-12-03,2025,Term 4,Grade 5,Wednesday,4,13:00,14:00,Mathematics,,,
CAL003610,2025-12-03,2025,Term 4,Grade 5,Wednesday,5,14:00,15:00,English,,,
CAL003611,2025-12-03,2025,Term 4,Grade 6,Wednesday,1,08:45,09:45,Science,,,
CAL003612,2025-12-03,2025,Term 4,Grade 6,Wednesday,2,09:45,10:45,Humanities,,,
CAL003613,2025-12-03,2025,Term 4,Grade 6,Wednesday,3,11:15,12:15,Design and Technology,,,
CAL003614,2025-12-03,2025,Term 4,Grade 6,Wednesday,4,13:00,14:00,Mathematics,,,
CAL003615,2025-12-03,2025,Term 4,Grade 6,Wednesday,5,14:00,15:00,English,,,
CAL003616,2025-12-04,2025,Term 4,Grade 4,Thursday,1,08:45,09:45,Humanities,,,
CAL003617,2025-12-04,2025,Term 4,Grade 4,Thursday,2,09:45,10:45,Arts,,,
CAL003618,2025-12-04,2025,Term 4,Grade 4,Thursday,3,11:15,12:15,Mathematics,,,
CAL003619,2025-12-04,2025,Term 4,Grade 4,Thursday,4,13:00,14:00,English,,,
CAL003620,2025-12-04,2025,Term 4,Grade 4,Thursday,5,14:00,15:00,Science,,,
CAL003621,2025-12-04,2025,Term 4,Grade 5,Thursday,1,08:45,09:45,Humanities,,,
CAL003622,2025-12-04,2025,Term 4,Grade 5,Thursday,2,09:45,10:45,Health and Physical Education,,,
CAL003623,2025-12-04,2025,Term 4,Grade 5,Thursday,3,11:15,12:15,Mathematics,,,
CAL003624,2025-12-04,2025,Term 4,Grade 5,Thursday,4,13:00,14:00,English,,,
CAL003625,2025-12-04,2025,Term 4,Grade 5,Thursday,5,14:00,15:00,Science,,,
CAL003626,2025-12-04,2025,Term 4,Grade 6,Thursday,1,08:45,09:45,Humanities,,,
CAL003627,2025-12-04,2025,Term 4,Grade 6,Thursday,2,09:45,10:45,Design and Technology,,,
CAL003628,2025-12-04,2025,Term 4,Grade 6,Thursday,3,11:15,12:15,Mathematics,,,
CAL003629,2025-12-04,2025,Term 4,Grade 6,Thursday,4,13:00,14:00,English,,,
CAL003630,2025-12-04,2025,Term 4,Grade 6,Thursday,5,14:00,15:00,Science,,,
CAL003631,2025-12-05,2025,Term 4,Grade 4,Friday,1,08:45,09:45,Arts,,,
CAL003632,2025-12-05,2025,Term 4,Grade 4,Friday,2,09:45,10:45,Mathematics,,,
CAL003633,2025-12-05,2025,Term 4,Grade 4,Friday,3,11:15,12:15,English,,,
CAL003634,2025-12-05,2025,Term 4,Grade 4,Friday,4,13:00,14:00,Science,,,
CAL003635,2025-12-05,2025,Term 4,Grade 4,Friday,5,14:00,15:00,Humanities,,,
CAL003636,2025-12-05,2025,Term 4,Grade 5,Friday,1,08:45,09:45,Health and Physical Education,,,
CAL003637,2025-12-05,2025,Term 4,Grade 5,Friday,2,09:45,10:45,Mathematics,,,
CAL003638,2025-12-05,2025,Term 4,Grade 5,Friday,3,11:15,12:15,English,,,
CAL003639,2025-12-05,2025,Term 4,Grade 5,Friday,4,13:00,14:00,Science,,,
CAL003640,2025-12-05,2025,Term 4,Grade 5,Friday,5,14:00,15:00,Humanities,,,
CAL003641,2025-12-05,2025,Term 4,Grade 6,Friday,1,08:45,09:45,Design and Technology,,,
CAL003642,2025-12-05,2025,Term 4,Grade 6,Friday,2,09:45,10:45,Mathematics,,,
CAL003643,2025-12-05,2025,Term 4,Grade 6,Friday,3,11:15,12:15,English,,,
CAL003644,2025-12-05,2025,Term 4,Grade 6,Friday,4,13:00,14:00,Science,,,
CAL003645,2025-12-05,2025,Term 4,Grade 6,Friday,5,14:00,15:00,Humanities,,,
CAL003646,2025-12-08,2025,Term 4,Grade 4,Monday,1,08:45,09:45,Mathematics,,,
CAL003647,2025-12-08,2025,Term 4,Grade 4,Monday,2,09:45,10:45,English,,,
CAL003648,2025-12-08,2025,Term 4,Grade 4,Monday,3,11:15,12:15,Science,,,
CAL003649,2025-12-08,2025,Term 4,Grade 4,Monday,4,13:00,14:00,Humanities,,,
CAL003650,2025-12-08,2025,Term 4,Grade 4,Monday,5,14:00,15:00,Arts,,,
CAL003651,2025-12-08,2025,Term 4,Grade 5,Monday,1,08:45,09:45,Mathematics,,,
CAL003652,2025-12-08,2025,Term 4,Grade 5,Monday,2,09:45,10:45,English,,,
CAL003653,2025-12-08,2025,Term 4,Grade 5,Monday,3,11:15,12:15,Science,,,
CAL003654,2025-12-08,2025,Term 4,Grade 5,Monday,4,13:00,14:00,Humanities,,,
CAL003655,2025-12-08,2025,Term 4,Grade 5,Monday,5,14:00,15:00,Health and Physical Education,,,
CAL003656,2025-12-08,2025,Term 4,Grade 6,Monday,1,08:45,09:45,Mathematics,,,
CAL003657,2025-12-08,2025,Term 4,Grade 6,Monday,2,09:45,10:45,English,,,
CAL003658,2025-12-08,2025,Term 4,Grade 6,Monday,3,11:15,12:15,Science,,,
CAL003659,2025-12-08,2025,Term 4,Grade 6,Monday,4,13:00,14:00,Humanities,,,
CAL003660,2025-12-08,2025,Term 4,Grade 6,Monday,5,14:00,15:00,Design and Technology,,,
CAL003661,2025-12-09,2025,Term 4,Grade 4,Tuesday,1,08:45,09:45,English,,,
CAL003662,2025-12-09,2025,Term 4,Grade 4,Tuesday,2,09:45,10:45,Science,,,
CAL003663,2025-12-09,2025,Term 4,Grade 4,Tuesday,3,11:15,12:15,Humanities,,,
CAL003664,2025-12-09,2025,Term 4,Grade 4,Tuesday,4,13:00,14:00,Arts,,,
CAL003665,2025-12-09,2025,Term 4,Grade 4,Tuesday,5,14:00,15:00,Mathematics,,,
CAL003666,2025-12-09,2025,Term 4,Grade 5,Tuesday,1,08:45,09:45,English,,,
CAL003667,2025-12-09,2025,Term 4,Grade 5,Tuesday,2,09:45,10:45,Science,,,
CAL003668,2025-12-09,2025,Term 4,Grade 5,Tuesday,3,11:15,12:15,Humanities,,,
CAL003669,2025-12-09,2025,Term 4,Grade 5,Tuesday,4,13:00,14:00,Health and Physical Education,,,
CAL003670,2025-12-09,2025,Term 4,Grade 5,Tuesday,5,14:00,15:00,Mathematics,,,
CAL003671,2025-12-09,2025,Term 4,Grade 6,Tuesday,1,08:45,09:45,English,,,
CAL003672,2025-12-09,2025,Term 4,Grade 6,Tuesday,2,09:45,10:45,Science,,,
CAL003673,2025-12-09,2025,Term 4,Grade 6,Tuesday,3,11:15,12:15,Humanities,,,
CAL003674,2025-12-09,2025,Term 4,Grade 6,Tuesday,4,13:00,14:00,Design and Technology,,,
CAL003675,2025-12-09,2025,Term 4,Grade 6,Tuesday,5,14:00,15:00,Mathematics,,,
CAL003676,2025-12-10,2025,Term 4,Grade 4,Wednesday,1,08:45,09:45,Science,,,
CAL003677,2025-12-10,2025,Term 4,Grade 4,Wednesday,2,09:45,10:45,Humanities,,,
CAL003678,2025-12-10,2025,Term 4,Grade 4,Wednesday,3,11:15,12:15,Arts,,,
CAL003679,2025-12-10,2025,Term 4,Grade 4,Wednesday,4,13:00,14:00,Mathematics,,,
CAL003680,2025-12-10,2025,Term 4,Grade 4,Wednesday,5,14:00,15:00,English,,,
CAL003681,2025-12-10,2025,Term 4,Grade 5,Wednesday,1,08:45,09:45,Science,,,
CAL003682,2025-12-10,2025,Term 4,Grade 5,Wednesday,2,09:45,10:45,Humanities,,,
CAL003683,2025-12-10,2025,Term 4,Grade 5,Wednesday,3,11:15,12:15,Health and Physical Education,,,
CAL003684,2025-12-10,2025,Term 4,Grade 5,Wednesday,4,13:00,14:00,Mathematics,,,
CAL003685,2025-12-10,2025,Term 4,Grade 5,Wednesday,5,14:00,15:00,English,,,
CAL003686,2025-12-10,2025,Term 4,Grade 6,Wednesday,1,08:45,09:45,Science,,,
CAL003687,2025-12-10,2025,Term 4,Grade 6,Wednesday,2,09:45,10:45,Humanities,,,
CAL003688,2025-12-10,2025,Term 4,Grade 6,Wednesday,3,11:15,12:15,Design and Technology,,,
CAL003689,2025-12-10,2025,Term 4,Grade 6,Wednesday,4,13:00,14:00,Mathematics,,,
CAL003690,2025-12-10,2025,Term 4,Grade 6,Wednesday,5,14:00,15:00,English,,,
CAL003691,2025-12-11,2025,Term 4,Grade 4,Thursday,1,08:45,09:45,Humanities,,,
CAL003692,2025-12-11,2025,Term 4,Grade 4,Thursday,2,09:45,10:45,Arts,,,
CAL003693,2025-12-11,2025,Term 4,Grade 4,Thursday,3,11:15,12:15,Mathematics,,,
CAL003694,2025-12-11,2025,Term 4,Grade 4,Thursday,4,13:00,14:00,English,,,
CAL003695,2025-12-11,2025,Term 4,Grade 4,Thursday,5,14:00,15:00,Science,,,
CAL003696,2025-12-11,2025,Term 4,Grade 5,Thursday,1,08:45,09:45,Humanities,,,
CAL003697,2025-12-11,2025,Term 4,Grade 5,Thursday,2,09:45,10:45,Health and Physical Education,,,
CAL003698,2025-12-11,2025,Term 4,Grade 5,Thursday,3,11:15,12:15,Mathematics,,,
CAL003699,2025-12-11,2025,Term 4,Grade 5,Thursday,4,13:00,14:00,English,,,
CAL003700,2025-12-11,2025,Term 4,Grade 5,Thursday,5,14:00,15:00,Science,,,
CAL003701,2025-12-11,2025,Term 4,Grade 6,Thursday,1,08:45,09:45,Humanities,,,
CAL003702,2025-12-11,2025,Term 4,Grade 6,Thursday,2,09:45,10:45,Design and Technology,,,
CAL003703,2025-12-11,2025,Term 4,Grade 6,Thursday,3,11:15,12:15,Mathematics,,,
CAL003704,2025-12-11,2025,Term 4,Grade 6,Thursday,4,13:00,14:00,English,,,
CAL003705,2025-12-11,2025,Term 4,Grade 6,Thursday,5,14:00,15:00,Science,,,
CAL003706,2025-12-12,2025,Term 4,Grade 4,Friday,1,08:45,09:45,Arts,,,
CAL003707,2025-12-12,2025,Term 4,Grade 4,Friday,2,09:45,10:45,Mathematics,,,
CAL003708,2025-12-12,2025,Term 4,Grade 4,Friday,3,11:15,12:15,English,,,
CAL003709,2025-12-12,2025,Term 4,Grade 4,Friday,4,13:00,14:00,Science,,,
CAL003710,2025-12-12,2025,Term 4,Grade 4,Friday,5,14:00,15:00,Humanities,,,
CAL003711,2025-12-12,2025,Term 4,Grade 5,Friday,1,08:45,09:45,Health and Physical Education,,,
CAL003712,2025-12-12,2025,Term 4,Grade 5,Friday,2,09:45,10:45,Mathematics,,,
CAL003713,2025-12-12,2025,Term 4,Grade 5,Friday,3,11:15,12:15,English,,,
CAL003714,2025-12-12,2025,Term 4,Grade 5,Friday,4,13:00,14:00,Science,,,
CAL003715,2025-12-12,2025,Term 4,Grade 5,Friday,5,14:00,15:00,Humanities,,,
CAL003716,2025-12-12,2025,Term 4,Grade 6,Friday,1,08:45,09:45,Design and Technology,,,
CAL003717,2025-12-12,2025,Term 4,Grade 6,Friday,2,09:45,10:45,Mathematics,,,
CAL003718,2025-12-12,2025,Term 4,Grade 6,Friday,3,11:15,12:15,English,,,
CAL003719,2025-12-12,2025,Term 4,Grade 6,Friday,4,13:00,14:00,Science,,,
CAL003720,2025-12-12,2025,Term 4,Grade 6,Friday,5,14:00,15:00,Humanities,,,
CAL003721,2025-12-15,2025,Term 4,Grade 4,Monday,1,08:45,09:45,Mathematics,,,
CAL003722,2025-12-15,2025,Term 4,Grade 4,Monday,2,09:45,10:45,English,,,
CAL003723,2025-12-15,2025,Term 4,Grade 4,Monday,3,11:15,12:15,Science,,,
CAL003724,2025-12-15,2025,Term 4,Grade 4,Monday,4,13:00,14:00,Humanities,,,
CAL003725,2025-12-15,2025,Term 4,Grade 4,Monday,5,14:00,15:00,Arts,,,
CAL003726,2025-12-15,2025,Term 4,Grade 5,Monday,1,08:45,09:45,Mathematics,,,
CAL003727,2025-12-15,2025,Term 4,Grade 5,Monday,2,09:45,10:45,English,,,
CAL003728,2025-12-15,2025,Term 4,Grade 5,Monday,3,11:15,12:15,Science,,,
CAL003729,2025-12-15,2025,Term 4,Grade 5,Monday,4,13:00,14:00,Humanities,,,
CAL003730,2025-12-15,2025,Term 4,Grade 5,Monday,5,14:00,15:00,Health and Physical Education,,,
CAL003731,2025-12-15,2025,Term 4,Grade 6,Monday,1,08:45,09:45,Mathematics,,,
CAL003732,2025-12-15,2025,Term 4,Grade 6,Monday,2,09:45,10:45,English,,,
CAL003733,2025-12-15,2025,Term 4,Grade 6,Monday,3,11:15,12:15,Science,,,
CAL003734,2025-12-15,2025,Term 4,Grade 6,Monday,4,13:00,14:00,Humanities,,,
CAL003735,2025-12-15,2025,Term 4,Grade 6,Monday,5,14:00,15:00,Design and Technology,,,
CAL003736,2025-12-16,2025,Term 4,Grade 4,Tuesday,1,08:45,09:45,English,,,
CAL003737,2025-12-16,2025,Term 4,Grade 4,Tuesday,2,09:45,10:45,Science,,,
CAL003738,2025-12-16,2025,Term 4,Grade 4,Tuesday,3,11:15,12:15,Humanities,,,
CAL003739,2025-12-16,2025,Term 4,Grade 4,Tuesday,4,13:00,14:00,Arts,,,
CAL003740,2025-12-16,2025,Term 4,Grade 4,Tuesday,5,14:00,15:00,Mathematics,,,
CAL003741,2025-12-16,2025,Term 4,Grade 5,Tuesday,1,08:45,09:45,English,,,
CAL003742,2025-12-16,2025,Term 4,Grade 5,Tuesday,2,09:45,10:45,Science,,,
CAL003743,2025-12-16,2025,Term 4,Grade 5,Tuesday,3,11:15,12:15,Humanities,,,
CAL003744,2025-12-16,2025,Term 4,Grade 5,Tuesday,4,13:00,14:00,Health and Physical Education,,,
CAL003745,2025-12-16,2025,Term 4,Grade 5,Tuesday,5,14:00,15:00,Mathematics,,,
CAL003746,2025-12-16,2025,Term 4,Grade 6,Tuesday,1,08:45,09:45,English,,,
CAL003747,2025-12-16,2025,Term 4,Grade 6,Tuesday,2,09:45,10:45,Science,,,
CAL003748,2025-12-16,2025,Term 4,Grade 6,Tuesday,3,11:15,12:15,Humanities,,,
CAL003749,2025-12-16,2025,Term 4,Grade 6,Tuesday,4,13:00,14:00,Design and Technology,,,
CAL003750,2025-12-16,2025,Term 4,Grade 6,Tuesday,5,14:00,15:00,Mathematics,,,
CAL003751,2025-12-17,2025,Term 4,Grade 4,Wednesday,1,08:45,09:45,Science,,,
CAL003752,2025-12-17,2025,Term 4,Grade 4,Wednesday,2,09:45,10:45,Humanities,,,
CAL003753,2025-12-17,2025,Term 4,Grade 4,Wednesday,3,11:15,12:15,Arts,,,
CAL003754,2025-12-17,2025,Term 4,Grade 4,Wednesday,4,13:00,14:00,Mathematics,,,
CAL003755,2025-12-17,2025,Term 4,Grade 4,Wednesday,5,14:00,15:00,English,,,
CAL003756,2025-12-17,2025,Term 4,Grade 5,Wednesday,1,08:45,09:45,Science,,,
CAL003757,2025-12-17,2025,Term 4,Grade 5,Wednesday,2,09:45,10:45,Humanities,,,
CAL003758,2025-12-17,2025,Term 4,Grade 5,Wednesday,3,11:15,12:15,Health and Physical Education,,,
CAL003759,2025-12-17,2025,Term 4,Grade 5,Wednesday,4,13:00,14:00,Mathematics,,,
CAL003760,2025-12-17,2025,Term 4,Grade 5,Wednesday,5,14:00,15:00,English,,,
CAL003761,2025-12-17,2025,Term 4,Grade 6,Wednesday,1,08:45,09:45,Science,,,
CAL003762,2025-12-17,2025,Term 4,Grade 6,Wednesday,2,09:45,10:45,Humanities,,,
CAL003763,2025-12-17,2025,Term 4,Grade 6,Wednesday,3,11:15,12:15,Design and Technology,,,
CAL003764,2025-12-17,2025,Term 4,Grade 6,Wednesday,4,13:00,14:00,Mathematics,,,
CAL003765,2025-12-17,2025,Term 4,Grade 6,Wednesday,5,14:00,15:00,English,,,
CAL003766,2025-12-18,2025,Term 4,Grade 4,Thursday,1,08:45,09:45,Humanities,,,
CAL003767,2025-12-18,2025,Term 4,Grade 4,Thursday,2,09:45,10:45,Arts,,,
CAL003768,2025-12-18,2025,Term 4,Grade 4,Thursday,3,11:15,12:15,Mathematics,,,
CAL003769,2025-12-18,2025,Term 4,Grade 4,Thursday,4,13:00,14:00,English,,,
CAL003770,2025-12-18,2025,Term 4,Grade 4,Thursday,5,14:00,15:00,Science,,,
CAL003771,2025-12-18,2025,Term 4,Grade 5,Thursday,1,08:45,09:45,Humanities,,,
CAL003772,2025-12-18,2025,Term 4,Grade 5,Thursday,2,09:45,10:45,Health and Physical Education,,,
CAL003773,2025-12-18,2025,Term 4,Grade 5,Thursday,3,11:15,12:15,Mathematics,,,
CAL003774,2025-12-18,2025,Term 4,Grade 5,Thursday,4,13:00,14:00,English,,,
CAL003775,2025-12-18,2025,Term 4,Grade 5,Thursday,5,14:00,15:00,Science,,,
CAL003776,2025-12-18,2025,Term 4,Grade 6,Thursday,1,08:45,09:45,Humanities,,,
CAL003777,2025-12-18,2025,Term 4,Grade 6,Thursday,2,09:45,10:45,Design and Technology,,,
CAL003778,2025-12-18,2025,Term 4,Grade 6,Thursday,3,11:15,12:15,Mathematics,,,
CAL003779,2025-12-18,2025,Term 4,Grade 6,Thursday,4,13:00,14:00,English,,,
CAL003780,2025-12-18,2025,Term 4,Grade 6,Thursday,5,14:00,15:00,Science,,,
CAL003781,2025-12-19,2025,Term 4,Grade 4,Friday,1,08:45,09:45,Arts,,,
CAL003782,2025-12-19,2025,Term 4,Grade 4,Friday,2,09:45,10:45,Mathematics,,,
CAL003783,2025-12-19,2025,Term 4,Grade 4,Friday,3,11:15,12:15,English,,,
CAL003784,2025-12-19,2025,Term 4,Grade 4,Friday,4,13:00,14:00,Science,,,
CAL003785,2025-12-19,2025,Term 4,Grade 4,Friday,5,14:00,15:00,Humanities,,,
CAL003786,2025-12-19,2025,Term 4,Grade 5,Friday,1,08:45,09:45,Health and Physical Education,,,
CAL003787,2025-12-19,2025,Term 4,Grade 5,Friday,2,09:45,10:45,Mathematics,,,
CAL003788,2025-12-19,2025,Term 4,Grade 5,Friday,3,11:15,12:15,English,,,
CAL003789,2025-12-19,2025,Term 4,Grade 5,Friday,4,13:00,14:00,Science,,,
CAL003790,2025-12-19,2025,Term 4,Grade 5,Friday,5,14:00,15:00,Humanities,,,
CAL003791,2025-12-19,2025,Term 4,Grade 6,Friday,1,08:45,09:45,Design and Technology,,,
CAL003792,2025-12-19,2025,Term 4,Grade 6,Friday,2,09:45,10:45,Mathematics,,,
CAL003793,2025-12-19,2025,Term 4,Grade 6,Friday,3,11:15,12:15,English,,,
CAL003794,2025-12-19,2025,Term 4,Grade 6,Friday,4,13:00,14:00,Science,,,
CAL003795,2025-12-19,2025,Term 4,Grade 6,Friday,5,14:00,15:00,Humanities,,,
CAL003796,2025-12-22,2025,Term 4,Grade 4,Monday,1,08:45,09:45,Mathematics,,,
CAL003797,2025-12-22,2025,Term 4,Grade 4,Monday,2,09:45,10:45,English,,,
CAL003798,2025-12-22,2025,Term 4,Grade 4,Monday,3,11:15,12:15,Science,,,
CAL003799,2025-12-22,2025,Term 4,Grade 4,Monday,4,13:00,14:00,Humanities,,,
CAL003800,2025-12-22,2025,Term 4,Grade 4,Monday,5,14:00,15:00,Arts,,,
CAL003801,2025-12-22,2025,Term 4,Grade 5,Monday,1,08:45,09:45,Mathematics,,,
CAL003802,2025-12-22,2025,Term 4,Grade 5,Monday,2,09:45,10:45,English,,,
CAL003803,2025-12-22,2025,Term 4,Grade 5,Monday,3,11:15,12:15,Science,,,
CAL003804,2025-12-22,2025,Term 4,Grade 5,Monday,4,13:00,14:00,Humanities,,,
CAL003805,2025-12-22,2025,Term 4,Grade 5,Monday,5,14:00,15:00,Health and Physical Education,,,
CAL003806,2025-12-22,2025,Term 4,Grade 6,Monday,1,08:45,09:45,Mathematics,,,
CAL003807,2025-12-22,2025,Term 4,Grade 6,Monday,2,09:45,10:45,English,,,
CAL003808,2025-12-22,2025,Term 4,Grade 6,Monday,3,11:15,12:15,Science,,,
CAL003809,2025-12-22,2025,Term 4,Grade 6,Monday,4,13:00,14:00,Humanities,,,
CAL003810,2025-12-22,2025,Term 4,Grade 6,Monday,5,14:00,15:00,Design and Technology,,,
CAL003811,2025-12-23,2025,Term 4,Grade 4,Tuesday,1,08:45,09:45,English,,,
CAL003812,2025-12-23,2025,Term 4,Grade 4,Tuesday,2,09:45,10:45,Science,,,
CAL003813,2025-12-23,2025,Term 4,Grade 4,Tuesday,3,11:15,12:15,Humanities,,,
CAL003814,2025-12-23,2025,Term 4,Grade 4,Tuesday,4,13:00,14:00,Arts,,,
CAL003815,2025-12-23,2025,Term 4,Grade 4,Tuesday,5,14:00,15:00,Mathematics,,,
CAL003816,2025-12-23,2025,Term 4,Grade 5,Tuesday,1,08:45,09:45,English,,,
CAL003817,2025-12-23,2025,Term 4,Grade 5,Tuesday,2,09:45,10:45,Science,,,
CAL003818,2025-12-23,2025,Term 4,Grade 5,Tuesday,3,11:15,12:15,Humanities,,,
CAL003819,2025-12-23,2025,Term 4,Grade 5,Tuesday,4,13:00,14:00,Health and Physical Education,,,
CAL003820,2025-12-23,2025,Term 4,Grade 5,Tuesday,5,14:00,15:00,Mathematics,,,
CAL003821,2025-12-23,2025,Term 4,Grade 6,Tuesday,1,08:45,09:45,English,,,
CAL003822,2025-12-23,2025,Term 4,Grade 6,Tuesday,2,09:45,10:45,Science,,,
CAL003823,2025-12-23,2025,Term 4,Grade 6,Tuesday,3,11:15,12:15,Humanities,,,
CAL003824,2025-12-23,2025,Term 4,Grade 6,Tuesday,4,13:00,14:00,Design and Technology,,,
CAL003825,2025-12-23,2025,Term 4,Grade 6,Tuesday,5,14:00,15:00,Mathematics,,,
CAL003826,2025-12-24,2025,Term 4,Grade 4,Wednesday,1,08:45,09:45,Science,,,
CAL003827,2025-12-24,2025,Term 4,Grade 4,Wednesday,2,09:45,10:45,Humanities,,,
CAL003828,2025-12-24,2025,Term 4,Grade 4,Wednesday,3,11:15,12:15,Arts,,,
CAL003829,2025-12-24,2025,Term 4,Grade 4,Wednesday,4,13:00,14:00,Mathematics,,,
CAL003830,2025-12-24,2025,Term 4,Grade 4,Wednesday,5,14:00,15:00,English,,,
CAL003831,2025-12-24,2025,Term 4,Grade 5,Wednesday,1,08:45,09:45,Science,,,
CAL003832,2025-12-24,2025,Term 4,Grade 5,Wednesday,2,09:45,10:45,Humanities,,,
CAL003833,2025-12-24,2025,Term 4,Grade 5,Wednesday,3,11:15,12:15,Health and Physical Education,,,
CAL003834,2025-12-24,2025,Term 4,Grade 5,Wednesday,4,13:00,14:00,Mathematics,,,
CAL003835,2025-12-24,2025,Term 4,Grade 5,Wednesday,5,14:00,15:00,English,,,
CAL003836,2025-12-24,2025,Term 4,Grade 6,Wednesday,1,08:45,09:45,Science,,,
CAL003837,2025-12-24,2025,Term 4,Grade 6,Wednesday,2,09:45,10:45,Humanities,,,
CAL003838,2025-12-24,2025,Term 4,Grade 6,Wednesday,3,11:15,12:15,Design and Technology,,,
CAL003839,2025-12-24,2025,Term 4,Grade 6,Wednesday,4,13:00,14:00,Mathematics,,,
CAL003840,2025-12-24,2025,Term 4,Grade 6,Wednesday,5,14:00,15:00,English,,,
CAL003841,2025-12-25,2025,Term 4,Grade 4,Thursday,1,08:45,09:45,Humanities,,,
CAL003842,2025-12-25,2025,Term 4,Grade 4,Thursday,2,09:45,10:45,Arts,,,
CAL003843,2025-12-25,2025,Term 4,Grade 4,Thursday,3,11:15,12:15,Mathematics,,,
CAL003844,2025-12-25,2025,Term 4,Grade 4,Thursday,4,13:00,14:00,English,,,
CAL003845,2025-12-25,2025,Term 4,Grade 4,Thursday,5,14:00,15:00,Science,,,
CAL003846,2025-12-25,2025,Term 4,Grade 5,Thursday,1,08:45,09:45,Humanities,,,
CAL003847,2025-12-25,2025,Term 4,Grade 5,Thursday,2,09:45,10:45,Health and Physical Education,,,
CAL003848,2025-12-25,2025,Term 4,Grade 5,Thursday,3,11:15,12:15,Mathematics,,,
CAL003849,2025-12-25,2025,Term 4,Grade 5,Thursday,4,13:00,14:00,English,,,
CAL003850,2025-12-25,2025,Term 4,Grade 5,Thursday,5,14:00,15:00,Science,,,
CAL003851,2025-12-25,2025,Term 4,Grade 6,Thursday,1,08:45,09:45,Humanities,,,
CAL003852,2025-12-25,2025,Term 4,Grade 6,Thursday,2,09:45,10:45,Design and Technology,,,
CAL003853,2025-12-25,2025,Term 4,Grade 6,Thursday,3,11:15,12:15,Mathematics,,,
CAL003854,2025-12-25,2025,Term 4,Grade 6,Thursday,4,13:00,14:00,English,,,
CAL003855,2025-12-25,2025,Term 4,Grade 6,Thursday,5,14:00,15:00,Science,,,
CAL003856,2025-12-26,2025,Term 4,Grade 4,Friday,1,08:45,09:45,Arts,,,
CAL003857,2025-12-26,2025,Term 4,Grade 4,Friday,2,09:45,10:45,Mathematics,,,
CAL003858,2025-12-26,2025,Term 4,Grade 4,Friday,3,11:15,12:15,English,,,
CAL003859,2025-12-26,2025,Term 4,Grade 4,Friday,4,13:00,14:00,Science,,,
CAL003860,2025-12-26,2025,Term 4,Grade 4,Friday,5,14:00,15:00,Humanities,,,
CAL003861,2025-12-26,2025,Term 4,Grade 5,Friday,1,08:45,09:45,Health and Physical Education,,,
CAL003862,2025-12-26,2025,Term 4,Grade 5,Friday,2,09:45,10:45,Mathematics,,,
CAL003863,2025-12-26,2025,Term 4,Grade 5,Friday,3,11:15,12:15,English,,,
CAL003864,2025-12-26,2025,Term 4,Grade 5,Friday,4,13:00,14:00,Science,,,
CAL003865,2025-12-26,2025,Term 4,Grade 5,Friday,5,14:00,15:00,Humanities,,,
CAL003866,2025-12-26,2025,Term 4,Grade 6,Friday,1,08:45,09:45,Design and Technology,,,
CAL003867,2025-12-26,2025,Term 4,Grade 6,Friday,2,09:45,10:45,Mathematics,,,
CAL003868,2025-12-26,2025,Term 4,Grade 6,Friday,3,11:15,12:15,English,,,
CAL003869,2025-12-26,2025,Term 4,Grade 6,Friday,4,13:00,14:00,Science,,,
CAL003870,2025-12-26,2025,Term 4,Grade 6,Friday,5,14:00,15:00,Humanities,,,
CAL003871,2025-12-29,2025,Term 4,Grade 4,Monday,1,08:45,09:45,Mathematics,,,
CAL003872,2025-12-29,2025,Term 4,Grade 4,Monday,2,09:45,10:45,English,,,
CAL003873,2025-12-29,2025,Term 4,Grade 4,Monday,3,11:15,12:15,Science,,,
CAL003874,2025-12-29,2025,Term 4,Grade 4,Monday,4,13:00,14:00,Humanities,,,
CAL003875,2025-12-29,2025,Term 4,Grade 4,Monday,5,14:00,15:00,Arts,,,
CAL003876,2025-12-29,2025,Term 4,Grade 5,Monday,1,08:45,09:45,Mathematics,,,
CAL003877,2025-12-29,2025,Term 4,Grade 5,Monday,2,09:45,10:45,English,,,
CAL003878,2025-12-29,2025,Term 4,Grade 5,Monday,3,11:15,12:15,Science,,,
CAL003879,2025-12-29,2025,Term 4,Grade 5,Monday,4,13:00,14:00,Humanities,,,
CAL003880,2025-12-29,2025,Term 4,Grade 5,Monday,5,14:00,15:00,Health and Physical Education,,,
CAL003881,2025-12-29,2025,Term 4,Grade 6,Monday,1,08:45,09:45,Mathematics,,,
CAL003882,2025-12-29,2025,Term 4,Grade 6,Monday,2,09:45,10:45,English,,,
CAL003883,2025-12-29,2025,Term 4,Grade 6,Monday,3,11:15,12:15,Science,,,
CAL003884,2025-12-29,2025,Term 4,Grade 6,Monday,4,13:00,14:00,Humanities,,,
CAL003885,2025-12-29,2025,Term 4,Grade 6,Monday,5,14:00,15:00,Design and Technology,,,
CAL003886,2025-12-30,2025,Term 4,Grade 4,Tuesday,1,08:45,09:45,English,,,
CAL003887,2025-12-30,2025,Term 4,Grade 4,Tuesday,2,09:45,10:45,Science,,,
CAL003888,2025-12-30,2025,Term 4,Grade 4,Tuesday,3,11:15,12:15,Humanities,,,
CAL003889,2025-12-30,2025,Term 4,Grade 4,Tuesday,4,13:00,14:00,Arts,,,
CAL003890,2025-12-30,2025,Term 4,Grade 4,Tuesday,5,14:00,15:00,Mathematics,,,
CAL003891,2025-12-30,2025,Term 4,Grade 5,Tuesday,1,08:45,09:45,English,,,
CAL003892,2025-12-30,2025,Term 4,Grade 5,Tuesday,2,09:45,10:45,Science,,,
CAL003893,2025-12-30,2025,Term 4,Grade 5,Tuesday,3,11:15,12:15,Humanities,,,
CAL003894,2025-12-30,2025,Term 4,Grade 5,Tuesday,4,13:00,14:00,Health and Physical Education,,,
CAL003895,2025-12-30,2025,Term 4,Grade 5,Tuesday,5,14:00,15:00,Mathematics,,,
CAL003896,2025-12-30,2025,Term 4,Grade 6,Tuesday,1,08:45,09:45,English,,,
CAL003897,2025-12-30,2025,Term 4,Grade 6,Tuesday,2,09:45,10:45,Science,,,
CAL003898,2025-12-30,2025,Term 4,Grade 6,Tuesday,3,11:15,12:15,Humanities,,,
CAL003899,2025-12-30,2025,Term 4,Grade 6,Tuesday,4,13:00,14:00,Design and Technology,,,
CAL003900,2025-12-30,2025,Term 4,Grade 6,Tuesday,5,14:00,15:00,Mathematics,,,
CAL003901,2025-12-31,2025,Term 4,Grade 4,Wednesday,1,08:45,09:45,Science,,,
CAL003902,2025-12-31,2025,Term 4,Grade 4,Wednesday,2,09:45,10:45,Humanities,,,
CAL003903,2025-12-31,2025,Term 4,Grade 4,Wednesday,3,11:15,12:15,Arts,,,
CAL003904,2025-12-31,2025,Term 4,Grade 4,Wednesday,4,13:00,14:00,Mathematics,,,
CAL003905,2025-12-31,2025,Term 4,Grade 4,Wednesday,5,14:00,15:00,English,,,
CAL003906,2025-12-31,2025,Term 4,Grade 5,Wednesday,1,08:45,09:45,Science,,,
CAL003907,2025-12-31,2025,Term 4,Grade 5,Wednesday,2,09:45,10:45,Humanities,,,
CAL003908,2025-12-31,2025,Term 4,Grade 5,Wednesday,3,11:15,12:15,Health and Physical Education,,,
CAL003909,2025-12-31,2025,Term 4,Grade 5,Wednesday,4,13:00,14:00,Mathematics,,,
CAL003910,2025-12-31,2025,Term 4,Grade 5,Wednesday,5,14:00,15:00,English,,,
CAL003911,2025-12-31,2025,Term 4,Grade 6,Wednesday,1,08:45,09:45,Science,,,
CAL003912,2025-12-31,2025,Term 4,Grade 6,Wednesday,2,09:45,10:45,Humanities,,,
CAL003913,2025-12-31,2025,Term 4,Grade 6,Wednesday,3,11:15,12:15,Design and Technology,,,
CAL003914,2025-12-31,2025,Term 4,Grade 6,Wednesday,4,13:00,14:00,Mathematics,,,
CAL003915,2025-12-31,2025,Term 4,Grade 6,Wednesday,5,14:00,15:00,English,,,
CAL003916,2026-01-01,2026,Term 1,Grade 4,Thursday,1,08:45,09:45,Humanities,,,
CAL003917,2026-01-01,2026,Term 1,Grade 4,Thursday,2,09:45,10:45,Arts,,,
CAL003918,2026-01-01,2026,Term 1,Grade 4,Thursday,3,11:15,12:15,Mathematics,,,
CAL003919,2026-01-01,2026,Term 1,Grade 4,Thursday,4,13:00,14:00,English,,,
CAL003920,2026-01-01,2026,Term 1,Grade 4,Thursday,5,14:00,15:00,Science,,,
CAL003921,2026-01-01,2026,Term 1,Grade 5,Thursday,1,08:45,09:45,Humanities,,,
CAL003922,2026-01-01,2026,Term 1,Grade 5,Thursday,2,09:45,10:45,Health and Physical Education,,,
CAL003923,2026-01-01,2026,Term 1,Grade 5,Thursday,3,11:15,12:15,Mathematics,,,
CAL003924,2026-01-01,2026,Term 1,Grade 5,Thursday,4,13:00,14:00,English,,,
CAL003925,2026-01-01,2026,Term 1,Grade 5,Thursday,5,14:00,15:00,Science,,,
CAL003926,2026-01-01,2026,Term 1,Grade 6,Thursday,1,08:45,09:45,Humanities,,,
CAL003927,2026-01-01,2026,Term 1,Grade 6,Thursday,2,09:45,10:45,Design and Technology,,,
CAL003928,2026-01-01,2026,Term 1,Grade 6,Thursday,3,11:15,12:15,Mathematics,,,
CAL003929,2026-01-01,2026,Term 1,Grade 6,Thursday,4,13:00,14:00,English,,,
CAL003930,2026-01-01,2026,Term 1,Grade 6,Thursday,5,14:00,15:00,Science,,,
CAL003931,2026-01-02,2026,Term 1,Grade 4,Friday,1,08:45,09:45,Arts,,,
CAL003932,2026-01-02,2026,Term 1,Grade 4,Friday,2,09:45,10:45,Mathematics,,,
CAL003933,2026-01-02,2026,Term 1,Grade 4,Friday,3,11:15,12:15,English,,,
CAL003934,2026-01-02,2026,Term 1,Grade 4,Friday,4,13:00,14:00,Science,,,
CAL003935,2026-01-02,2026,Term 1,Grade 4,Friday,5,14:00,15:00,Humanities,,,
CAL003936,2026-01-02,2026,Term 1,Grade 5,Friday,1,08:45,09:45,Health and Physical Education,,,
CAL003937,2026-01-02,2026,Term 1,Grade 5,Friday,2,09:45,10:45,Mathematics,,,
CAL003938,2026-01-02,2026,Term 1,Grade 5,Friday,3,11:15,12:15,English,,,
CAL003939,2026-01-02,2026,Term 1,Grade 5,Friday,4,13:00,14:00,Science,,,
CAL003940,2026-01-02,2026,Term 1,Grade 5,Friday,5,14:00,15:00,Humanities,,,
CAL003941,2026-01-02,2026,Term 1,Grade 6,Friday,1,08:45,09:45,Design and Technology,,,
CAL003942,2026-01-02,2026,Term 1,Grade 6,Friday,2,09:45,10:45,Mathematics,,,
CAL003943,2026-01-02,2026,Term 1,Grade 6,Friday,3,11:15,12:15,English,,,
CAL003944,2026-01-02,2026,Term 1,Grade 6,Friday,4,13:00,14:00,Science,,,
CAL003945,2026-01-02,2026,Term 1,Grade 6,Friday,5,14:00,15:00,Humanities,,,
CAL003946,2026-01-05,2026,Term 1,Grade 4,Monday,1,08:45,09:45,Mathematics,,,
CAL003947,2026-01-05,2026,Term 1,Grade 4,Monday,2,09:45,10:45,English,,,
CAL003948,2026-01-05,2026,Term 1,Grade 4,Monday,3,11:15,12:15,Science,,,
CAL003949,2026-01-05,2026,Term 1,Grade 4,Monday,4,13:00,14:00,Humanities,,,
CAL003950,2026-01-05,2026,Term 1,Grade 4,Monday,5,14:00,15:00,Arts,,,
CAL003951,2026-01-05,2026,Term 1,Grade 5,Monday,1,08:45,09:45,Mathematics,,,
CAL003952,2026-01-05,2026,Term 1,Grade 5,Monday,2,09:45,10:45,English,,,
CAL003953,2026-01-05,2026,Term 1,Grade 5,Monday,3,11:15,12:15,Science,,,
CAL003954,2026-01-05,2026,Term 1,Grade 5,Monday,4,13:00,14:00,Humanities,,,
CAL003955,2026-01-05,2026,Term 1,Grade 5,Monday,5,14:00,15:00,Health and Physical Education,,,
CAL003956,2026-01-05,2026,Term 1,Grade 6,Monday,1,08:45,09:45,Mathematics,,,
CAL003957,2026-01-05,2026,Term 1,Grade 6,Monday,2,09:45,10:45,English,,,
CAL003958,2026-01-05,2026,Term 1,Grade 6,Monday,3,11:15,12:15,Science,,,
CAL003959,2026-01-05,2026,Term 1,Grade 6,Monday,4,13:00,14:00,Humanities,,,
CAL003960,2026-01-05,2026,Term 1,Grade 6,Monday,5,14:00,15:00,Design and Technology,,,
CAL003961,2026-01-06,2026,Term 1,Grade 4,Tuesday,1,08:45,09:45,English,,,
CAL003962,2026-01-06,2026,Term 1,Grade 4,Tuesday,2,09:45,10:45,Science,,,
CAL003963,2026-01-06,2026,Term 1,Grade 4,Tuesday,3,11:15,12:15,Humanities,,,
CAL003964,2026-01-06,2026,Term 1,Grade 4,Tuesday,4,13:00,14:00,Arts,,,
CAL003965,2026-01-06,2026,Term 1,Grade 4,Tuesday,5,14:00,15:00,Mathematics,,,
CAL003966,2026-01-06,2026,Term 1,Grade 5,Tuesday,1,08:45,09:45,English,,,
CAL003967,2026-01-06,2026,Term 1,Grade 5,Tuesday,2,09:45,10:45,Science,,,
CAL003968,2026-01-06,2026,Term 1,Grade 5,Tuesday,3,11:15,12:15,Humanities,,,
CAL003969,2026-01-06,2026,Term 1,Grade 5,Tuesday,4,13:00,14:00,Health and Physical Education,,,
CAL003970,2026-01-06,2026,Term 1,Grade 5,Tuesday,5,14:00,15:00,Mathematics,,,
CAL003971,2026-01-06,2026,Term 1,Grade 6,Tuesday,1,08:45,09:45,English,,,
CAL003972,2026-01-06,2026,Term 1,Grade 6,Tuesday,2,09:45,10:45,Science,,,
CAL003973,2026-01-06,2026,Term 1,Grade 6,Tuesday,3,11:15,12:15,Humanities,,,
CAL003974,2026-01-06,2026,Term 1,Grade 6,Tuesday,4,13:00,14:00,Design and Technology,,,
CAL003975,2026-01-06,2026,Term 1,Grade 6,Tuesday,5,14:00,15:00,Mathematics,,,
CAL003976,2026-01-07,2026,Term 1,Grade 4,Wednesday,1,08:45,09:45,Science,,,
CAL003977,2026-01-07,2026,Term 1,Grade 4,Wednesday,2,09:45,10:45,Humanities,,,
CAL003978,2026-01-07,2026,Term 1,Grade 4,Wednesday,3,11:15,12:15,Arts,,,
CAL003979,2026-01-07,2026,Term 1,Grade 4,Wednesday,4,13:00,14:00,Mathematics,,,
CAL003980,2026-01-07,2026,Term 1,Grade 4,Wednesday,5,14:00,15:00,English,,,
CAL003981,2026-01-07,2026,Term 1,Grade 5,Wednesday,1,08:45,09:45,Science,,,
CAL003982,2026-01-07,2026,Term 1,Grade 5,Wednesday,2,09:45,10:45,Humanities,,,
CAL003983,2026-01-07,2026,Term 1,Grade 5,Wednesday,3,11:15,12:15,Health and Physical Education,,,
CAL003984,2026-01-07,2026,Term 1,Grade 5,Wednesday,4,13:00,14:00,Mathematics,,,
CAL003985,2026-01-07,2026,Term 1,Grade 5,Wednesday,5,14:00,15:00,English,,,
CAL003986,2026-01-07,2026,Term 1,Grade 6,Wednesday,1,08:45,09:45,Science,,,
CAL003987,2026-01-07,2026,Term 1,Grade 6,Wednesday,2,09:45,10:45,Humanities,,,
CAL003988,2026-01-07,2026,Term 1,Grade 6,Wednesday,3,11:15,12:15,Design and Technology,,,
CAL003989,2026-01-07,2026,Term 1,Grade 6,Wednesday,4,13:00,14:00,Mathematics,,,
CAL003990,2026-01-07,2026,Term 1,Grade 6,Wednesday,5,14:00,15:00,English,,,
CAL003991,2026-01-08,2026,Term 1,Grade 4,Thursday,1,08:45,09:45,Humanities,,,
CAL003992,2026-01-08,2026,Term 1,Grade 4,Thursday,2,09:45,10:45,Arts,,,
CAL003993,2026-01-08,2026,Term 1,Grade 4,Thursday,3,11:15,12:15,Mathematics,,,
CAL003994,2026-01-08,2026,Term 1,Grade 4,Thursday,4,13:00,14:00,English,,,
CAL003995,2026-01-08,2026,Term 1,Grade 4,Thursday,5,14:00,15:00,Science,,,
CAL003996,2026-01-08,2026,Term 1,Grade 5,Thursday,1,08:45,09:45,Humanities,,,
CAL003997,2026-01-08,2026,Term 1,Grade 5,Thursday,2,09:45,10:45,Health and Physical Education,,,
CAL003998,2026-01-08,2026,Term 1,Grade 5,Thursday,3,11:15,12:15,Mathematics,,,
CAL003999,2026-01-08,2026,Term 1,Grade 5,Thursday,4,13:00,14:00,English,,,
CAL004000,2026-01-08,2026,Term 1,Grade 5,Thursday,5,14:00,15:00,Science,,,
CAL004001,2026-01-08,2026,Term 1,Grade 6,Thursday,1,08:45,09:45,Humanities,,,
CAL004002,2026-01-08,2026,Term 1,Grade 6,Thursday,2,09:45,10:45,Design and Technology,,,
CAL004003,2026-01-08,2026,Term 1,Grade 6,Thursday,3,11:15,12:15,Mathematics,,,
CAL004004,2026-01-08,2026,Term 1,Grade 6,Thursday,4,13:00,14:00,English,,,
CAL004005,2026-01-08,2026,Term 1,Grade 6,Thursday,5,14:00,15:00,Science,,,
CAL004006,2026-01-09,2026,Term 1,Grade 4,Friday,1,08:45,09:45,Arts,,,
CAL004007,2026-01-09,2026,Term 1,Grade 4,Friday,2,09:45,10:45,Mathematics,,,
CAL004008,2026-01-09,2026,Term 1,Grade 4,Friday,3,11:15,12:15,English,,,
CAL004009,2026-01-09,2026,Term 1,Grade 4,Friday,4,13:00,14:00,Science,,,
CAL004010,2026-01-09,2026,Term 1,Grade 4,Friday,5,14:00,15:00,Humanities,,,
CAL004011,2026-01-09,2026,Term 1,Grade 5,Friday,1,08:45,09:45,Health and Physical Education,,,
CAL004012,2026-01-09,2026,Term 1,Grade 5,Friday,2,09:45,10:45,Mathematics,,,
CAL004013,2026-01-09,2026,Term 1,Grade 5,Friday,3,11:15,12:15,English,,,
CAL004014,2026-01-09,2026,Term 1,Grade 5,Friday,4,13:00,14:00,Science,,,
CAL004015,2026-01-09,2026,Term 1,Grade 5,Friday,5,14:00,15:00,Humanities,,,
CAL004016,2026-01-09,2026,Term 1,Grade 6,Friday,1,08:45,09:45,Design and Technology,,,
CAL004017,2026-01-09,2026,Term 1,Grade 6,Friday,2,09:45,10:45,Mathematics,,,
CAL004018,2026-01-09,2026,Term 1,Grade 6,Friday,3,11:15,12:15,English,,,
CAL004019,2026-01-09,2026,Term 1,Grade 6,Friday,4,13:00,14:00,Science,,,
CAL004020,2026-01-09,2026,Term 1,Grade 6,Friday,5,14:00,15:00,Humanities,,,
CAL004021,2026-01-12,2026,Term 1,Grade 4,Monday,1,08:45,09:45,Mathematics,,,
CAL004022,2026-01-12,2026,Term 1,Grade 4,Monday,2,09:45,10:45,English,,,
CAL004023,2026-01-12,2026,Term 1,Grade 4,Monday,3,11:15,12:15,Science,,,
CAL004024,2026-01-12,2026,Term 1,Grade 4,Monday,4,13:00,14:00,Humanities,,,
CAL004025,2026-01-12,2026,Term 1,Grade 4,Monday,5,14:00,15:00,Arts,,,
CAL004026,2026-01-12,2026,Term 1,Grade 5,Monday,1,08:45,09:45,Mathematics,,,
CAL004027,2026-01-12,2026,Term 1,Grade 5,Monday,2,09:45,10:45,English,,,
CAL004028,2026-01-12,2026,Term 1,Grade 5,Monday,3,11:15,12:15,Science,,,
CAL004029,2026-01-12,2026,Term 1,Grade 5,Monday,4,13:00,14:00,Humanities,,,
CAL004030,2026-01-12,2026,Term 1,Grade 5,Monday,5,14:00,15:00,Health and Physical Education,,,
CAL004031,2026-01-12,2026,Term 1,Grade 6,Monday,1,08:45,09:45,Mathematics,,,
CAL004032,2026-01-12,2026,Term 1,Grade 6,Monday,2,09:45,10:45,English,,,
CAL004033,2026-01-12,2026,Term 1,Grade 6,Monday,3,11:15,12:15,Science,,,
CAL004034,2026-01-12,2026,Term 1,Grade 6,Monday,4,13:00,14:00,Humanities,,,
CAL004035,2026-01-12,2026,Term 1,Grade 6,Monday,5,14:00,15:00,Design and Technology,,,
CAL004036,2026-01-13,2026,Term 1,Grade 4,Tuesday,1,08:45,09:45,English,,,
CAL004037,2026-01-13,2026,Term 1,Grade 4,Tuesday,2,09:45,10:45,Science,,,
CAL004038,2026-01-13,2026,Term 1,Grade 4,Tuesday,3,11:15,12:15,Humanities,,,
CAL004039,2026-01-13,2026,Term 1,Grade 4,Tuesday,4,13:00,14:00,Arts,,,
CAL004040,2026-01-13,2026,Term 1,Grade 4,Tuesday,5,14:00,15:00,Mathematics,,,
CAL004041,2026-01-13,2026,Term 1,Grade 5,Tuesday,1,08:45,09:45,English,,,
CAL004042,2026-01-13,2026,Term 1,Grade 5,Tuesday,2,09:45,10:45,Science,,,
CAL004043,2026-01-13,2026,Term 1,Grade 5,Tuesday,3,11:15,12:15,Humanities,,,
CAL004044,2026-01-13,2026,Term 1,Grade 5,Tuesday,4,13:00,14:00,Health and Physical Education,,,
CAL004045,2026-01-13,2026,Term 1,Grade 5,Tuesday,5,14:00,15:00,Mathematics,,,
CAL004046,2026-01-13,2026,Term 1,Grade 6,Tuesday,1,08:45,09:45,English,,,
CAL004047,2026-01-13,2026,Term 1,Grade 6,Tuesday,2,09:45,10:45,Science,,,
CAL004048,2026-01-13,2026,Term 1,Grade 6,Tuesday,3,11:15,12:15,Humanities,,,
CAL004049,2026-01-13,2026,Term 1,Grade 6,Tuesday,4,13:00,14:00,Design and Technology,,,
CAL004050,2026-01-13,2026,Term 1,Grade 6,Tuesday,5,14:00,15:00,Mathematics,,,
CAL004051,2026-01-14,2026,Term 1,Grade 4,Wednesday,1,08:45,09:45,Science,,,
CAL004052,2026-01-14,2026,Term 1,Grade 4,Wednesday,2,09:45,10:45,Humanities,,,
CAL004053,2026-01-14,2026,Term 1,Grade 4,Wednesday,3,11:15,12:15,Arts,,,
CAL004054,2026-01-14,2026,Term 1,Grade 4,Wednesday,4,13:00,14:00,Mathematics,,,
CAL004055,2026-01-14,2026,Term 1,Grade 4,Wednesday,5,14:00,15:00,English,,,
CAL004056,2026-01-14,2026,Term 1,Grade 5,Wednesday,1,08:45,09:45,Science,,,
CAL004057,2026-01-14,2026,Term 1,Grade 5,Wednesday,2,09:45,10:45,Humanities,,,
CAL004058,2026-01-14,2026,Term 1,Grade 5,Wednesday,3,11:15,12:15,Health and Physical Education,,,
CAL004059,2026-01-14,2026,Term 1,Grade 5,Wednesday,4,13:00,14:00,Mathematics,,,
CAL004060,2026-01-14,2026,Term 1,Grade 5,Wednesday,5,14:00,15:00,English,,,
CAL004061,2026-01-14,2026,Term 1,Grade 6,Wednesday,1,08:45,09:45,Science,,,
CAL004062,2026-01-14,2026,Term 1,Grade 6,Wednesday,2,09:45,10:45,Humanities,,,
CAL004063,2026-01-14,2026,Term 1,Grade 6,Wednesday,3,11:15,12:15,Design and Technology,,,
CAL004064,2026-01-14,2026,Term 1,Grade 6,Wednesday,4,13:00,14:00,Mathematics,,,
CAL004065,2026-01-14,2026,Term 1,Grade 6,Wednesday,5,14:00,15:00,English,,,
CAL004066,2026-01-15,2026,Term 1,Grade 4,Thursday,1,08:45,09:45,Humanities,,,
CAL004067,2026-01-15,2026,Term 1,Grade 4,Thursday,2,09:45,10:45,Arts,,,
CAL004068,2026-01-15,2026,Term 1,Grade 4,Thursday,3,11:15,12:15,Mathematics,,,
CAL004069,2026-01-15,2026,Term 1,Grade 4,Thursday,4,13:00,14:00,English,,,
CAL004070,2026-01-15,2026,Term 1,Grade 4,Thursday,5,14:00,15:00,Science,,,
CAL004071,2026-01-15,2026,Term 1,Grade 5,Thursday,1,08:45,09:45,Humanities,,,
CAL004072,2026-01-15,2026,Term 1,Grade 5,Thursday,2,09:45,10:45,Health and Physical Education,,,
CAL004073,2026-01-15,2026,Term 1,Grade 5,Thursday,3,11:15,12:15,Mathematics,,,
CAL004074,2026-01-15,2026,Term 1,Grade 5,Thursday,4,13:00,14:00,English,,,
CAL004075,2026-01-15,2026,Term 1,Grade 5,Thursday,5,14:00,15:00,Science,,,
CAL004076,2026-01-15,2026,Term 1,Grade 6,Thursday,1,08:45,09:45,Humanities,,,
CAL004077,2026-01-15,2026,Term 1,Grade 6,Thursday,2,09:45,10:45,Design and Technology,,,
CAL004078,2026-01-15,2026,Term 1,Grade 6,Thursday,3,11:15,12:15,Mathematics,,,
CAL004079,2026-01-15,2026,Term 1,Grade 6,Thursday,4,13:00,14:00,English,,,
CAL004080,2026-01-15,2026,Term 1,Grade 6,Thursday,5,14:00,15:00,Science,,,
CAL004081,2026-01-16,2026,Term 1,Grade 4,Friday,1,08:45,09:45,Arts,,,
CAL004082,2026-01-16,2026,Term 1,Grade 4,Friday,2,09:45,10:45,Mathematics,,,
CAL004083,2026-01-16,2026,Term 1,Grade 4,Friday,3,11:15,12:15,English,,,
CAL004084,2026-01-16,2026,Term 1,Grade 4,Friday,4,13:00,14:00,Science,,,
CAL004085,2026-01-16,2026,Term 1,Grade 4,Friday,5,14:00,15:00,Humanities,,,
CAL004086,2026-01-16,2026,Term 1,Grade 5,Friday,1,08:45,09:45,Health and Physical Education,,,
CAL004087,2026-01-16,2026,Term 1,Grade 5,Friday,2,09:45,10:45,Mathematics,,,
CAL004088,2026-01-16,2026,Term 1,Grade 5,Friday,3,11:15,12:15,English,,,
CAL004089,2026-01-16,2026,Term 1,Grade 5,Friday,4,13:00,14:00,Science,,,
CAL004090,2026-01-16,2026,Term 1,Grade 5,Friday,5,14:00,15:00,Humanities,,,
CAL004091,2026-01-16,2026,Term 1,Grade 6,Friday,1,08:45,09:45,Design and Technology,,,
CAL004092,2026-01-16,2026,Term 1,Grade 6,Friday,2,09:45,10:45,Mathematics,,,
CAL004093,2026-01-16,2026,Term 1,Grade 6,Friday,3,11:15,12:15,English,,,
CAL004094,2026-01-16,2026,Term 1,Grade 6,Friday,4,13:00,14:00,Science,,,
CAL004095,2026-01-16,2026,Term 1,Grade 6,Friday,5,14:00,15:00,Humanities,,,
CAL004096,2026-01-19,2026,Term 1,Grade 4,Monday,1,08:45,09:45,Mathematics,,,
CAL004097,2026-01-19,2026,Term 1,Grade 4,Monday,2,09:45,10:45,English,,,
CAL004098,2026-01-19,2026,Term 1,Grade 4,Monday,3,11:15,12:15,Science,,,
CAL004099,2026-01-19,2026,Term 1,Grade 4,Monday,4,13:00,14:00,Humanities,,,
CAL004100,2026-01-19,2026,Term 1,Grade 4,Monday,5,14:00,15:00,Arts,,,
CAL004101,2026-01-19,2026,Term 1,Grade 5,Monday,1,08:45,09:45,Mathematics,,,
CAL004102,2026-01-19,2026,Term 1,Grade 5,Monday,2,09:45,10:45,English,,,
CAL004103,2026-01-19,2026,Term 1,Grade 5,Monday,3,11:15,12:15,Science,,,
CAL004104,2026-01-19,2026,Term 1,Grade 5,Monday,4,13:00,14:00,Humanities,,,
CAL004105,2026-01-19,2026,Term 1,Grade 5,Monday,5,14:00,15:00,Health and Physical Education,,,
CAL004106,2026-01-19,2026,Term 1,Grade 6,Monday,1,08:45,09:45,Mathematics,,,
CAL004107,2026-01-19,2026,Term 1,Grade 6,Monday,2,09:45,10:45,English,,,
CAL004108,2026-01-19,2026,Term 1,Grade 6,Monday,3,11:15,12:15,Science,,,
CAL004109,2026-01-19,2026,Term 1,Grade 6,Monday,4,13:00,14:00,Humanities,,,
CAL004110,2026-01-19,2026,Term 1,Grade 6,Monday,5,14:00,15:00,Design and Technology,,,
CAL004111,2026-01-20,2026,Term 1,Grade 4,Tuesday,1,08:45,09:45,English,,,
CAL004112,2026-01-20,2026,Term 1,Grade 4,Tuesday,2,09:45,10:45,Science,,,
CAL004113,2026-01-20,2026,Term 1,Grade 4,Tuesday,3,11:15,12:15,Humanities,,,
CAL004114,2026-01-20,2026,Term 1,Grade 4,Tuesday,4,13:00,14:00,Arts,,,
CAL004115,2026-01-20,2026,Term 1,Grade 4,Tuesday,5,14:00,15:00,Mathematics,,,
CAL004116,2026-01-20,2026,Term 1,Grade 5,Tuesday,1,08:45,09:45,English,,,
CAL004117,2026-01-20,2026,Term 1,Grade 5,Tuesday,2,09:45,10:45,Science,,,
CAL004118,2026-01-20,2026,Term 1,Grade 5,Tuesday,3,11:15,12:15,Humanities,,,
CAL004119,2026-01-20,2026,Term 1,Grade 5,Tuesday,4,13:00,14:00,Health and Physical Education,,,
CAL004120,2026-01-20,2026,Term 1,Grade 5,Tuesday,5,14:00,15:00,Mathematics,,,
CAL004121,2026-01-20,2026,Term 1,Grade 6,Tuesday,1,08:45,09:45,English,,,
CAL004122,2026-01-20,2026,Term 1,Grade 6,Tuesday,2,09:45,10:45,Science,,,
CAL004123,2026-01-20,2026,Term 1,Grade 6,Tuesday,3,11:15,12:15,Humanities,,,
CAL004124,2026-01-20,2026,Term 1,Grade 6,Tuesday,4,13:00,14:00,Design and Technology,,,
CAL004125,2026-01-20,2026,Term 1,Grade 6,Tuesday,5,14:00,15:00,Mathematics,,,
CAL004126,2026-01-21,2026,Term 1,Grade 4,Wednesday,1,08:45,09:45,Science,,,
CAL004127,2026-01-21,2026,Term 1,Grade 4,Wednesday,2,09:45,10:45,Humanities,,,
CAL004128,2026-01-21,2026,Term 1,Grade 4,Wednesday,3,11:15,12:15,Arts,,,
CAL004129,2026-01-21,2026,Term 1,Grade 4,Wednesday,4,13:00,14:00,Mathematics,,,
CAL004130,2026-01-21,2026,Term 1,Grade 4,Wednesday,5,14:00,15:00,English,,,
CAL004131,2026-01-21,2026,Term 1,Grade 5,Wednesday,1,08:45,09:45,Science,,,
CAL004132,2026-01-21,2026,Term 1,Grade 5,Wednesday,2,09:45,10:45,Humanities,,,
CAL004133,2026-01-21,2026,Term 1,Grade 5,Wednesday,3,11:15,12:15,Health and Physical Education,,,
CAL004134,2026-01-21,2026,Term 1,Grade 5,Wednesday,4,13:00,14:00,Mathematics,,,
CAL004135,2026-01-21,2026,Term 1,Grade 5,Wednesday,5,14:00,15:00,English,,,
CAL004136,2026-01-21,2026,Term 1,Grade 6,Wednesday,1,08:45,09:45,Science,,,
CAL004137,2026-01-21,2026,Term 1,Grade 6,Wednesday,2,09:45,10:45,Humanities,,,
CAL004138,2026-01-21,2026,Term 1,Grade 6,Wednesday,3,11:15,12:15,Design and Technology,,,
CAL004139,2026-01-21,2026,Term 1,Grade 6,Wednesday,4,13:00,14:00,Mathematics,,,
CAL004140,2026-01-21,2026,Term 1,Grade 6,Wednesday,5,14:00,15:00,English,,,
CAL004141,2026-01-22,2026,Term 1,Grade 4,Thursday,1,08:45,09:45,Humanities,,,
CAL004142,2026-01-22,2026,Term 1,Grade 4,Thursday,2,09:45,10:45,Arts,,,
CAL004143,2026-01-22,2026,Term 1,Grade 4,Thursday,3,11:15,12:15,Mathematics,,,
CAL004144,2026-01-22,2026,Term 1,Grade 4,Thursday,4,13:00,14:00,English,,,
CAL004145,2026-01-22,2026,Term 1,Grade 4,Thursday,5,14:00,15:00,Science,,,
CAL004146,2026-01-22,2026,Term 1,Grade 5,Thursday,1,08:45,09:45,Humanities,,,
CAL004147,2026-01-22,2026,Term 1,Grade 5,Thursday,2,09:45,10:45,Health and Physical Education,,,
CAL004148,2026-01-22,2026,Term 1,Grade 5,Thursday,3,11:15,12:15,Mathematics,,,
CAL004149,2026-01-22,2026,Term 1,Grade 5,Thursday,4,13:00,14:00,English,,,
CAL004150,2026-01-22,2026,Term 1,Grade 5,Thursday,5,14:00,15:00,Science,,,
CAL004151,2026-01-22,2026,Term 1,Grade 6,Thursday,1,08:45,09:45,Humanities,,,
CAL004152,2026-01-22,2026,Term 1,Grade 6,Thursday,2,09:45,10:45,Design and Technology,,,
CAL004153,2026-01-22,2026,Term 1,Grade 6,Thursday,3,11:15,12:15,Mathematics,,,
CAL004154,2026-01-22,2026,Term 1,Grade 6,Thursday,4,13:00,14:00,English,,,
CAL004155,2026-01-22,2026,Term 1,Grade 6,Thursday,5,14:00,15:00,Science,,,
CAL004156,2026-01-23,2026,Term 1,Grade 4,Friday,1,08:45,09:45,Arts,,,
CAL004157,2026-01-23,2026,Term 1,Grade 4,Friday,2,09:45,10:45,Mathematics,,,
CAL004158,2026-01-23,2026,Term 1,Grade 4,Friday,3,11:15,12:15,English,,,
CAL004159,2026-01-23,2026,Term 1,Grade 4,Friday,4,13:00,14:00,Science,,,
CAL004160,2026-01-23,2026,Term 1,Grade 4,Friday,5,14:00,15:00,Humanities,,,
CAL004161,2026-01-23,2026,Term 1,Grade 5,Friday,1,08:45,09:45,Health and Physical Education,,,
CAL004162,2026-01-23,2026,Term 1,Grade 5,Friday,2,09:45,10:45,Mathematics,,,
CAL004163,2026-01-23,2026,Term 1,Grade 5,Friday,3,11:15,12:15,English,,,
CAL004164,2026-01-23,2026,Term 1,Grade 5,Friday,4,13:00,14:00,Science,,,
CAL004165,2026-01-23,2026,Term 1,Grade 5,Friday,5,14:00,15:00,Humanities,,,
CAL004166,2026-01-23,2026,Term 1,Grade 6,Friday,1,08:45,09:45,Design and Technology,,,
CAL004167,2026-01-23,2026,Term 1,Grade 6,Friday,2,09:45,10:45,Mathematics,,,
CAL004168,2026-01-23,2026,Term 1,Grade 6,Friday,3,11:15,12:15,English,,,
CAL004169,2026-01-23,2026,Term 1,Grade 6,Friday,4,13:00,14:00,Science,,,
CAL004170,2026-01-23,2026,Term 1,Grade 6,Friday,5,14:00,15:00,Humanities,,,
CAL004171,2026-01-26,2026,Term 1,Grade 4,Monday,1,08:45,09:45,Mathematics,,,
CAL004172,2026-01-26,2026,Term 1,Grade 4,Monday,2,09:45,10:45,English,,,
CAL004173,2026-01-26,2026,Term 1,Grade 4,Monday,3,11:15,12:15,Science,,,
CAL004174,2026-01-26,2026,Term 1,Grade 4,Monday,4,13:00,14:00,Humanities,,,
CAL004175,2026-01-26,2026,Term 1,Grade 4,Monday,5,14:00,15:00,Arts,,,
CAL004176,2026-01-26,2026,Term 1,Grade 5,Monday,1,08:45,09:45,Mathematics,,,
CAL004177,2026-01-26,2026,Term 1,Grade 5,Monday,2,09:45,10:45,English,,,
CAL004178,2026-01-26,2026,Term 1,Grade 5,Monday,3,11:15,12:15,Science,,,
CAL004179,2026-01-26,2026,Term 1,Grade 5,Monday,4,13:00,14:00,Humanities,,,
CAL004180,2026-01-26,2026,Term 1,Grade 5,Monday,5,14:00,15:00,Health and Physical Education,,,
CAL004181,2026-01-26,2026,Term 1,Grade 6,Monday,1,08:45,09:45,Mathematics,,,
CAL004182,2026-01-26,2026,Term 1,Grade 6,Monday,2,09:45,10:45,English,,,
CAL004183,2026-01-26,2026,Term 1,Grade 6,Monday,3,11:15,12:15,Science,,,
CAL004184,2026-01-26,2026,Term 1,Grade 6,Monday,4,13:00,14:00,Humanities,,,
CAL004185,2026-01-26,2026,Term 1,Grade 6,Monday,5,14:00,15:00,Design and Technology,,,
CAL004186,2026-01-27,2026,Term 1,Grade 4,Tuesday,1,08:45,09:45,English,,,
CAL004187,2026-01-27,2026,Term 1,Grade 4,Tuesday,2,09:45,10:45,Science,,,
CAL004188,2026-01-27,2026,Term 1,Grade 4,Tuesday,3,11:15,12:15,Humanities,,,
CAL004189,2026-01-27,2026,Term 1,Grade 4,Tuesday,4,13:00,14:00,Arts,,,
CAL004190,2026-01-27,2026,Term 1,Grade 4,Tuesday,5,14:00,15:00,Mathematics,,,
CAL004191,2026-01-27,2026,Term 1,Grade 5,Tuesday,1,08:45,09:45,English,,,
CAL004192,2026-01-27,2026,Term 1,Grade 5,Tuesday,2,09:45,10:45,Science,,,
CAL004193,2026-01-27,2026,Term 1,Grade 5,Tuesday,3,11:15,12:15,Humanities,,,
CAL004194,2026-01-27,2026,Term 1,Grade 5,Tuesday,4,13:00,14:00,Health and Physical Education,,,
CAL004195,2026-01-27,2026,Term 1,Grade 5,Tuesday,5,14:00,15:00,Mathematics,,,
CAL004196,2026-01-27,2026,Term 1,Grade 6,Tuesday,1,08:45,09:45,English,,,
CAL004197,2026-01-27,2026,Term 1,Grade 6,Tuesday,2,09:45,10:45,Science,,,
CAL004198,2026-01-27,2026,Term 1,Grade 6,Tuesday,3,11:15,12:15,Humanities,,,
CAL004199,2026-01-27,2026,Term 1,Grade 6,Tuesday,4,13:00,14:00,Design and Technology,,,
CAL004200,2026-01-27,2026,Term 1,Grade 6,Tuesday,5,14:00,15:00,Mathematics,,,
CAL004201,2026-01-28,2026,Term 1,Grade 4,Wednesday,1,08:45,09:45,Science,,,
CAL004202,2026-01-28,2026,Term 1,Grade 4,Wednesday,2,09:45,10:45,Humanities,,,
CAL004203,2026-01-28,2026,Term 1,Grade 4,Wednesday,3,11:15,12:15,Arts,,,
CAL004204,2026-01-28,2026,Term 1,Grade 4,Wednesday,4,13:00,14:00,Mathematics,,,
CAL004205,2026-01-28,2026,Term 1,Grade 4,Wednesday,5,14:00,15:00,English,,,
CAL004206,2026-01-28,2026,Term 1,Grade 5,Wednesday,1,08:45,09:45,Science,,,
CAL004207,2026-01-28,2026,Term 1,Grade 5,Wednesday,2,09:45,10:45,Humanities,,,
CAL004208,2026-01-28,2026,Term 1,Grade 5,Wednesday,3,11:15,12:15,Health and Physical Education,,,
CAL004209,2026-01-28,2026,Term 1,Grade 5,Wednesday,4,13:00,14:00,Mathematics,,,
CAL004210,2026-01-28,2026,Term 1,Grade 5,Wednesday,5,14:00,15:00,English,,,
CAL004211,2026-01-28,2026,Term 1,Grade 6,Wednesday,1,08:45,09:45,Science,,,
CAL004212,2026-01-28,2026,Term 1,Grade 6,Wednesday,2,09:45,10:45,Humanities,,,
CAL004213,2026-01-28,2026,Term 1,Grade 6,Wednesday,3,11:15,12:15,Design and Technology,,,
CAL004214,2026-01-28,2026,Term 1,Grade 6,Wednesday,4,13:00,14:00,Mathematics,,,
CAL004215,2026-01-28,2026,Term 1,Grade 6,Wednesday,5,14:00,15:00,English,,,
CAL004216,2026-01-29,2026,Term 1,Grade 4,Thursday,1,08:45,09:45,Humanities,,,
CAL004217,2026-01-29,2026,Term 1,Grade 4,Thursday,2,09:45,10:45,Arts,,,
CAL004218,2026-01-29,2026,Term 1,Grade 4,Thursday,3,11:15,12:15,Mathematics,,,
CAL004219,2026-01-29,2026,Term 1,Grade 4,Thursday,4,13:00,14:00,English,,,
CAL004220,2026-01-29,2026,Term 1,Grade 4,Thursday,5,14:00,15:00,Science,,,
CAL004221,2026-01-29,2026,Term 1,Grade 5,Thursday,1,08:45,09:45,Humanities,,,
CAL004222,2026-01-29,2026,Term 1,Grade 5,Thursday,2,09:45,10:45,Health and Physical Education,,,
CAL004223,2026-01-29,2026,Term 1,Grade 5,Thursday,3,11:15,12:15,Mathematics,,,
CAL004224,2026-01-29,2026,Term 1,Grade 5,Thursday,4,13:00,14:00,English,,,
CAL004225,2026-01-29,2026,Term 1,Grade 5,Thursday,5,14:00,15:00,Science,,,
CAL004226,2026-01-29,2026,Term 1,Grade 6,Thursday,1,08:45,09:45,Humanities,,,
CAL004227,2026-01-29,2026,Term 1,Grade 6,Thursday,2,09:45,10:45,Design and Technology,,,
CAL004228,2026-01-29,2026,Term 1,Grade 6,Thursday,3,11:15,12:15,Mathematics,,,
CAL004229,2026-01-29,2026,Term 1,Grade 6,Thursday,4,13:00,14:00,English,,,
CAL004230,2026-01-29,2026,Term 1,Grade 6,Thursday,5,14:00,15:00,Science,,,
CAL004231,2026-01-30,2026,Term 1,Grade 4,Friday,1,08:45,09:45,Arts,,,
CAL004232,2026-01-30,2026,Term 1,Grade 4,Friday,2,09:45,10:45,Mathematics,,,
CAL004233,2026-01-30,2026,Term 1,Grade 4,Friday,3,11:15,12:15,English,,,
CAL004234,2026-01-30,2026,Term 1,Grade 4,Friday,4,13:00,14:00,Science,,,
CAL004235,2026-01-30,2026,Term 1,Grade 4,Friday,5,14:00,15:00,Humanities,,,
CAL004236,2026-01-30,2026,Term 1,Grade 5,Friday,1,08:45,09:45,Health and Physical Education,,,
CAL004237,2026-01-30,2026,Term 1,Grade 5,Friday,2,09:45,10:45,Mathematics,,,
CAL004238,2026-01-30,2026,Term 1,Grade 5,Friday,3,11:15,12:15,English,,,
CAL004239,2026-01-30,2026,Term 1,Grade 5,Friday,4,13:00,14:00,Science,,,
CAL004240,2026-01-30,2026,Term 1,Grade 5,Friday,5,14:00,15:00,Humanities,,,
CAL004241,2026-01-30,2026,Term 1,Grade 6,Friday,1,08:45,09:45,Design and Technology,,,
CAL004242,2026-01-30,2026,Term 1,Grade 6,Friday,2,09:45,10:45,Mathematics,,,
CAL004243,2026-01-30,2026,Term 1,Grade 6,Friday,3,11:15,12:15,English,,,
CAL004244,2026-01-30,2026,Term 1,Grade 6,Friday,4,13:00,14:00,Science,,,
CAL004245,2026-01-30,2026,Term 1,Grade 6,Friday,5,14:00,15:00,Humanities,,,
CAL004246,2026-02-02,2026,Term 1,Grade 4,Monday,1,08:45,09:45,Mathematics,,Reading Week,Curriculum week
CAL004247,2026-02-02,2026,Term 1,Grade 4,Monday,2,09:45,10:45,English,Collaborative reading activity,Reading Week,Curriculum week
CAL004248,2026-02-02,2026,Term 1,Grade 4,Monday,3,11:15,12:15,Science,,Reading Week,Curriculum week
CAL004249,2026-02-02,2026,Term 1,Grade 4,Monday,4,13:00,14:00,Humanities,,Reading Week,Curriculum week
CAL004250,2026-02-02,2026,Term 1,Grade 4,Monday,5,14:00,15:00,Arts,,Reading Week,Curriculum week
CAL004251,2026-02-02,2026,Term 1,Grade 5,Monday,1,08:45,09:45,Mathematics,,Reading Week,Curriculum week
CAL004252,2026-02-02,2026,Term 1,Grade 5,Monday,2,09:45,10:45,English,Collaborative reading activity,Reading Week,Curriculum week
CAL004253,2026-02-02,2026,Term 1,Grade 5,Monday,3,11:15,12:15,Science,,Reading Week,Curriculum week
CAL004254,2026-02-02,2026,Term 1,Grade 5,Monday,4,13:00,14:00,Humanities,,Reading Week,Curriculum week
CAL004255,2026-02-02,2026,Term 1,Grade 5,Monday,5,14:00,15:00,Health and Physical Education,,Reading Week,Curriculum week
CAL004256,2026-02-02,2026,Term 1,Grade 6,Monday,1,08:45,09:45,Mathematics,,Reading Week,Curriculum week
CAL004257,2026-02-02,2026,Term 1,Grade 6,Monday,2,09:45,10:45,English,Collaborative reading activity,Reading Week,Curriculum week
CAL004258,2026-02-02,2026,Term 1,Grade 6,Monday,3,11:15,12:15,Science,,Reading Week,Curriculum week
CAL004259,2026-02-02,2026,Term 1,Grade 6,Monday,4,13:00,14:00,Humanities,,Reading Week,Curriculum week
CAL004260,2026-02-02,2026,Term 1,Grade 6,Monday,5,14:00,15:00,Design and Technology,,Reading Week,Curriculum week
CAL004261,2026-02-03,2026,Term 1,Grade 4,Tuesday,1,08:45,09:45,English,Collaborative reading activity,Reading Week,Curriculum week
CAL004262,2026-02-03,2026,Term 1,Grade 4,Tuesday,2,09:45,10:45,Science,,Reading Week,Curriculum week
CAL004263,2026-02-03,2026,Term 1,Grade 4,Tuesday,3,11:15,12:15,Humanities,,Reading Week,Curriculum week
CAL004264,2026-02-03,2026,Term 1,Grade 4,Tuesday,4,13:00,14:00,Arts,,Reading Week,Curriculum week
CAL004265,2026-02-03,2026,Term 1,Grade 4,Tuesday,5,14:00,15:00,Mathematics,,Reading Week,Curriculum week
CAL004266,2026-02-03,2026,Term 1,Grade 5,Tuesday,1,08:45,09:45,English,Collaborative reading activity,Reading Week,Curriculum week
CAL004267,2026-02-03,2026,Term 1,Grade 5,Tuesday,2,09:45,10:45,Science,,Reading Week,Curriculum week
CAL004268,2026-02-03,2026,Term 1,Grade 5,Tuesday,3,11:15,12:15,Humanities,,Reading Week,Curriculum week
CAL004269,2026-02-03,2026,Term 1,Grade 5,Tuesday,4,13:00,14:00,Health and Physical Education,,Reading Week,Curriculum week
CAL004270,2026-02-03,2026,Term 1,Grade 5,Tuesday,5,14:00,15:00,Mathematics,,Reading Week,Curriculum week
CAL004271,2026-02-03,2026,Term 1,Grade 6,Tuesday,1,08:45,09:45,English,Collaborative reading activity,Reading Week,Curriculum week
CAL004272,2026-02-03,2026,Term 1,Grade 6,Tuesday,2,09:45,10:45,Science,,Reading Week,Curriculum week
CAL004273,2026-02-03,2026,Term 1,Grade 6,Tuesday,3,11:15,12:15,Humanities,,Reading Week,Curriculum week
CAL004274,2026-02-03,2026,Term 1,Grade 6,Tuesday,4,13:00,14:00,Design and Technology,,Reading Week,Curriculum week
CAL004275,2026-02-03,2026,Term 1,Grade 6,Tuesday,5,14:00,15:00,Mathematics,,Reading Week,Curriculum week
CAL004276,2026-02-04,2026,Term 1,Grade 4,Wednesday,1,08:45,09:45,Science,,Reading Week,Curriculum week
CAL004277,2026-02-04,2026,Term 1,Grade 4,Wednesday,2,09:45,10:45,Humanities,,Reading Week,Curriculum week
CAL004278,2026-02-04,2026,Term 1,Grade 4,Wednesday,3,11:15,12:15,Arts,,Reading Week,Curriculum week
CAL004279,2026-02-04,2026,Term 1,Grade 4,Wednesday,4,13:00,14:00,Mathematics,,Reading Week,Curriculum week
CAL004280,2026-02-04,2026,Term 1,Grade 4,Wednesday,5,14:00,15:00,English,Collaborative reading activity,Reading Week,Curriculum week
CAL004281,2026-02-04,2026,Term 1,Grade 5,Wednesday,1,08:45,09:45,Science,,Reading Week,Curriculum week
CAL004282,2026-02-04,2026,Term 1,Grade 5,Wednesday,2,09:45,10:45,Humanities,,Reading Week,Curriculum week
CAL004283,2026-02-04,2026,Term 1,Grade 5,Wednesday,3,11:15,12:15,Health and Physical Education,,Reading Week,Curriculum week
CAL004284,2026-02-04,2026,Term 1,Grade 5,Wednesday,4,13:00,14:00,Mathematics,,Reading Week,Curriculum week
CAL004285,2026-02-04,2026,Term 1,Grade 5,Wednesday,5,14:00,15:00,English,Collaborative reading activity,Reading Week,Curriculum week
CAL004286,2026-02-04,2026,Term 1,Grade 6,Wednesday,1,08:45,09:45,Science,,Reading Week,Curriculum week
CAL004287,2026-02-04,2026,Term 1,Grade 6,Wednesday,2,09:45,10:45,Humanities,,Reading Week,Curriculum week
CAL004288,2026-02-04,2026,Term 1,Grade 6,Wednesday,3,11:15,12:15,Design and Technology,,Reading Week,Curriculum week
CAL004289,2026-02-04,2026,Term 1,Grade 6,Wednesday,4,13:00,14:00,Mathematics,,Reading Week,Curriculum week
CAL004290,2026-02-04,2026,Term 1,Grade 6,Wednesday,5,14:00,15:00,English,Collaborative reading activity,Reading Week,Curriculum week
CAL004291,2026-02-05,2026,Term 1,Grade 4,Thursday,1,08:45,09:45,Humanities,,Reading Week,Curriculum week
CAL004292,2026-02-05,2026,Term 1,Grade 4,Thursday,2,09:45,10:45,Arts,,Reading Week,Curriculum week
CAL004293,2026-02-05,2026,Term 1,Grade 4,Thursday,3,11:15,12:15,Mathematics,,Reading Week,Curriculum week
CAL004294,2026-02-05,2026,Term 1,Grade 4,Thursday,4,13:00,14:00,English,Collaborative reading activity,Reading Week,Curriculum week
CAL004295,2026-02-05,2026,Term 1,Grade 4,Thursday,5,14:00,15:00,Science,,Reading Week,Curriculum week
CAL004296,2026-02-05,2026,Term 1,Grade 5,Thursday,1,08:45,09:45,Humanities,,Reading Week,Curriculum week
CAL004297,2026-02-05,2026,Term 1,Grade 5,Thursday,2,09:45,10:45,Health and Physical Education,,Reading Week,Curriculum week
CAL004298,2026-02-05,2026,Term 1,Grade 5,Thursday,3,11:15,12:15,Mathematics,,Reading Week,Curriculum week
CAL004299,2026-02-05,2026,Term 1,Grade 5,Thursday,4,13:00,14:00,English,Collaborative reading activity,Reading Week,Curriculum week
CAL004300,2026-02-05,2026,Term 1,Grade 5,Thursday,5,14:00,15:00,Science,,Reading Week,Curriculum week
CAL004301,2026-02-05,2026,Term 1,Grade 6,Thursday,1,08:45,09:45,Humanities,,Reading Week,Curriculum week
CAL004302,2026-02-05,2026,Term 1,Grade 6,Thursday,2,09:45,10:45,Design and Technology,,Reading Week,Curriculum week
CAL004303,2026-02-05,2026,Term 1,Grade 6,Thursday,3,11:15,12:15,Mathematics,,Reading Week,Curriculum week
CAL004304,2026-02-05,2026,Term 1,Grade 6,Thursday,4,13:00,14:00,English,Collaborative reading activity,Reading Week,Curriculum week
CAL004305,2026-02-05,2026,Term 1,Grade 6,Thursday,5,14:00,15:00,Science,,Reading Week,Curriculum week
CAL004306,2026-02-06,2026,Term 1,Grade 4,Friday,1,08:45,09:45,Arts,,Reading Week,Curriculum week
CAL004307,2026-02-06,2026,Term 1,Grade 4,Friday,2,09:45,10:45,Mathematics,,Reading Week,Curriculum week
CAL004308,2026-02-06,2026,Term 1,Grade 4,Friday,3,11:15,12:15,English,Collaborative reading activity,Reading Week,Curriculum week
CAL004309,2026-02-06,2026,Term 1,Grade 4,Friday,4,13:00,14:00,Science,,Reading Week,Curriculum week
CAL004310,2026-02-06,2026,Term 1,Grade 4,Friday,5,14:00,15:00,Humanities,,Reading Week,Curriculum week
CAL004311,2026-02-06,2026,Term 1,Grade 5,Friday,1,08:45,09:45,Health and Physical Education,,Reading Week,Curriculum week
CAL004312,2026-02-06,2026,Term 1,Grade 5,Friday,2,09:45,10:45,Mathematics,,Reading Week,Curriculum week
CAL004313,2026-02-06,2026,Term 1,Grade 5,Friday,3,11:15,12:15,English,Collaborative reading activity,Reading Week,Curriculum week
CAL004314,2026-02-06,2026,Term 1,Grade 5,Friday,4,13:00,14:00,Science,,Reading Week,Curriculum week
CAL004315,2026-02-06,2026,Term 1,Grade 5,Friday,5,14:00,15:00,Humanities,,Reading Week,Curriculum week
CAL004316,2026-02-06,2026,Term 1,Grade 6,Friday,1,08:45,09:45,Design and Technology,,Reading Week,Curriculum week
CAL004317,2026-02-06,2026,Term 1,Grade 6,Friday,2,09:45,10:45,Mathematics,,Reading Week,Curriculum week
CAL004318,2026-02-06,2026,Term 1,Grade 6,Friday,3,11:15,12:15,English,Collaborative reading activity,Reading Week,Curriculum week
CAL004319,2026-02-06,2026,Term 1,Grade 6,Friday,4,13:00,14:00,Science,,Reading Week,Curriculum week
CAL004320,2026-02-06,2026,Term 1,Grade 6,Friday,5,14:00,15:00,Humanities,,Reading Week,Curriculum week
CAL004321,2026-02-09,2026,Term 1,Grade 4,Monday,1,08:45,09:45,Mathematics,,,
CAL004322,2026-02-09,2026,Term 1,Grade 4,Monday,2,09:45,10:45,English,,,
CAL004323,2026-02-09,2026,Term 1,Grade 4,Monday,3,11:15,12:15,Science,,,
CAL004324,2026-02-09,2026,Term 1,Grade 4,Monday,4,13:00,14:00,Humanities,,,
CAL004325,2026-02-09,2026,Term 1,Grade 4,Monday,5,14:00,15:00,Arts,,,
CAL004326,2026-02-09,2026,Term 1,Grade 5,Monday,1,08:45,09:45,Mathematics,,,
CAL004327,2026-02-09,2026,Term 1,Grade 5,Monday,2,09:45,10:45,English,,,
CAL004328,2026-02-09,2026,Term 1,Grade 5,Monday,3,11:15,12:15,Science,,,
CAL004329,2026-02-09,2026,Term 1,Grade 5,Monday,4,13:00,14:00,Humanities,,,
CAL004330,2026-02-09,2026,Term 1,Grade 5,Monday,5,14:00,15:00,Health and Physical Education,,,
CAL004331,2026-02-09,2026,Term 1,Grade 6,Monday,1,08:45,09:45,Mathematics,,,
CAL004332,2026-02-09,2026,Term 1,Grade 6,Monday,2,09:45,10:45,English,,,
CAL004333,2026-02-09,2026,Term 1,Grade 6,Monday,3,11:15,12:15,Science,,,
CAL004334,2026-02-09,2026,Term 1,Grade 6,Monday,4,13:00,14:00,Humanities,,,
CAL004335,2026-02-09,2026,Term 1,Grade 6,Monday,5,14:00,15:00,Design and Technology,,,
CAL004336,2026-02-10,2026,Term 1,Grade 4,Tuesday,1,08:45,09:45,English,,,
CAL004337,2026-02-10,2026,Term 1,Grade 4,Tuesday,2,09:45,10:45,Science,,,
CAL004338,2026-02-10,2026,Term 1,Grade 4,Tuesday,3,11:15,12:15,Humanities,,,
CAL004339,2026-02-10,2026,Term 1,Grade 4,Tuesday,4,13:00,14:00,Arts,,,
CAL004340,2026-02-10,2026,Term 1,Grade 4,Tuesday,5,14:00,15:00,Mathematics,,,
CAL004341,2026-02-10,2026,Term 1,Grade 5,Tuesday,1,08:45,09:45,English,,,
CAL004342,2026-02-10,2026,Term 1,Grade 5,Tuesday,2,09:45,10:45,Science,,,
CAL004343,2026-02-10,2026,Term 1,Grade 5,Tuesday,3,11:15,12:15,Humanities,,,
CAL004344,2026-02-10,2026,Term 1,Grade 5,Tuesday,4,13:00,14:00,Health and Physical Education,,,
CAL004345,2026-02-10,2026,Term 1,Grade 5,Tuesday,5,14:00,15:00,Mathematics,,,
CAL004346,2026-02-10,2026,Term 1,Grade 6,Tuesday,1,08:45,09:45,English,,,
CAL004347,2026-02-10,2026,Term 1,Grade 6,Tuesday,2,09:45,10:45,Science,,,
CAL004348,2026-02-10,2026,Term 1,Grade 6,Tuesday,3,11:15,12:15,Humanities,,,
CAL004349,2026-02-10,2026,Term 1,Grade 6,Tuesday,4,13:00,14:00,Design and Technology,,,
CAL004350,2026-02-10,2026,Term 1,Grade 6,Tuesday,5,14:00,15:00,Mathematics,,,
CAL004351,2026-02-11,2026,Term 1,Grade 4,Wednesday,1,08:45,09:45,Science,,,
CAL004352,2026-02-11,2026,Term 1,Grade 4,Wednesday,2,09:45,10:45,Humanities,,,
CAL004353,2026-02-11,2026,Term 1,Grade 4,Wednesday,3,11:15,12:15,Arts,,,
CAL004354,2026-02-11,2026,Term 1,Grade 4,Wednesday,4,13:00,14:00,Mathematics,,,
CAL004355,2026-02-11,2026,Term 1,Grade 4,Wednesday,5,14:00,15:00,English,,,
CAL004356,2026-02-11,2026,Term 1,Grade 5,Wednesday,1,08:45,09:45,Science,,,
CAL004357,2026-02-11,2026,Term 1,Grade 5,Wednesday,2,09:45,10:45,Humanities,,,
CAL004358,2026-02-11,2026,Term 1,Grade 5,Wednesday,3,11:15,12:15,Health and Physical Education,,,
CAL004359,2026-02-11,2026,Term 1,Grade 5,Wednesday,4,13:00,14:00,Mathematics,,,
CAL004360,2026-02-11,2026,Term 1,Grade 5,Wednesday,5,14:00,15:00,English,,,
CAL004361,2026-02-11,2026,Term 1,Grade 6,Wednesday,1,08:45,09:45,Science,,,
CAL004362,2026-02-11,2026,Term 1,Grade 6,Wednesday,2,09:45,10:45,Humanities,,,
CAL004363,2026-02-11,2026,Term 1,Grade 6,Wednesday,3,11:15,12:15,Design and Technology,,,
CAL004364,2026-02-11,2026,Term 1,Grade 6,Wednesday,4,13:00,14:00,Mathematics,,,
CAL004365,2026-02-11,2026,Term 1,Grade 6,Wednesday,5,14:00,15:00,English,,,
CAL004366,2026-02-12,2026,Term 1,Grade 4,Thursday,1,08:45,09:45,Humanities,,,
CAL004367,2026-02-12,2026,Term 1,Grade 4,Thursday,2,09:45,10:45,Arts,,,
CAL004368,2026-02-12,2026,Term 1,Grade 4,Thursday,3,11:15,12:15,Mathematics,,,
CAL004369,2026-02-12,2026,Term 1,Grade 4,Thursday,4,13:00,14:00,English,,,
CAL004370,2026-02-12,2026,Term 1,Grade 4,Thursday,5,14:00,15:00,Science,,,
CAL004371,2026-02-12,2026,Term 1,Grade 5,Thursday,1,08:45,09:45,Humanities,,,
CAL004372,2026-02-12,2026,Term 1,Grade 5,Thursday,2,09:45,10:45,Health and Physical Education,,,
CAL004373,2026-02-12,2026,Term 1,Grade 5,Thursday,3,11:15,12:15,Mathematics,,,
CAL004374,2026-02-12,2026,Term 1,Grade 5,Thursday,4,13:00,14:00,English,,,
CAL004375,2026-02-12,2026,Term 1,Grade 5,Thursday,5,14:00,15:00,Science,,,
CAL004376,2026-02-12,2026,Term 1,Grade 6,Thursday,1,08:45,09:45,Humanities,,,
CAL004377,2026-02-12,2026,Term 1,Grade 6,Thursday,2,09:45,10:45,Design and Technology,,,
CAL004378,2026-02-12,2026,Term 1,Grade 6,Thursday,3,11:15,12:15,Mathematics,,,
CAL004379,2026-02-12,2026,Term 1,Grade 6,Thursday,4,13:00,14:00,English,,,
CAL004380,2026-02-12,2026,Term 1,Grade 6,Thursday,5,14:00,15:00,Science,,,
CAL004381,2026-02-13,2026,Term 1,Grade 4,Friday,1,08:45,09:45,Arts,,,
CAL004382,2026-02-13,2026,Term 1,Grade 4,Friday,2,09:45,10:45,Mathematics,,,
CAL004383,2026-02-13,2026,Term 1,Grade 4,Friday,3,11:15,12:15,English,,,
CAL004384,2026-02-13,2026,Term 1,Grade 4,Friday,4,13:00,14:00,Science,,,
CAL004385,2026-02-13,2026,Term 1,Grade 4,Friday,5,14:00,15:00,Humanities,,,
CAL004386,2026-02-13,2026,Term 1,Grade 5,Friday,1,08:45,09:45,Health and Physical Education,,,
CAL004387,2026-02-13,2026,Term 1,Grade 5,Friday,2,09:45,10:45,Mathematics,,,
CAL004388,2026-02-13,2026,Term 1,Grade 5,Friday,3,11:15,12:15,English,,,
CAL004389,2026-02-13,2026,Term 1,Grade 5,Friday,4,13:00,14:00,Science,,,
CAL004390,2026-02-13,2026,Term 1,Grade 5,Friday,5,14:00,15:00,Humanities,,,
CAL004391,2026-02-13,2026,Term 1,Grade 6,Friday,1,08:45,09:45,Design and Technology,,,
CAL004392,2026-02-13,2026,Term 1,Grade 6,Friday,2,09:45,10:45,Mathematics,,,
CAL004393,2026-02-13,2026,Term 1,Grade 6,Friday,3,11:15,12:15,English,,,
CAL004394,2026-02-13,2026,Term 1,Grade 6,Friday,4,13:00,14:00,Science,,,
CAL004395,2026-02-13,2026,Term 1,Grade 6,Friday,5,14:00,15:00,Humanities,,,
CAL004396,2026-02-16,2026,Term 1,Grade 4,Monday,1,08:45,09:45,Mathematics,,,
CAL004397,2026-02-16,2026,Term 1,Grade 4,Monday,2,09:45,10:45,English,,,
CAL004398,2026-02-16,2026,Term 1,Grade 4,Monday,3,11:15,12:15,Science,,,
CAL004399,2026-02-16,2026,Term 1,Grade 4,Monday,4,13:00,14:00,Humanities,,,
CAL004400,2026-02-16,2026,Term 1,Grade 4,Monday,5,14:00,15:00,Arts,,,
CAL004401,2026-02-16,2026,Term 1,Grade 5,Monday,1,08:45,09:45,Mathematics,,,
CAL004402,2026-02-16,2026,Term 1,Grade 5,Monday,2,09:45,10:45,English,,,
CAL004403,2026-02-16,2026,Term 1,Grade 5,Monday,3,11:15,12:15,Science,,,
CAL004404,2026-02-16,2026,Term 1,Grade 5,Monday,4,13:00,14:00,Humanities,,,
CAL004405,2026-02-16,2026,Term 1,Grade 5,Monday,5,14:00,15:00,Health and Physical Education,,,
CAL004406,2026-02-16,2026,Term 1,Grade 6,Monday,1,08:45,09:45,Mathematics,,,
CAL004407,2026-02-16,2026,Term 1,Grade 6,Monday,2,09:45,10:45,English,,,
CAL004408,2026-02-16,2026,Term 1,Grade 6,Monday,3,11:15,12:15,Science,,,
CAL004409,2026-02-16,2026,Term 1,Grade 6,Monday,4,13:00,14:00,Humanities,,,
CAL004410,2026-02-16,2026,Term 1,Grade 6,Monday,5,14:00,15:00,Design and Technology,,,
CAL004411,2026-02-17,2026,Term 1,Grade 4,Tuesday,1,08:45,09:45,English,,,
CAL004412,2026-02-17,2026,Term 1,Grade 4,Tuesday,2,09:45,10:45,Science,,,
CAL004413,2026-02-17,2026,Term 1,Grade 4,Tuesday,3,11:15,12:15,Humanities,,,
CAL004414,2026-02-17,2026,Term 1,Grade 4,Tuesday,4,13:00,14:00,Arts,,,
CAL004415,2026-02-17,2026,Term 1,Grade 4,Tuesday,5,14:00,15:00,Mathematics,,,
CAL004416,2026-02-17,2026,Term 1,Grade 5,Tuesday,1,08:45,09:45,English,,,
CAL004417,2026-02-17,2026,Term 1,Grade 5,Tuesday,2,09:45,10:45,Science,,,
CAL004418,2026-02-17,2026,Term 1,Grade 5,Tuesday,3,11:15,12:15,Humanities,,,
CAL004419,2026-02-17,2026,Term 1,Grade 5,Tuesday,4,13:00,14:00,Health and Physical Education,,,
CAL004420,2026-02-17,2026,Term 1,Grade 5,Tuesday,5,14:00,15:00,Mathematics,,,
CAL004421,2026-02-17,2026,Term 1,Grade 6,Tuesday,1,08:45,09:45,English,,,
CAL004422,2026-02-17,2026,Term 1,Grade 6,Tuesday,2,09:45,10:45,Science,,,
CAL004423,2026-02-17,2026,Term 1,Grade 6,Tuesday,3,11:15,12:15,Humanities,,,
CAL004424,2026-02-17,2026,Term 1,Grade 6,Tuesday,4,13:00,14:00,Design and Technology,,,
CAL004425,2026-02-17,2026,Term 1,Grade 6,Tuesday,5,14:00,15:00,Mathematics,,,
CAL004426,2026-02-18,2026,Term 1,Grade 4,Wednesday,1,08:45,09:45,Science,,,
CAL004427,2026-02-18,2026,Term 1,Grade 4,Wednesday,2,09:45,10:45,Humanities,,,
CAL004428,2026-02-18,2026,Term 1,Grade 4,Wednesday,3,11:15,12:15,Arts,,,
CAL004429,2026-02-18,2026,Term 1,Grade 4,Wednesday,4,13:00,14:00,Mathematics,,,
CAL004430,2026-02-18,2026,Term 1,Grade 4,Wednesday,5,14:00,15:00,English,,,
CAL004431,2026-02-18,2026,Term 1,Grade 5,Wednesday,1,08:45,09:45,Science,,,
CAL004432,2026-02-18,2026,Term 1,Grade 5,Wednesday,2,09:45,10:45,Humanities,,,
CAL004433,2026-02-18,2026,Term 1,Grade 5,Wednesday,3,11:15,12:15,Health and Physical Education,,,
CAL004434,2026-02-18,2026,Term 1,Grade 5,Wednesday,4,13:00,14:00,Mathematics,,,
CAL004435,2026-02-18,2026,Term 1,Grade 5,Wednesday,5,14:00,15:00,English,,,
CAL004436,2026-02-18,2026,Term 1,Grade 6,Wednesday,1,08:45,09:45,Science,,,
CAL004437,2026-02-18,2026,Term 1,Grade 6,Wednesday,2,09:45,10:45,Humanities,,,
CAL004438,2026-02-18,2026,Term 1,Grade 6,Wednesday,3,11:15,12:15,Design and Technology,,,
CAL004439,2026-02-18,2026,Term 1,Grade 6,Wednesday,4,13:00,14:00,Mathematics,,,
CAL004440,2026-02-18,2026,Term 1,Grade 6,Wednesday,5,14:00,15:00,English,,,
CAL004441,2026-02-19,2026,Term 1,Grade 4,Thursday,1,08:45,09:45,Humanities,,,
CAL004442,2026-02-19,2026,Term 1,Grade 4,Thursday,2,09:45,10:45,Arts,,,
CAL004443,2026-02-19,2026,Term 1,Grade 4,Thursday,3,11:15,12:15,Mathematics,,,
CAL004444,2026-02-19,2026,Term 1,Grade 4,Thursday,4,13:00,14:00,English,,,
CAL004445,2026-02-19,2026,Term 1,Grade 4,Thursday,5,14:00,15:00,Science,,,
CAL004446,2026-02-19,2026,Term 1,Grade 5,Thursday,1,08:45,09:45,Humanities,,,
CAL004447,2026-02-19,2026,Term 1,Grade 5,Thursday,2,09:45,10:45,Health and Physical Education,,,
CAL004448,2026-02-19,2026,Term 1,Grade 5,Thursday,3,11:15,12:15,Mathematics,,,
CAL004449,2026-02-19,2026,Term 1,Grade 5,Thursday,4,13:00,14:00,English,,,
CAL004450,2026-02-19,2026,Term 1,Grade 5,Thursday,5,14:00,15:00,Science,,,
CAL004451,2026-02-19,2026,Term 1,Grade 6,Thursday,1,08:45,09:45,Humanities,,,
CAL004452,2026-02-19,2026,Term 1,Grade 6,Thursday,2,09:45,10:45,Design and Technology,,,
CAL004453,2026-02-19,2026,Term 1,Grade 6,Thursday,3,11:15,12:15,Mathematics,,,
CAL004454,2026-02-19,2026,Term 1,Grade 6,Thursday,4,13:00,14:00,English,,,
CAL004455,2026-02-19,2026,Term 1,Grade 6,Thursday,5,14:00,15:00,Science,,,
CAL004456,2026-02-20,2026,Term 1,Grade 4,Friday,1,08:45,09:45,Arts,,,
CAL004457,2026-02-20,2026,Term 1,Grade 4,Friday,2,09:45,10:45,Mathematics,,,
CAL004458,2026-02-20,2026,Term 1,Grade 4,Friday,3,11:15,12:15,English,,,
CAL004459,2026-02-20,2026,Term 1,Grade 4,Friday,4,13:00,14:00,Science,,,
CAL004460,2026-02-20,2026,Term 1,Grade 4,Friday,5,14:00,15:00,Humanities,,,
CAL004461,2026-02-20,2026,Term 1,Grade 5,Friday,1,08:45,09:45,Health and Physical Education,,,
CAL004462,2026-02-20,2026,Term 1,Grade 5,Friday,2,09:45,10:45,Mathematics,,,
CAL004463,2026-02-20,2026,Term 1,Grade 5,Friday,3,11:15,12:15,English,,,
CAL004464,2026-02-20,2026,Term 1,Grade 5,Friday,4,13:00,14:00,Science,,,
CAL004465,2026-02-20,2026,Term 1,Grade 5,Friday,5,14:00,15:00,Humanities,,,
CAL004466,2026-02-20,2026,Term 1,Grade 6,Friday,1,08:45,09:45,Design and Technology,,,
CAL004467,2026-02-20,2026,Term 1,Grade 6,Friday,2,09:45,10:45,Mathematics,,,
CAL004468,2026-02-20,2026,Term 1,Grade 6,Friday,3,11:15,12:15,English,,,
CAL004469,2026-02-20,2026,Term 1,Grade 6,Friday,4,13:00,14:00,Science,,,
CAL004470,2026-02-20,2026,Term 1,Grade 6,Friday,5,14:00,15:00,Humanities,,,
CAL004471,2026-02-23,2026,Term 1,Grade 4,Monday,1,08:45,09:45,Mathematics,,,
CAL004472,2026-02-23,2026,Term 1,Grade 4,Monday,2,09:45,10:45,English,,,
CAL004473,2026-02-23,2026,Term 1,Grade 4,Monday,3,11:15,12:15,Science,,,
CAL004474,2026-02-23,2026,Term 1,Grade 4,Monday,4,13:00,14:00,Humanities,,,
CAL004475,2026-02-23,2026,Term 1,Grade 4,Monday,5,14:00,15:00,Arts,,,
CAL004476,2026-02-23,2026,Term 1,Grade 5,Monday,1,08:45,09:45,Mathematics,,,
CAL004477,2026-02-23,2026,Term 1,Grade 5,Monday,2,09:45,10:45,English,,,
CAL004478,2026-02-23,2026,Term 1,Grade 5,Monday,3,11:15,12:15,Science,,,
CAL004479,2026-02-23,2026,Term 1,Grade 5,Monday,4,13:00,14:00,Humanities,,,
CAL004480,2026-02-23,2026,Term 1,Grade 5,Monday,5,14:00,15:00,Health and Physical Education,,,
CAL004481,2026-02-23,2026,Term 1,Grade 6,Monday,1,08:45,09:45,Mathematics,,,
CAL004482,2026-02-23,2026,Term 1,Grade 6,Monday,2,09:45,10:45,English,,,
CAL004483,2026-02-23,2026,Term 1,Grade 6,Monday,3,11:15,12:15,Science,,,
CAL004484,2026-02-23,2026,Term 1,Grade 6,Monday,4,13:00,14:00,Humanities,,,
CAL004485,2026-02-23,2026,Term 1,Grade 6,Monday,5,14:00,15:00,Design and Technology,,,
CAL004486,2026-02-24,2026,Term 1,Grade 4,Tuesday,1,08:45,09:45,English,,,
CAL004487,2026-02-24,2026,Term 1,Grade 4,Tuesday,2,09:45,10:45,Science,,,
CAL004488,2026-02-24,2026,Term 1,Grade 4,Tuesday,3,11:15,12:15,Humanities,,,
CAL004489,2026-02-24,2026,Term 1,Grade 4,Tuesday,4,13:00,14:00,Arts,,,
CAL004490,2026-02-24,2026,Term 1,Grade 4,Tuesday,5,14:00,15:00,Mathematics,,,
CAL004491,2026-02-24,2026,Term 1,Grade 5,Tuesday,1,08:45,09:45,English,,,
CAL004492,2026-02-24,2026,Term 1,Grade 5,Tuesday,2,09:45,10:45,Science,,,
CAL004493,2026-02-24,2026,Term 1,Grade 5,Tuesday,3,11:15,12:15,Humanities,,,
CAL004494,2026-02-24,2026,Term 1,Grade 5,Tuesday,4,13:00,14:00,Health and Physical Education,,,
CAL004495,2026-02-24,2026,Term 1,Grade 5,Tuesday,5,14:00,15:00,Mathematics,,,
CAL004496,2026-02-24,2026,Term 1,Grade 6,Tuesday,1,08:45,09:45,English,,,
CAL004497,2026-02-24,2026,Term 1,Grade 6,Tuesday,2,09:45,10:45,Science,,,
CAL004498,2026-02-24,2026,Term 1,Grade 6,Tuesday,3,11:15,12:15,Humanities,,,
CAL004499,2026-02-24,2026,Term 1,Grade 6,Tuesday,4,13:00,14:00,Design and Technology,,,
CAL004500,2026-02-24,2026,Term 1,Grade 6,Tuesday,5,14:00,15:00,Mathematics,,,
CAL004501,2026-02-25,2026,Term 1,Grade 4,Wednesday,1,08:45,09:45,Science,,,
CAL004502,2026-02-25,2026,Term 1,Grade 4,Wednesday,2,09:45,10:45,Humanities,,,
CAL004503,2026-02-25,2026,Term 1,Grade 4,Wednesday,3,11:15,12:15,Arts,,,
CAL004504,2026-02-25,2026,Term 1,Grade 4,Wednesday,4,13:00,14:00,Mathematics,,,
CAL004505,2026-02-25,2026,Term 1,Grade 4,Wednesday,5,14:00,15:00,English,,,
CAL004506,2026-02-25,2026,Term 1,Grade 5,Wednesday,1,08:45,09:45,Science,,,
CAL004507,2026-02-25,2026,Term 1,Grade 5,Wednesday,2,09:45,10:45,Humanities,,,
CAL004508,2026-02-25,2026,Term 1,Grade 5,Wednesday,3,11:15,12:15,Health and Physical Education,,,
CAL004509,2026-02-25,2026,Term 1,Grade 5,Wednesday,4,13:00,14:00,Mathematics,,,
CAL004510,2026-02-25,2026,Term 1,Grade 5,Wednesday,5,14:00,15:00,English,,,
CAL004511,2026-02-25,2026,Term 1,Grade 6,Wednesday,1,08:45,09:45,Science,,,
CAL004512,2026-02-25,2026,Term 1,Grade 6,Wednesday,2,09:45,10:45,Humanities,,,
CAL004513,2026-02-25,2026,Term 1,Grade 6,Wednesday,3,11:15,12:15,Design and Technology,,,
CAL004514,2026-02-25,2026,Term 1,Grade 6,Wednesday,4,13:00,14:00,Mathematics,,,
CAL004515,2026-02-25,2026,Term 1,Grade 6,Wednesday,5,14:00,15:00,English,,,
CAL004516,2026-02-26,2026,Term 1,Grade 4,Thursday,1,08:45,09:45,Humanities,,,
CAL004517,2026-02-26,2026,Term 1,Grade 4,Thursday,2,09:45,10:45,Arts,,,
CAL004518,2026-02-26,2026,Term 1,Grade 4,Thursday,3,11:15,12:15,Mathematics,,,
CAL004519,2026-02-26,2026,Term 1,Grade 4,Thursday,4,13:00,14:00,English,,,
CAL004520,2026-02-26,2026,Term 1,Grade 4,Thursday,5,14:00,15:00,Science,,,
CAL004521,2026-02-26,2026,Term 1,Grade 5,Thursday,1,08:45,09:45,Humanities,,,
CAL004522,2026-02-26,2026,Term 1,Grade 5,Thursday,2,09:45,10:45,Health and Physical Education,,,
CAL004523,2026-02-26,2026,Term 1,Grade 5,Thursday,3,11:15,12:15,Mathematics,,,
CAL004524,2026-02-26,2026,Term 1,Grade 5,Thursday,4,13:00,14:00,English,,,
CAL004525,2026-02-26,2026,Term 1,Grade 5,Thursday,5,14:00,15:00,Science,,,
CAL004526,2026-02-26,2026,Term 1,Grade 6,Thursday,1,08:45,09:45,Humanities,,,
CAL004527,2026-02-26,2026,Term 1,Grade 6,Thursday,2,09:45,10:45,Design and Technology,,,
CAL004528,2026-02-26,2026,Term 1,Grade 6,Thursday,3,11:15,12:15,Mathematics,,,
CAL004529,2026-02-26,2026,Term 1,Grade 6,Thursday,4,13:00,14:00,English,,,
CAL004530,2026-02-26,2026,Term 1,Grade 6,Thursday,5,14:00,15:00,Science,,,
CAL004531,2026-02-27,2026,Term 1,Grade 4,Friday,1,08:45,09:45,Arts,,,
CAL004532,2026-02-27,2026,Term 1,Grade 4,Friday,2,09:45,10:45,Mathematics,,,
CAL004533,2026-02-27,2026,Term 1,Grade 4,Friday,3,11:15,12:15,English,,,
CAL004534,2026-02-27,2026,Term 1,Grade 4,Friday,4,13:00,14:00,Science,,,
CAL004535,2026-02-27,2026,Term 1,Grade 4,Friday,5,14:00,15:00,Humanities,,,
CAL004536,2026-02-27,2026,Term 1,Grade 5,Friday,1,08:45,09:45,Health and Physical Education,,,
CAL004537,2026-02-27,2026,Term 1,Grade 5,Friday,2,09:45,10:45,Mathematics,,,
CAL004538,2026-02-27,2026,Term 1,Grade 5,Friday,3,11:15,12:15,English,,,
CAL004539,2026-02-27,2026,Term 1,Grade 5,Friday,4,13:00,14:00,Science,,,
CAL004540,2026-02-27,2026,Term 1,Grade 5,Friday,5,14:00,15:00,Humanities,,,
CAL004541,2026-02-27,2026,Term 1,Grade 6,Friday,1,08:45,09:45,Design and Technology,,,
CAL004542,2026-02-27,2026,Term 1,Grade 6,Friday,2,09:45,10:45,Mathematics,,,
CAL004543,2026-02-27,2026,Term 1,Grade 6,Friday,3,11:15,12:15,English,,,
CAL004544,2026-02-27,2026,Term 1,Grade 6,Friday,4,13:00,14:00,Science,,,
CAL004545,2026-02-27,2026,Term 1,Grade 6,Friday,5,14:00,15:00,Humanities,,,
CAL004546,2026-03-02,2026,Term 1,Grade 4,Monday,1,08:45,09:45,Mathematics,,,
CAL004547,2026-03-02,2026,Term 1,Grade 4,Monday,2,09:45,10:45,English,,,
CAL004548,2026-03-02,2026,Term 1,Grade 4,Monday,3,11:15,12:15,Science,,,
CAL004549,2026-03-02,2026,Term 1,Grade 4,Monday,4,13:00,14:00,Humanities,,,
CAL004550,2026-03-02,2026,Term 1,Grade 4,Monday,5,14:00,15:00,Arts,,,
CAL004551,2026-03-02,2026,Term 1,Grade 5,Monday,1,08:45,09:45,Mathematics,,,
CAL004552,2026-03-02,2026,Term 1,Grade 5,Monday,2,09:45,10:45,English,,,
CAL004553,2026-03-02,2026,Term 1,Grade 5,Monday,3,11:15,12:15,Science,,,
CAL004554,2026-03-02,2026,Term 1,Grade 5,Monday,4,13:00,14:00,Humanities,,,
CAL004555,2026-03-02,2026,Term 1,Grade 5,Monday,5,14:00,15:00,Health and Physical Education,,,
CAL004556,2026-03-02,2026,Term 1,Grade 6,Monday,1,08:45,09:45,Mathematics,,,
CAL004557,2026-03-02,2026,Term 1,Grade 6,Monday,2,09:45,10:45,English,,,
CAL004558,2026-03-02,2026,Term 1,Grade 6,Monday,3,11:15,12:15,Science,,,
CAL004559,2026-03-02,2026,Term 1,Grade 6,Monday,4,13:00,14:00,Humanities,,,
CAL004560,2026-03-02,2026,Term 1,Grade 6,Monday,5,14:00,15:00,Design and Technology,,,
CAL004561,2026-03-03,2026,Term 1,Grade 4,Tuesday,1,08:45,09:45,English,,,
CAL004562,2026-03-03,2026,Term 1,Grade 4,Tuesday,2,09:45,10:45,Science,,,
CAL004563,2026-03-03,2026,Term 1,Grade 4,Tuesday,3,11:15,12:15,Humanities,,,
CAL004564,2026-03-03,2026,Term 1,Grade 4,Tuesday,4,13:00,14:00,Arts,,,
CAL004565,2026-03-03,2026,Term 1,Grade 4,Tuesday,5,14:00,15:00,Mathematics,,,
CAL004566,2026-03-03,2026,Term 1,Grade 5,Tuesday,1,08:45,09:45,English,,,
CAL004567,2026-03-03,2026,Term 1,Grade 5,Tuesday,2,09:45,10:45,Science,,,
CAL004568,2026-03-03,2026,Term 1,Grade 5,Tuesday,3,11:15,12:15,Humanities,,,
CAL004569,2026-03-03,2026,Term 1,Grade 5,Tuesday,4,13:00,14:00,Health and Physical Education,,,
CAL004570,2026-03-03,2026,Term 1,Grade 5,Tuesday,5,14:00,15:00,Mathematics,,,
CAL004571,2026-03-03,2026,Term 1,Grade 6,Tuesday,1,08:45,09:45,English,,,
CAL004572,2026-03-03,2026,Term 1,Grade 6,Tuesday,2,09:45,10:45,Science,,,
CAL004573,2026-03-03,2026,Term 1,Grade 6,Tuesday,3,11:15,12:15,Humanities,,,
CAL004574,2026-03-03,2026,Term 1,Grade 6,Tuesday,4,13:00,14:00,Design and Technology,,,
CAL004575,2026-03-03,2026,Term 1,Grade 6,Tuesday,5,14:00,15:00,Mathematics,,,
CAL004576,2026-03-04,2026,Term 1,Grade 4,Wednesday,1,08:45,09:45,Science,,,
CAL004577,2026-03-04,2026,Term 1,Grade 4,Wednesday,2,09:45,10:45,Humanities,,,
CAL004578,2026-03-04,2026,Term 1,Grade 4,Wednesday,3,11:15,12:15,Arts,,,
CAL004579,2026-03-04,2026,Term 1,Grade 4,Wednesday,4,13:00,14:00,Mathematics,,,
CAL004580,2026-03-04,2026,Term 1,Grade 4,Wednesday,5,14:00,15:00,English,,,
CAL004581,2026-03-04,2026,Term 1,Grade 5,Wednesday,1,08:45,09:45,Science,,,
CAL004582,2026-03-04,2026,Term 1,Grade 5,Wednesday,2,09:45,10:45,Humanities,,,
CAL004583,2026-03-04,2026,Term 1,Grade 5,Wednesday,3,11:15,12:15,Health and Physical Education,,,
CAL004584,2026-03-04,2026,Term 1,Grade 5,Wednesday,4,13:00,14:00,Mathematics,,,
CAL004585,2026-03-04,2026,Term 1,Grade 5,Wednesday,5,14:00,15:00,English,,,
CAL004586,2026-03-04,2026,Term 1,Grade 6,Wednesday,1,08:45,09:45,Science,,,
CAL004587,2026-03-04,2026,Term 1,Grade 6,Wednesday,2,09:45,10:45,Humanities,,,
CAL004588,2026-03-04,2026,Term 1,Grade 6,Wednesday,3,11:15,12:15,Design and Technology,,,
CAL004589,2026-03-04,2026,Term 1,Grade 6,Wednesday,4,13:00,14:00,Mathematics,,,
CAL004590,2026-03-04,2026,Term 1,Grade 6,Wednesday,5,14:00,15:00,English,,,
CAL004591,2026-03-05,2026,Term 1,Grade 4,Thursday,1,08:45,09:45,Humanities,,,
CAL004592,2026-03-05,2026,Term 1,Grade 4,Thursday,2,09:45,10:45,Arts,,,
CAL004593,2026-03-05,2026,Term 1,Grade 4,Thursday,3,11:15,12:15,Mathematics,,,
CAL004594,2026-03-05,2026,Term 1,Grade 4,Thursday,4,13:00,14:00,English,,,
CAL004595,2026-03-05,2026,Term 1,Grade 4,Thursday,5,14:00,15:00,Science,,,
CAL004596,2026-03-05,2026,Term 1,Grade 5,Thursday,1,08:45,09:45,Humanities,,,
CAL004597,2026-03-05,2026,Term 1,Grade 5,Thursday,2,09:45,10:45,Health and Physical Education,,,
CAL004598,2026-03-05,2026,Term 1,Grade 5,Thursday,3,11:15,12:15,Mathematics,,,
CAL004599,2026-03-05,2026,Term 1,Grade 5,Thursday,4,13:00,14:00,English,,,
CAL004600,2026-03-05,2026,Term 1,Grade 5,Thursday,5,14:00,15:00,Science,,,
CAL004601,2026-03-05,2026,Term 1,Grade 6,Thursday,1,08:45,09:45,Humanities,,,
CAL004602,2026-03-05,2026,Term 1,Grade 6,Thursday,2,09:45,10:45,Design and Technology,,,
CAL004603,2026-03-05,2026,Term 1,Grade 6,Thursday,3,11:15,12:15,Mathematics,,,
CAL004604,2026-03-05,2026,Term 1,Grade 6,Thursday,4,13:00,14:00,English,,,
CAL004605,2026-03-05,2026,Term 1,Grade 6,Thursday,5,14:00,15:00,Science,,,
CAL004606,2026-03-06,2026,Term 1,Grade 4,Friday,1,08:45,09:45,Arts,,,
CAL004607,2026-03-06,2026,Term 1,Grade 4,Friday,2,09:45,10:45,Mathematics,,,
CAL004608,2026-03-06,2026,Term 1,Grade 4,Friday,3,11:15,12:15,English,,,
CAL004609,2026-03-06,2026,Term 1,Grade 4,Friday,4,13:00,14:00,Science,,,
CAL004610,2026-03-06,2026,Term 1,Grade 4,Friday,5,14:00,15:00,Humanities,,,
CAL004611,2026-03-06,2026,Term 1,Grade 5,Friday,1,08:45,09:45,Health and Physical Education,,,
CAL004612,2026-03-06,2026,Term 1,Grade 5,Friday,2,09:45,10:45,Mathematics,,,
CAL004613,2026-03-06,2026,Term 1,Grade 5,Friday,3,11:15,12:15,English,,,
CAL004614,2026-03-06,2026,Term 1,Grade 5,Friday,4,13:00,14:00,Science,,,
CAL004615,2026-03-06,2026,Term 1,Grade 5,Friday,5,14:00,15:00,Humanities,,,
CAL004616,2026-03-06,2026,Term 1,Grade 6,Friday,1,08:45,09:45,Design and Technology,,,
CAL004617,2026-03-06,2026,Term 1,Grade 6,Friday,2,09:45,10:45,Mathematics,,,
CAL004618,2026-03-06,2026,Term 1,Grade 6,Friday,3,11:15,12:15,English,,,
CAL004619,2026-03-06,2026,Term 1,Grade 6,Friday,4,13:00,14:00,Science,,,
CAL004620,2026-03-06,2026,Term 1,Grade 6,Friday,5,14:00,15:00,Humanities,,,
CAL004621,2026-03-09,2026,Term 1,Grade 4,Monday,1,08:45,09:45,Mathematics,,,
CAL004622,2026-03-09,2026,Term 1,Grade 4,Monday,2,09:45,10:45,English,,,
CAL004623,2026-03-09,2026,Term 1,Grade 4,Monday,3,11:15,12:15,Science,,,
CAL004624,2026-03-09,2026,Term 1,Grade 4,Monday,4,13:00,14:00,Humanities,,,
CAL004625,2026-03-09,2026,Term 1,Grade 4,Monday,5,14:00,15:00,Arts,,,
CAL004626,2026-03-09,2026,Term 1,Grade 5,Monday,1,08:45,09:45,Mathematics,,,
CAL004627,2026-03-09,2026,Term 1,Grade 5,Monday,2,09:45,10:45,English,,,
CAL004628,2026-03-09,2026,Term 1,Grade 5,Monday,3,11:15,12:15,Science,,,
CAL004629,2026-03-09,2026,Term 1,Grade 5,Monday,4,13:00,14:00,Humanities,,,
CAL004630,2026-03-09,2026,Term 1,Grade 5,Monday,5,14:00,15:00,Health and Physical Education,,,
CAL004631,2026-03-09,2026,Term 1,Grade 6,Monday,1,08:45,09:45,Mathematics,,,
CAL004632,2026-03-09,2026,Term 1,Grade 6,Monday,2,09:45,10:45,English,,,
CAL004633,2026-03-09,2026,Term 1,Grade 6,Monday,3,11:15,12:15,Science,,,
CAL004634,2026-03-09,2026,Term 1,Grade 6,Monday,4,13:00,14:00,Humanities,,,
CAL004635,2026-03-09,2026,Term 1,Grade 6,Monday,5,14:00,15:00,Design and Technology,,,
CAL004636,2026-03-10,2026,Term 1,Grade 4,Tuesday,1,08:45,09:45,English,,,
CAL004637,2026-03-10,2026,Term 1,Grade 4,Tuesday,2,09:45,10:45,Science,,,
CAL004638,2026-03-10,2026,Term 1,Grade 4,Tuesday,3,11:15,12:15,Humanities,,,
CAL004639,2026-03-10,2026,Term 1,Grade 4,Tuesday,4,13:00,14:00,Arts,,,
CAL004640,2026-03-10,2026,Term 1,Grade 4,Tuesday,5,14:00,15:00,Mathematics,,,
CAL004641,2026-03-10,2026,Term 1,Grade 5,Tuesday,1,08:45,09:45,English,,,
CAL004642,2026-03-10,2026,Term 1,Grade 5,Tuesday,2,09:45,10:45,Science,,,
CAL004643,2026-03-10,2026,Term 1,Grade 5,Tuesday,3,11:15,12:15,Humanities,,,
CAL004644,2026-03-10,2026,Term 1,Grade 5,Tuesday,4,13:00,14:00,Health and Physical Education,,,
CAL004645,2026-03-10,2026,Term 1,Grade 5,Tuesday,5,14:00,15:00,Mathematics,,,
CAL004646,2026-03-10,2026,Term 1,Grade 6,Tuesday,1,08:45,09:45,English,,,
CAL004647,2026-03-10,2026,Term 1,Grade 6,Tuesday,2,09:45,10:45,Science,,,
CAL004648,2026-03-10,2026,Term 1,Grade 6,Tuesday,3,11:15,12:15,Humanities,,,
CAL004649,2026-03-10,2026,Term 1,Grade 6,Tuesday,4,13:00,14:00,Design and Technology,,,
CAL004650,2026-03-10,2026,Term 1,Grade 6,Tuesday,5,14:00,15:00,Mathematics,,,
CAL004651,2026-03-11,2026,Term 1,Grade 4,Wednesday,1,08:45,09:45,Science,,,
CAL004652,2026-03-11,2026,Term 1,Grade 4,Wednesday,2,09:45,10:45,Humanities,,,
CAL004653,2026-03-11,2026,Term 1,Grade 4,Wednesday,3,11:15,12:15,Arts,,,
CAL004654,2026-03-11,2026,Term 1,Grade 4,Wednesday,4,13:00,14:00,Mathematics,,,
CAL004655,2026-03-11,2026,Term 1,Grade 4,Wednesday,5,14:00,15:00,English,,,
CAL004656,2026-03-11,2026,Term 1,Grade 5,Wednesday,1,08:45,09:45,Science,,,
CAL004657,2026-03-11,2026,Term 1,Grade 5,Wednesday,2,09:45,10:45,Humanities,,,
CAL004658,2026-03-11,2026,Term 1,Grade 5,Wednesday,3,11:15,12:15,Health and Physical Education,,,
CAL004659,2026-03-11,2026,Term 1,Grade 5,Wednesday,4,13:00,14:00,Mathematics,,,
CAL004660,2026-03-11,2026,Term 1,Grade 5,Wednesday,5,14:00,15:00,English,,,
CAL004661,2026-03-11,2026,Term 1,Grade 6,Wednesday,1,08:45,09:45,Science,,,
CAL004662,2026-03-11,2026,Term 1,Grade 6,Wednesday,2,09:45,10:45,Humanities,,,
CAL004663,2026-03-11,2026,Term 1,Grade 6,Wednesday,3,11:15,12:15,Design and Technology,,,
CAL004664,2026-03-11,2026,Term 1,Grade 6,Wednesday,4,13:00,14:00,Mathematics,,,
CAL004665,2026-03-11,2026,Term 1,Grade 6,Wednesday,5,14:00,15:00,English,,,
CAL004666,2026-03-12,2026,Term 1,Grade 4,Thursday,1,08:45,09:45,Humanities,,,
CAL004667,2026-03-12,2026,Term 1,Grade 4,Thursday,2,09:45,10:45,Arts,,,
CAL004668,2026-03-12,2026,Term 1,Grade 4,Thursday,3,11:15,12:15,Mathematics,,,
CAL004669,2026-03-12,2026,Term 1,Grade 4,Thursday,4,13:00,14:00,English,,,
CAL004670,2026-03-12,2026,Term 1,Grade 4,Thursday,5,14:00,15:00,Science,,,
CAL004671,2026-03-12,2026,Term 1,Grade 5,Thursday,1,08:45,09:45,Humanities,,,
CAL004672,2026-03-12,2026,Term 1,Grade 5,Thursday,2,09:45,10:45,Health and Physical Education,,,
CAL004673,2026-03-12,2026,Term 1,Grade 5,Thursday,3,11:15,12:15,Mathematics,,,
CAL004674,2026-03-12,2026,Term 1,Grade 5,Thursday,4,13:00,14:00,English,,,
CAL004675,2026-03-12,2026,Term 1,Grade 5,Thursday,5,14:00,15:00,Science,,,
CAL004676,2026-03-12,2026,Term 1,Grade 6,Thursday,1,08:45,09:45,Humanities,,,
CAL004677,2026-03-12,2026,Term 1,Grade 6,Thursday,2,09:45,10:45,Design and Technology,,,
CAL004678,2026-03-12,2026,Term 1,Grade 6,Thursday,3,11:15,12:15,Mathematics,,,
CAL004679,2026-03-12,2026,Term 1,Grade 6,Thursday,4,13:00,14:00,English,,,
CAL004680,2026-03-12,2026,Term 1,Grade 6,Thursday,5,14:00,15:00,Science,,,
CAL004681,2026-03-13,2026,Term 1,Grade 4,Friday,1,08:45,09:45,Arts,,,
CAL004682,2026-03-13,2026,Term 1,Grade 4,Friday,2,09:45,10:45,Mathematics,,,
CAL004683,2026-03-13,2026,Term 1,Grade 4,Friday,3,11:15,12:15,English,,,
CAL004684,2026-03-13,2026,Term 1,Grade 4,Friday,4,13:00,14:00,Science,,,
CAL004685,2026-03-13,2026,Term 1,Grade 4,Friday,5,14:00,15:00,Humanities,,,
CAL004686,2026-03-13,2026,Term 1,Grade 5,Friday,1,08:45,09:45,Health and Physical Education,,,
CAL004687,2026-03-13,2026,Term 1,Grade 5,Friday,2,09:45,10:45,Mathematics,,,
CAL004688,2026-03-13,2026,Term 1,Grade 5,Friday,3,11:15,12:15,English,,,
CAL004689,2026-03-13,2026,Term 1,Grade 5,Friday,4,13:00,14:00,Science,,,
CAL004690,2026-03-13,2026,Term 1,Grade 5,Friday,5,14:00,15:00,Humanities,,,
CAL004691,2026-03-13,2026,Term 1,Grade 6,Friday,1,08:45,09:45,Design and Technology,,,
CAL004692,2026-03-13,2026,Term 1,Grade 6,Friday,2,09:45,10:45,Mathematics,,,
CAL004693,2026-03-13,2026,Term 1,Grade 6,Friday,3,11:15,12:15,English,,,
CAL004694,2026-03-13,2026,Term 1,Grade 6,Friday,4,13:00,14:00,Science,,,
CAL004695,2026-03-13,2026,Term 1,Grade 6,Friday,5,14:00,15:00,Humanities,,,
CAL004696,2026-03-16,2026,Term 1,Grade 4,Monday,1,08:45,09:45,Mathematics,,,
CAL004697,2026-03-16,2026,Term 1,Grade 4,Monday,2,09:45,10:45,English,,,
CAL004698,2026-03-16,2026,Term 1,Grade 4,Monday,3,11:15,12:15,Science,,,
CAL004699,2026-03-16,2026,Term 1,Grade 4,Monday,4,13:00,14:00,Humanities,,,
CAL004700,2026-03-16,2026,Term 1,Grade 4,Monday,5,14:00,15:00,Arts,,,
CAL004701,2026-03-16,2026,Term 1,Grade 5,Monday,1,08:45,09:45,Mathematics,,,
CAL004702,2026-03-16,2026,Term 1,Grade 5,Monday,2,09:45,10:45,English,,,
CAL004703,2026-03-16,2026,Term 1,Grade 5,Monday,3,11:15,12:15,Science,,,
CAL004704,2026-03-16,2026,Term 1,Grade 5,Monday,4,13:00,14:00,Humanities,,,
CAL004705,2026-03-16,2026,Term 1,Grade 5,Monday,5,14:00,15:00,Health and Physical Education,,,
CAL004706,2026-03-16,2026,Term 1,Grade 6,Monday,1,08:45,09:45,Mathematics,,,
CAL004707,2026-03-16,2026,Term 1,Grade 6,Monday,2,09:45,10:45,English,,,
CAL004708,2026-03-16,2026,Term 1,Grade 6,Monday,3,11:15,12:15,Science,,,
CAL004709,2026-03-16,2026,Term 1,Grade 6,Monday,4,13:00,14:00,Humanities,,,
CAL004710,2026-03-16,2026,Term 1,Grade 6,Monday,5,14:00,15:00,Design and Technology,,,
CAL004711,2026-03-17,2026,Term 1,Grade 4,Tuesday,1,08:45,09:45,English,,,
CAL004712,2026-03-17,2026,Term 1,Grade 4,Tuesday,2,09:45,10:45,Science,,,
CAL004713,2026-03-17,2026,Term 1,Grade 4,Tuesday,3,11:15,12:15,Humanities,,,
CAL004714,2026-03-17,2026,Term 1,Grade 4,Tuesday,4,13:00,14:00,Arts,,,
CAL004715,2026-03-17,2026,Term 1,Grade 4,Tuesday,5,14:00,15:00,Mathematics,,,
CAL004716,2026-03-17,2026,Term 1,Grade 5,Tuesday,1,08:45,09:45,English,,,
CAL004717,2026-03-17,2026,Term 1,Grade 5,Tuesday,2,09:45,10:45,Science,,,
CAL004718,2026-03-17,2026,Term 1,Grade 5,Tuesday,3,11:15,12:15,Humanities,,,
CAL004719,2026-03-17,2026,Term 1,Grade 5,Tuesday,4,13:00,14:00,Health and Physical Education,,,
CAL004720,2026-03-17,2026,Term 1,Grade 5,Tuesday,5,14:00,15:00,Mathematics,,,
CAL004721,2026-03-17,2026,Term 1,Grade 6,Tuesday,1,08:45,09:45,English,,,
CAL004722,2026-03-17,2026,Term 1,Grade 6,Tuesday,2,09:45,10:45,Science,,,
CAL004723,2026-03-17,2026,Term 1,Grade 6,Tuesday,3,11:15,12:15,Humanities,,,
CAL004724,2026-03-17,2026,Term 1,Grade 6,Tuesday,4,13:00,14:00,Design and Technology,,,
CAL004725,2026-03-17,2026,Term 1,Grade 6,Tuesday,5,14:00,15:00,Mathematics,,,
CAL004726,2026-03-18,2026,Term 1,Grade 4,Wednesday,1,08:45,09:45,Science,,,
CAL004727,2026-03-18,2026,Term 1,Grade 4,Wednesday,2,09:45,10:45,Humanities,,,
CAL004728,2026-03-18,2026,Term 1,Grade 4,Wednesday,3,11:15,12:15,Arts,,,
CAL004729,2026-03-18,2026,Term 1,Grade 4,Wednesday,4,13:00,14:00,Mathematics,,,
CAL004730,2026-03-18,2026,Term 1,Grade 4,Wednesday,5,14:00,15:00,English,,,
CAL004731,2026-03-18,2026,Term 1,Grade 5,Wednesday,1,08:45,09:45,Science,,,
CAL004732,2026-03-18,2026,Term 1,Grade 5,Wednesday,2,09:45,10:45,Humanities,,,
CAL004733,2026-03-18,2026,Term 1,Grade 5,Wednesday,3,11:15,12:15,Health and Physical Education,,,
CAL004734,2026-03-18,2026,Term 1,Grade 5,Wednesday,4,13:00,14:00,Mathematics,,,
CAL004735,2026-03-18,2026,Term 1,Grade 5,Wednesday,5,14:00,15:00,English,,,
CAL004736,2026-03-18,2026,Term 1,Grade 6,Wednesday,1,08:45,09:45,Science,,,
CAL004737,2026-03-18,2026,Term 1,Grade 6,Wednesday,2,09:45,10:45,Humanities,,,
CAL004738,2026-03-18,2026,Term 1,Grade 6,Wednesday,3,11:15,12:15,Design and Technology,,,
CAL004739,2026-03-18,2026,Term 1,Grade 6,Wednesday,4,13:00,14:00,Mathematics,,,
CAL004740,2026-03-18,2026,Term 1,Grade 6,Wednesday,5,14:00,15:00,English,,,
CAL004741,2026-03-19,2026,Term 1,Grade 4,Thursday,1,08:45,09:45,Humanities,,,
CAL004742,2026-03-19,2026,Term 1,Grade 4,Thursday,2,09:45,10:45,Arts,,,
CAL004743,2026-03-19,2026,Term 1,Grade 4,Thursday,3,11:15,12:15,Mathematics,,,
CAL004744,2026-03-19,2026,Term 1,Grade 4,Thursday,4,13:00,14:00,English,,,
CAL004745,2026-03-19,2026,Term 1,Grade 4,Thursday,5,14:00,15:00,Science,,,
CAL004746,2026-03-19,2026,Term 1,Grade 5,Thursday,1,08:45,09:45,Humanities,,,
CAL004747,2026-03-19,2026,Term 1,Grade 5,Thursday,2,09:45,10:45,Health and Physical Education,,,
CAL004748,2026-03-19,2026,Term 1,Grade 5,Thursday,3,11:15,12:15,Mathematics,,,
CAL004749,2026-03-19,2026,Term 1,Grade 5,Thursday,4,13:00,14:00,English,,,
CAL004750,2026-03-19,2026,Term 1,Grade 5,Thursday,5,14:00,15:00,Science,,,
CAL004751,2026-03-19,2026,Term 1,Grade 6,Thursday,1,08:45,09:45,Humanities,,,
CAL004752,2026-03-19,2026,Term 1,Grade 6,Thursday,2,09:45,10:45,Design and Technology,,,
CAL004753,2026-03-19,2026,Term 1,Grade 6,Thursday,3,11:15,12:15,Mathematics,,,
CAL004754,2026-03-19,2026,Term 1,Grade 6,Thursday,4,13:00,14:00,English,,,
CAL004755,2026-03-19,2026,Term 1,Grade 6,Thursday,5,14:00,15:00,Science,,,
CAL004756,2026-03-20,2026,Term 1,Grade 4,Friday,1,08:45,09:45,Arts,,,
CAL004757,2026-03-20,2026,Term 1,Grade 4,Friday,2,09:45,10:45,Mathematics,,,
CAL004758,2026-03-20,2026,Term 1,Grade 4,Friday,3,11:15,12:15,English,,,
CAL004759,2026-03-20,2026,Term 1,Grade 4,Friday,4,13:00,14:00,Science,,,
CAL004760,2026-03-20,2026,Term 1,Grade 4,Friday,5,14:00,15:00,Humanities,,,
CAL004761,2026-03-20,2026,Term 1,Grade 5,Friday,1,08:45,09:45,Health and Physical Education,,,
CAL004762,2026-03-20,2026,Term 1,Grade 5,Friday,2,09:45,10:45,Mathematics,,,
CAL004763,2026-03-20,2026,Term 1,Grade 5,Friday,3,11:15,12:15,English,,,
CAL004764,2026-03-20,2026,Term 1,Grade 5,Friday,4,13:00,14:00,Science,,,
CAL004765,2026-03-20,2026,Term 1,Grade 5,Friday,5,14:00,15:00,Humanities,,,
CAL004766,2026-03-20,2026,Term 1,Grade 6,Friday,1,08:45,09:45,Design and Technology,,,
CAL004767,2026-03-20,2026,Term 1,Grade 6,Friday,2,09:45,10:45,Mathematics,,,
CAL004768,2026-03-20,2026,Term 1,Grade 6,Friday,3,11:15,12:15,English,,,
CAL004769,2026-03-20,2026,Term 1,Grade 6,Friday,4,13:00,14:00,Science,,,
CAL004770,2026-03-20,2026,Term 1,Grade 6,Friday,5,14:00,15:00,Humanities,,,
CAL004771,2026-03-23,2026,Term 1,Grade 4,Monday,1,08:45,09:45,Mathematics,,,
CAL004772,2026-03-23,2026,Term 1,Grade 4,Monday,2,09:45,10:45,English,,,
CAL004773,2026-03-23,2026,Term 1,Grade 4,Monday,3,11:15,12:15,Science,,,
CAL004774,2026-03-23,2026,Term 1,Grade 4,Monday,4,13:00,14:00,Humanities,,,
CAL004775,2026-03-23,2026,Term 1,Grade 4,Monday,5,14:00,15:00,Arts,,,
CAL004776,2026-03-23,2026,Term 1,Grade 5,Monday,1,08:45,09:45,Mathematics,,,
CAL004777,2026-03-23,2026,Term 1,Grade 5,Monday,2,09:45,10:45,English,,,
CAL004778,2026-03-23,2026,Term 1,Grade 5,Monday,3,11:15,12:15,Science,,,
CAL004779,2026-03-23,2026,Term 1,Grade 5,Monday,4,13:00,14:00,Humanities,,,
CAL004780,2026-03-23,2026,Term 1,Grade 5,Monday,5,14:00,15:00,Health and Physical Education,,,
CAL004781,2026-03-23,2026,Term 1,Grade 6,Monday,1,08:45,09:45,Mathematics,,,
CAL004782,2026-03-23,2026,Term 1,Grade 6,Monday,2,09:45,10:45,English,,,
CAL004783,2026-03-23,2026,Term 1,Grade 6,Monday,3,11:15,12:15,Science,,,
CAL004784,2026-03-23,2026,Term 1,Grade 6,Monday,4,13:00,14:00,Humanities,,,
CAL004785,2026-03-23,2026,Term 1,Grade 6,Monday,5,14:00,15:00,Design and Technology,,,
CAL004786,2026-03-24,2026,Term 1,Grade 4,Tuesday,1,08:45,09:45,English,,,
CAL004787,2026-03-24,2026,Term 1,Grade 4,Tuesday,2,09:45,10:45,Science,,,
CAL004788,2026-03-24,2026,Term 1,Grade 4,Tuesday,3,11:15,12:15,Humanities,,,
CAL004789,2026-03-24,2026,Term 1,Grade 4,Tuesday,4,13:00,14:00,Arts,,,
CAL004790,2026-03-24,2026,Term 1,Grade 4,Tuesday,5,14:00,15:00,Mathematics,,,
CAL004791,2026-03-24,2026,Term 1,Grade 5,Tuesday,1,08:45,09:45,English,,,
CAL004792,2026-03-24,2026,Term 1,Grade 5,Tuesday,2,09:45,10:45,Science,,,
CAL004793,2026-03-24,2026,Term 1,Grade 5,Tuesday,3,11:15,12:15,Humanities,,,
CAL004794,2026-03-24,2026,Term 1,Grade 5,Tuesday,4,13:00,14:00,Health and Physical Education,,,
CAL004795,2026-03-24,2026,Term 1,Grade 5,Tuesday,5,14:00,15:00,Mathematics,,,
CAL004796,2026-03-24,2026,Term 1,Grade 6,Tuesday,1,08:45,09:45,English,,,
CAL004797,2026-03-24,2026,Term 1,Grade 6,Tuesday,2,09:45,10:45,Science,,,
CAL004798,2026-03-24,2026,Term 1,Grade 6,Tuesday,3,11:15,12:15,Humanities,,,
CAL004799,2026-03-24,2026,Term 1,Grade 6,Tuesday,4,13:00,14:00,Design and Technology,,,
CAL004800,2026-03-24,2026,Term 1,Grade 6,Tuesday,5,14:00,15:00,Mathematics,,,
CAL004801,2026-03-25,2026,Term 1,Grade 4,Wednesday,1,08:45,09:45,Science,,,
CAL004802,2026-03-25,2026,Term 1,Grade 4,Wednesday,2,09:45,10:45,Humanities,,,
CAL004803,2026-03-25,2026,Term 1,Grade 4,Wednesday,3,11:15,12:15,Arts,,,
CAL004804,2026-03-25,2026,Term 1,Grade 4,Wednesday,4,13:00,14:00,Mathematics,,,
CAL004805,2026-03-25,2026,Term 1,Grade 4,Wednesday,5,14:00,15:00,English,,,
CAL004806,2026-03-25,2026,Term 1,Grade 5,Wednesday,1,08:45,09:45,Science,,,
CAL004807,2026-03-25,2026,Term 1,Grade 5,Wednesday,2,09:45,10:45,Humanities,,,
CAL004808,2026-03-25,2026,Term 1,Grade 5,Wednesday,3,11:15,12:15,Health and Physical Education,,,
CAL004809,2026-03-25,2026,Term 1,Grade 5,Wednesday,4,13:00,14:00,Mathematics,,,
CAL004810,2026-03-25,2026,Term 1,Grade 5,Wednesday,5,14:00,15:00,English,,,
CAL004811,2026-03-25,2026,Term 1,Grade 6,Wednesday,1,08:45,09:45,Science,,,
CAL004812,2026-03-25,2026,Term 1,Grade 6,Wednesday,2,09:45,10:45,Humanities,,,
CAL004813,2026-03-25,2026,Term 1,Grade 6,Wednesday,3,11:15,12:15,Design and Technology,,,
CAL004814,2026-03-25,2026,Term 1,Grade 6,Wednesday,4,13:00,14:00,Mathematics,,,
CAL004815,2026-03-25,2026,Term 1,Grade 6,Wednesday,5,14:00,15:00,English,,,
CAL004816,2026-03-26,2026,Term 1,Grade 4,Thursday,1,08:45,09:45,Humanities,,,
CAL004817,2026-03-26,2026,Term 1,Grade 4,Thursday,2,09:45,10:45,Arts,,,
CAL004818,2026-03-26,2026,Term 1,Grade 4,Thursday,3,11:15,12:15,Mathematics,,,
CAL004819,2026-03-26,2026,Term 1,Grade 4,Thursday,4,13:00,14:00,English,,,
CAL004820,2026-03-26,2026,Term 1,Grade 4,Thursday,5,14:00,15:00,Science,,,
CAL004821,2026-03-26,2026,Term 1,Grade 5,Thursday,1,08:45,09:45,Humanities,,,
CAL004822,2026-03-26,2026,Term 1,Grade 5,Thursday,2,09:45,10:45,Health and Physical Education,,,
CAL004823,2026-03-26,2026,Term 1,Grade 5,Thursday,3,11:15,12:15,Mathematics,,,
CAL004824,2026-03-26,2026,Term 1,Grade 5,Thursday,4,13:00,14:00,English,,,
CAL004825,2026-03-26,2026,Term 1,Grade 5,Thursday,5,14:00,15:00,Science,,,
CAL004826,2026-03-26,2026,Term 1,Grade 6,Thursday,1,08:45,09:45,Humanities,,,
CAL004827,2026-03-26,2026,Term 1,Grade 6,Thursday,2,09:45,10:45,Design and Technology,,,
CAL004828,2026-03-26,2026,Term 1,Grade 6,Thursday,3,11:15,12:15,Mathematics,,,
CAL004829,2026-03-26,2026,Term 1,Grade 6,Thursday,4,13:00,14:00,English,,,
CAL004830,2026-03-26,2026,Term 1,Grade 6,Thursday,5,14:00,15:00,Science,,,
CAL004831,2026-03-27,2026,Term 1,Grade 4,Friday,1,08:45,09:45,Arts,,,
CAL004832,2026-03-27,2026,Term 1,Grade 4,Friday,2,09:45,10:45,Mathematics,,,
CAL004833,2026-03-27,2026,Term 1,Grade 4,Friday,3,11:15,12:15,English,,,
CAL004834,2026-03-27,2026,Term 1,Grade 4,Friday,4,13:00,14:00,Science,,,
CAL004835,2026-03-27,2026,Term 1,Grade 4,Friday,5,14:00,15:00,Humanities,,,
CAL004836,2026-03-27,2026,Term 1,Grade 5,Friday,1,08:45,09:45,Health and Physical Education,,,
CAL004837,2026-03-27,2026,Term 1,Grade 5,Friday,2,09:45,10:45,Mathematics,,,
CAL004838,2026-03-27,2026,Term 1,Grade 5,Friday,3,11:15,12:15,English,,,
CAL004839,2026-03-27,2026,Term 1,Grade 5,Friday,4,13:00,14:00,Science,,,
CAL004840,2026-03-27,2026,Term 1,Grade 5,Friday,5,14:00,15:00,Humanities,,,
CAL004841,2026-03-27,2026,Term 1,Grade 6,Friday,1,08:45,09:45,Design and Technology,,,
CAL004842,2026-03-27,2026,Term 1,Grade 6,Friday,2,09:45,10:45,Mathematics,,,
CAL004843,2026-03-27,2026,Term 1,Grade 6,Friday,3,11:15,12:15,English,,,
CAL004844,2026-03-27,2026,Term 1,Grade 6,Friday,4,13:00,14:00,Science,,,
CAL004845,2026-03-27,2026,Term 1,Grade 6,Friday,5,14:00,15:00,Humanities,,,
CAL004846,2026-03-30,2026,Term 1,Grade 4,Monday,1,08:45,09:45,Mathematics,,,
CAL004847,2026-03-30,2026,Term 1,Grade 4,Monday,2,09:45,10:45,English,,,
CAL004848,2026-03-30,2026,Term 1,Grade 4,Monday,3,11:15,12:15,Science,,,
CAL004849,2026-03-30,2026,Term 1,Grade 4,Monday,4,13:00,14:00,Humanities,,,
CAL004850,2026-03-30,2026,Term 1,Grade 4,Monday,5,14:00,15:00,Arts,,,
CAL004851,2026-03-30,2026,Term 1,Grade 5,Monday,1,08:45,09:45,Mathematics,,,
CAL004852,2026-03-30,2026,Term 1,Grade 5,Monday,2,09:45,10:45,English,,,
CAL004853,2026-03-30,2026,Term 1,Grade 5,Monday,3,11:15,12:15,Science,,,
CAL004854,2026-03-30,2026,Term 1,Grade 5,Monday,4,13:00,14:00,Humanities,,,
CAL004855,2026-03-30,2026,Term 1,Grade 5,Monday,5,14:00,15:00,Health and Physical Education,,,
CAL004856,2026-03-30,2026,Term 1,Grade 6,Monday,1,08:45,09:45,Mathematics,,,
CAL004857,2026-03-30,2026,Term 1,Grade 6,Monday,2,09:45,10:45,English,,,
CAL004858,2026-03-30,2026,Term 1,Grade 6,Monday,3,11:15,12:15,Science,,,
CAL004859,2026-03-30,2026,Term 1,Grade 6,Monday,4,13:00,14:00,Humanities,,,
CAL004860,2026-03-30,2026,Term 1,Grade 6,Monday,5,14:00,15:00,Design and Technology,,,
CAL004861,2026-03-31,2026,Term 1,Grade 4,Tuesday,1,08:45,09:45,English,,,
CAL004862,2026-03-31,2026,Term 1,Grade 4,Tuesday,2,09:45,10:45,Science,,,
CAL004863,2026-03-31,2026,Term 1,Grade 4,Tuesday,3,11:15,12:15,Humanities,,,
CAL004864,2026-03-31,2026,Term 1,Grade 4,Tuesday,4,13:00,14:00,Arts,,,
CAL004865,2026-03-31,2026,Term 1,Grade 4,Tuesday,5,14:00,15:00,Mathematics,,,
CAL004866,2026-03-31,2026,Term 1,Grade 5,Tuesday,1,08:45,09:45,English,,,
CAL004867,2026-03-31,2026,Term 1,Grade 5,Tuesday,2,09:45,10:45,Science,,,
CAL004868,2026-03-31,2026,Term 1,Grade 5,Tuesday,3,11:15,12:15,Humanities,,,
CAL004869,2026-03-31,2026,Term 1,Grade 5,Tuesday,4,13:00,14:00,Health and Physical Education,,,
CAL004870,2026-03-31,2026,Term 1,Grade 5,Tuesday,5,14:00,15:00,Mathematics,,,
CAL004871,2026-03-31,2026,Term 1,Grade 6,Tuesday,1,08:45,09:45,English,,,
CAL004872,2026-03-31,2026,Term 1,Grade 6,Tuesday,2,09:45,10:45,Science,,,
CAL004873,2026-03-31,2026,Term 1,Grade 6,Tuesday,3,11:15,12:15,Humanities,,,
CAL004874,2026-03-31,2026,Term 1,Grade 6,Tuesday,4,13:00,14:00,Design and Technology,,,
CAL004875,2026-03-31,2026,Term 1,Grade 6,Tuesday,5,14:00,15:00,Mathematics,,,
CAL004876,2026-04-01,2026,Term 2,Grade 4,Wednesday,1,08:45,09:45,Science,,,
CAL004877,2026-04-01,2026,Term 2,Grade 4,Wednesday,2,09:45,10:45,Humanities,,,
CAL004878,2026-04-01,2026,Term 2,Grade 4,Wednesday,3,11:15,12:15,Arts,,,
CAL004879,2026-04-01,2026,Term 2,Grade 4,Wednesday,4,13:00,14:00,Mathematics,,,
CAL004880,2026-04-01,2026,Term 2,Grade 4,Wednesday,5,14:00,15:00,English,,,
CAL004881,2026-04-01,2026,Term 2,Grade 5,Wednesday,1,08:45,09:45,Science,,,
CAL004882,2026-04-01,2026,Term 2,Grade 5,Wednesday,2,09:45,10:45,Humanities,,,
CAL004883,2026-04-01,2026,Term 2,Grade 5,Wednesday,3,11:15,12:15,Health and Physical Education,,,
CAL004884,2026-04-01,2026,Term 2,Grade 5,Wednesday,4,13:00,14:00,Mathematics,,,
CAL004885,2026-04-01,2026,Term 2,Grade 5,Wednesday,5,14:00,15:00,English,,,
CAL004886,2026-04-01,2026,Term 2,Grade 6,Wednesday,1,08:45,09:45,Science,,,
CAL004887,2026-04-01,2026,Term 2,Grade 6,Wednesday,2,09:45,10:45,Humanities,,,
CAL004888,2026-04-01,2026,Term 2,Grade 6,Wednesday,3,11:15,12:15,Design and Technology,,,
CAL004889,2026-04-01,2026,Term 2,Grade 6,Wednesday,4,13:00,14:00,Mathematics,,,
CAL004890,2026-04-01,2026,Term 2,Grade 6,Wednesday,5,14:00,15:00,English,,,
CAL004891,2026-04-02,2026,Term 2,Grade 4,Thursday,1,08:45,09:45,Humanities,,,
CAL004892,2026-04-02,2026,Term 2,Grade 4,Thursday,2,09:45,10:45,Arts,,,
CAL004893,2026-04-02,2026,Term 2,Grade 4,Thursday,3,11:15,12:15,Mathematics,,,
CAL004894,2026-04-02,2026,Term 2,Grade 4,Thursday,4,13:00,14:00,English,,,
CAL004895,2026-04-02,2026,Term 2,Grade 4,Thursday,5,14:00,15:00,Science,,,
CAL004896,2026-04-02,2026,Term 2,Grade 5,Thursday,1,08:45,09:45,Humanities,,,
CAL004897,2026-04-02,2026,Term 2,Grade 5,Thursday,2,09:45,10:45,Health and Physical Education,,,
CAL004898,2026-04-02,2026,Term 2,Grade 5,Thursday,3,11:15,12:15,Mathematics,,,
CAL004899,2026-04-02,2026,Term 2,Grade 5,Thursday,4,13:00,14:00,English,,,
CAL004900,2026-04-02,2026,Term 2,Grade 5,Thursday,5,14:00,15:00,Science,,,
CAL004901,2026-04-02,2026,Term 2,Grade 6,Thursday,1,08:45,09:45,Humanities,,,
CAL004902,2026-04-02,2026,Term 2,Grade 6,Thursday,2,09:45,10:45,Design and Technology,,,
CAL004903,2026-04-02,2026,Term 2,Grade 6,Thursday,3,11:15,12:15,Mathematics,,,
CAL004904,2026-04-02,2026,Term 2,Grade 6,Thursday,4,13:00,14:00,English,,,
CAL004905,2026-04-02,2026,Term 2,Grade 6,Thursday,5,14:00,15:00,Science,,,
CAL004906,2026-04-03,2026,Term 2,Grade 4,Friday,1,08:45,09:45,Arts,,,
CAL004907,2026-04-03,2026,Term 2,Grade 4,Friday,2,09:45,10:45,Mathematics,,,
CAL004908,2026-04-03,2026,Term 2,Grade 4,Friday,3,11:15,12:15,English,,,
CAL004909,2026-04-03,2026,Term 2,Grade 4,Friday,4,13:00,14:00,Science,,,
CAL004910,2026-04-03,2026,Term 2,Grade 4,Friday,5,14:00,15:00,Humanities,,,
CAL004911,2026-04-03,2026,Term 2,Grade 5,Friday,1,08:45,09:45,Health and Physical Education,,,
CAL004912,2026-04-03,2026,Term 2,Grade 5,Friday,2,09:45,10:45,Mathematics,,,
CAL004913,2026-04-03,2026,Term 2,Grade 5,Friday,3,11:15,12:15,English,,,
CAL004914,2026-04-03,2026,Term 2,Grade 5,Friday,4,13:00,14:00,Science,,,
CAL004915,2026-04-03,2026,Term 2,Grade 5,Friday,5,14:00,15:00,Humanities,,,
CAL004916,2026-04-03,2026,Term 2,Grade 6,Friday,1,08:45,09:45,Design and Technology,,,
CAL004917,2026-04-03,2026,Term 2,Grade 6,Friday,2,09:45,10:45,Mathematics,,,
CAL004918,2026-04-03,2026,Term 2,Grade 6,Friday,3,11:15,12:15,English,,,
CAL004919,2026-04-03,2026,Term 2,Grade 6,Friday,4,13:00,14:00,Science,,,
CAL004920,2026-04-03,2026,Term 2,Grade 6,Friday,5,14:00,15:00,Humanities,,,
CAL004921,2026-04-06,2026,Term 2,Grade 4,Monday,1,08:45,09:45,Mathematics,,,
CAL004922,2026-04-06,2026,Term 2,Grade 4,Monday,2,09:45,10:45,English,,,
CAL004923,2026-04-06,2026,Term 2,Grade 4,Monday,3,11:15,12:15,Science,,,
CAL004924,2026-04-06,2026,Term 2,Grade 4,Monday,4,13:00,14:00,Humanities,,,
CAL004925,2026-04-06,2026,Term 2,Grade 4,Monday,5,14:00,15:00,Arts,,,
CAL004926,2026-04-06,2026,Term 2,Grade 5,Monday,1,08:45,09:45,Mathematics,,,
CAL004927,2026-04-06,2026,Term 2,Grade 5,Monday,2,09:45,10:45,English,,,
CAL004928,2026-04-06,2026,Term 2,Grade 5,Monday,3,11:15,12:15,Science,,,
CAL004929,2026-04-06,2026,Term 2,Grade 5,Monday,4,13:00,14:00,Humanities,,,
CAL004930,2026-04-06,2026,Term 2,Grade 5,Monday,5,14:00,15:00,Health and Physical Education,,,
CAL004931,2026-04-06,2026,Term 2,Grade 6,Monday,1,08:45,09:45,Mathematics,,,
CAL004932,2026-04-06,2026,Term 2,Grade 6,Monday,2,09:45,10:45,English,,,
CAL004933,2026-04-06,2026,Term 2,Grade 6,Monday,3,11:15,12:15,Science,,,
CAL004934,2026-04-06,2026,Term 2,Grade 6,Monday,4,13:00,14:00,Humanities,,,
CAL004935,2026-04-06,2026,Term 2,Grade 6,Monday,5,14:00,15:00,Design and Technology,,,
CAL004936,2026-04-07,2026,Term 2,Grade 4,Tuesday,1,08:45,09:45,English,,,
CAL004937,2026-04-07,2026,Term 2,Grade 4,Tuesday,2,09:45,10:45,Science,,,
CAL004938,2026-04-07,2026,Term 2,Grade 4,Tuesday,3,11:15,12:15,Humanities,,,
CAL004939,2026-04-07,2026,Term 2,Grade 4,Tuesday,4,13:00,14:00,Arts,,,
CAL004940,2026-04-07,2026,Term 2,Grade 4,Tuesday,5,14:00,15:00,Mathematics,,,
CAL004941,2026-04-07,2026,Term 2,Grade 5,Tuesday,1,08:45,09:45,English,,,
CAL004942,2026-04-07,2026,Term 2,Grade 5,Tuesday,2,09:45,10:45,Science,,,
CAL004943,2026-04-07,2026,Term 2,Grade 5,Tuesday,3,11:15,12:15,Humanities,,,
CAL004944,2026-04-07,2026,Term 2,Grade 5,Tuesday,4,13:00,14:00,Health and Physical Education,,,
CAL004945,2026-04-07,2026,Term 2,Grade 5,Tuesday,5,14:00,15:00,Mathematics,,,
CAL004946,2026-04-07,2026,Term 2,Grade 6,Tuesday,1,08:45,09:45,English,,,
CAL004947,2026-04-07,2026,Term 2,Grade 6,Tuesday,2,09:45,10:45,Science,,,
CAL004948,2026-04-07,2026,Term 2,Grade 6,Tuesday,3,11:15,12:15,Humanities,,,
CAL004949,2026-04-07,2026,Term 2,Grade 6,Tuesday,4,13:00,14:00,Design and Technology,,,
CAL004950,2026-04-07,2026,Term 2,Grade 6,Tuesday,5,14:00,15:00,Mathematics,,,
CAL004951,2026-04-08,2026,Term 2,Grade 4,Wednesday,1,08:45,09:45,Science,,,
CAL004952,2026-04-08,2026,Term 2,Grade 4,Wednesday,2,09:45,10:45,Humanities,,,
CAL004953,2026-04-08,2026,Term 2,Grade 4,Wednesday,3,11:15,12:15,Arts,,,
CAL004954,2026-04-08,2026,Term 2,Grade 4,Wednesday,4,13:00,14:00,Mathematics,,,
CAL004955,2026-04-08,2026,Term 2,Grade 4,Wednesday,5,14:00,15:00,English,,,
CAL004956,2026-04-08,2026,Term 2,Grade 5,Wednesday,1,08:45,09:45,Science,,,
CAL004957,2026-04-08,2026,Term 2,Grade 5,Wednesday,2,09:45,10:45,Humanities,,,
CAL004958,2026-04-08,2026,Term 2,Grade 5,Wednesday,3,11:15,12:15,Health and Physical Education,,,
CAL004959,2026-04-08,2026,Term 2,Grade 5,Wednesday,4,13:00,14:00,Mathematics,,,
CAL004960,2026-04-08,2026,Term 2,Grade 5,Wednesday,5,14:00,15:00,English,,,
CAL004961,2026-04-08,2026,Term 2,Grade 6,Wednesday,1,08:45,09:45,Science,,,
CAL004962,2026-04-08,2026,Term 2,Grade 6,Wednesday,2,09:45,10:45,Humanities,,,
CAL004963,2026-04-08,2026,Term 2,Grade 6,Wednesday,3,11:15,12:15,Design and Technology,,,
CAL004964,2026-04-08,2026,Term 2,Grade 6,Wednesday,4,13:00,14:00,Mathematics,,,
CAL004965,2026-04-08,2026,Term 2,Grade 6,Wednesday,5,14:00,15:00,English,,,
CAL004966,2026-04-09,2026,Term 2,Grade 4,Thursday,1,08:45,09:45,Humanities,,,
CAL004967,2026-04-09,2026,Term 2,Grade 4,Thursday,2,09:45,10:45,Arts,,,
CAL004968,2026-04-09,2026,Term 2,Grade 4,Thursday,3,11:15,12:15,Mathematics,,,
CAL004969,2026-04-09,2026,Term 2,Grade 4,Thursday,4,13:00,14:00,English,,,
CAL004970,2026-04-09,2026,Term 2,Grade 4,Thursday,5,14:00,15:00,Science,,,
CAL004971,2026-04-09,2026,Term 2,Grade 5,Thursday,1,08:45,09:45,Humanities,,,
CAL004972,2026-04-09,2026,Term 2,Grade 5,Thursday,2,09:45,10:45,Health and Physical Education,,,
CAL004973,2026-04-09,2026,Term 2,Grade 5,Thursday,3,11:15,12:15,Mathematics,,,
CAL004974,2026-04-09,2026,Term 2,Grade 5,Thursday,4,13:00,14:00,English,,,
CAL004975,2026-04-09,2026,Term 2,Grade 5,Thursday,5,14:00,15:00,Science,,,
CAL004976,2026-04-09,2026,Term 2,Grade 6,Thursday,1,08:45,09:45,Humanities,,,
CAL004977,2026-04-09,2026,Term 2,Grade 6,Thursday,2,09:45,10:45,Design and Technology,,,
CAL004978,2026-04-09,2026,Term 2,Grade 6,Thursday,3,11:15,12:15,Mathematics,,,
CAL004979,2026-04-09,2026,Term 2,Grade 6,Thursday,4,13:00,14:00,English,,,
CAL004980,2026-04-09,2026,Term 2,Grade 6,Thursday,5,14:00,15:00,Science,,,
CAL004981,2026-04-10,2026,Term 2,Grade 4,Friday,1,08:45,09:45,Arts,,,
CAL004982,2026-04-10,2026,Term 2,Grade 4,Friday,2,09:45,10:45,Mathematics,,,
CAL004983,2026-04-10,2026,Term 2,Grade 4,Friday,3,11:15,12:15,English,,,
CAL004984,2026-04-10,2026,Term 2,Grade 4,Friday,4,13:00,14:00,Science,,,
CAL004985,2026-04-10,2026,Term 2,Grade 4,Friday,5,14:00,15:00,Humanities,,,
CAL004986,2026-04-10,2026,Term 2,Grade 5,Friday,1,08:45,09:45,Health and Physical Education,,,
CAL004987,2026-04-10,2026,Term 2,Grade 5,Friday,2,09:45,10:45,Mathematics,,,
CAL004988,2026-04-10,2026,Term 2,Grade 5,Friday,3,11:15,12:15,English,,,
CAL004989,2026-04-10,2026,Term 2,Grade 5,Friday,4,13:00,14:00,Science,,,
CAL004990,2026-04-10,2026,Term 2,Grade 5,Friday,5,14:00,15:00,Humanities,,,
CAL004991,2026-04-10,2026,Term 2,Grade 6,Friday,1,08:45,09:45,Design and Technology,,,
CAL004992,2026-04-10,2026,Term 2,Grade 6,Friday,2,09:45,10:45,Mathematics,,,
CAL004993,2026-04-10,2026,Term 2,Grade 6,Friday,3,11:15,12:15,English,,,
CAL004994,2026-04-10,2026,Term 2,Grade 6,Friday,4,13:00,14:00,Science,,,
CAL004995,2026-04-10,2026,Term 2,Grade 6,Friday,5,14:00,15:00,Humanities,,,
CAL004996,2026-04-13,2026,Term 2,Grade 4,Monday,1,08:45,09:45,Mathematics,,,
CAL004997,2026-04-13,2026,Term 2,Grade 4,Monday,2,09:45,10:45,English,,,
CAL004998,2026-04-13,2026,Term 2,Grade 4,Monday,3,11:15,12:15,Science,,,
CAL004999,2026-04-13,2026,Term 2,Grade 4,Monday,4,13:00,14:00,Humanities,,,
CAL005000,2026-04-13,2026,Term 2,Grade 4,Monday,5,14:00,15:00,Arts,,,
CAL005001,2026-04-13,2026,Term 2,Grade 5,Monday,1,08:45,09:45,Mathematics,,,
CAL005002,2026-04-13,2026,Term 2,Grade 5,Monday,2,09:45,10:45,English,,,
CAL005003,2026-04-13,2026,Term 2,Grade 5,Monday,3,11:15,12:15,Science,,,
CAL005004,2026-04-13,2026,Term 2,Grade 5,Monday,4,13:00,14:00,Humanities,,,
CAL005005,2026-04-13,2026,Term 2,Grade 5,Monday,5,14:00,15:00,Health and Physical Education,,,
CAL005006,2026-04-13,2026,Term 2,Grade 6,Monday,1,08:45,09:45,Mathematics,,,
CAL005007,2026-04-13,2026,Term 2,Grade 6,Monday,2,09:45,10:45,English,,,
CAL005008,2026-04-13,2026,Term 2,Grade 6,Monday,3,11:15,12:15,Science,,,
CAL005009,2026-04-13,2026,Term 2,Grade 6,Monday,4,13:00,14:00,Humanities,,,
CAL005010,2026-04-13,2026,Term 2,Grade 6,Monday,5,14:00,15:00,Design and Technology,,,
CAL005011,2026-04-14,2026,Term 2,Grade 4,Tuesday,1,08:45,09:45,English,,,
CAL005012,2026-04-14,2026,Term 2,Grade 4,Tuesday,2,09:45,10:45,Science,,,
CAL005013,2026-04-14,2026,Term 2,Grade 4,Tuesday,3,11:15,12:15,Humanities,,,
CAL005014,2026-04-14,2026,Term 2,Grade 4,Tuesday,4,13:00,14:00,Arts,,,
CAL005015,2026-04-14,2026,Term 2,Grade 4,Tuesday,5,14:00,15:00,Mathematics,,,
CAL005016,2026-04-14,2026,Term 2,Grade 5,Tuesday,1,08:45,09:45,English,,,
CAL005017,2026-04-14,2026,Term 2,Grade 5,Tuesday,2,09:45,10:45,Science,,,
CAL005018,2026-04-14,2026,Term 2,Grade 5,Tuesday,3,11:15,12:15,Humanities,,,
CAL005019,2026-04-14,2026,Term 2,Grade 5,Tuesday,4,13:00,14:00,Health and Physical Education,,,
CAL005020,2026-04-14,2026,Term 2,Grade 5,Tuesday,5,14:00,15:00,Mathematics,,,
CAL005021,2026-04-14,2026,Term 2,Grade 6,Tuesday,1,08:45,09:45,English,,,
CAL005022,2026-04-14,2026,Term 2,Grade 6,Tuesday,2,09:45,10:45,Science,,,
CAL005023,2026-04-14,2026,Term 2,Grade 6,Tuesday,3,11:15,12:15,Humanities,,,
CAL005024,2026-04-14,2026,Term 2,Grade 6,Tuesday,4,13:00,14:00,Design and Technology,,,
CAL005025,2026-04-14,2026,Term 2,Grade 6,Tuesday,5,14:00,15:00,Mathematics,,,
CAL005026,2026-04-15,2026,Term 2,Grade 4,Wednesday,1,08:45,09:45,Science,,,
CAL005027,2026-04-15,2026,Term 2,Grade 4,Wednesday,2,09:45,10:45,Humanities,,,
CAL005028,2026-04-15,2026,Term 2,Grade 4,Wednesday,3,11:15,12:15,Arts,,,
CAL005029,2026-04-15,2026,Term 2,Grade 4,Wednesday,4,13:00,14:00,Mathematics,,,
CAL005030,2026-04-15,2026,Term 2,Grade 4,Wednesday,5,14:00,15:00,English,,,
CAL005031,2026-04-15,2026,Term 2,Grade 5,Wednesday,1,08:45,09:45,Science,,,
CAL005032,2026-04-15,2026,Term 2,Grade 5,Wednesday,2,09:45,10:45,Humanities,,,
CAL005033,2026-04-15,2026,Term 2,Grade 5,Wednesday,3,11:15,12:15,Health and Physical Education,,,
CAL005034,2026-04-15,2026,Term 2,Grade 5,Wednesday,4,13:00,14:00,Mathematics,,,
CAL005035,2026-04-15,2026,Term 2,Grade 5,Wednesday,5,14:00,15:00,English,,,
CAL005036,2026-04-15,2026,Term 2,Grade 6,Wednesday,1,08:45,09:45,Science,,,
CAL005037,2026-04-15,2026,Term 2,Grade 6,Wednesday,2,09:45,10:45,Humanities,,,
CAL005038,2026-04-15,2026,Term 2,Grade 6,Wednesday,3,11:15,12:15,Design and Technology,,,
CAL005039,2026-04-15,2026,Term 2,Grade 6,Wednesday,4,13:00,14:00,Mathematics,,,
CAL005040,2026-04-15,2026,Term 2,Grade 6,Wednesday,5,14:00,15:00,English,,,
CAL005041,2026-04-16,2026,Term 2,Grade 4,Thursday,1,08:45,09:45,Humanities,,,
CAL005042,2026-04-16,2026,Term 2,Grade 4,Thursday,2,09:45,10:45,Arts,,,
CAL005043,2026-04-16,2026,Term 2,Grade 4,Thursday,3,11:15,12:15,Mathematics,,,
CAL005044,2026-04-16,2026,Term 2,Grade 4,Thursday,4,13:00,14:00,English,,,
CAL005045,2026-04-16,2026,Term 2,Grade 4,Thursday,5,14:00,15:00,Science,,,
CAL005046,2026-04-16,2026,Term 2,Grade 5,Thursday,1,08:45,09:45,Humanities,,,
CAL005047,2026-04-16,2026,Term 2,Grade 5,Thursday,2,09:45,10:45,Health and Physical Education,,,
CAL005048,2026-04-16,2026,Term 2,Grade 5,Thursday,3,11:15,12:15,Mathematics,,,
CAL005049,2026-04-16,2026,Term 2,Grade 5,Thursday,4,13:00,14:00,English,,,
CAL005050,2026-04-16,2026,Term 2,Grade 5,Thursday,5,14:00,15:00,Science,,,
CAL005051,2026-04-16,2026,Term 2,Grade 6,Thursday,1,08:45,09:45,Humanities,,,
CAL005052,2026-04-16,2026,Term 2,Grade 6,Thursday,2,09:45,10:45,Design and Technology,,,
CAL005053,2026-04-16,2026,Term 2,Grade 6,Thursday,3,11:15,12:15,Mathematics,,,
CAL005054,2026-04-16,2026,Term 2,Grade 6,Thursday,4,13:00,14:00,English,,,
CAL005055,2026-04-16,2026,Term 2,Grade 6,Thursday,5,14:00,15:00,Science,,,
CAL005056,2026-04-17,2026,Term 2,Grade 4,Friday,1,08:45,09:45,Arts,,,
CAL005057,2026-04-17,2026,Term 2,Grade 4,Friday,2,09:45,10:45,Mathematics,,,
CAL005058,2026-04-17,2026,Term 2,Grade 4,Friday,3,11:15,12:15,English,,,
CAL005059,2026-04-17,2026,Term 2,Grade 4,Friday,4,13:00,14:00,Science,,,
CAL005060,2026-04-17,2026,Term 2,Grade 4,Friday,5,14:00,15:00,Humanities,,,
CAL005061,2026-04-17,2026,Term 2,Grade 5,Friday,1,08:45,09:45,Health and Physical Education,,,
CAL005062,2026-04-17,2026,Term 2,Grade 5,Friday,2,09:45,10:45,Mathematics,,,
CAL005063,2026-04-17,2026,Term 2,Grade 5,Friday,3,11:15,12:15,English,,,
CAL005064,2026-04-17,2026,Term 2,Grade 5,Friday,4,13:00,14:00,Science,,,
CAL005065,2026-04-17,2026,Term 2,Grade 5,Friday,5,14:00,15:00,Humanities,,,
CAL005066,2026-04-17,2026,Term 2,Grade 6,Friday,1,08:45,09:45,Design and Technology,,,
CAL005067,2026-04-17,2026,Term 2,Grade 6,Friday,2,09:45,10:45,Mathematics,,,
CAL005068,2026-04-17,2026,Term 2,Grade 6,Friday,3,11:15,12:15,English,,,
CAL005069,2026-04-17,2026,Term 2,Grade 6,Friday,4,13:00,14:00,Science,,,
CAL005070,2026-04-17,2026,Term 2,Grade 6,Friday,5,14:00,15:00,Humanities,,,
CAL005071,2026-04-20,2026,Term 2,Grade 4,Monday,1,08:45,09:45,Mathematics,,,
CAL005072,2026-04-20,2026,Term 2,Grade 4,Monday,2,09:45,10:45,English,,,
CAL005073,2026-04-20,2026,Term 2,Grade 4,Monday,3,11:15,12:15,Science,,,
CAL005074,2026-04-20,2026,Term 2,Grade 4,Monday,4,13:00,14:00,Humanities,,,
CAL005075,2026-04-20,2026,Term 2,Grade 4,Monday,5,14:00,15:00,Arts,,,
CAL005076,2026-04-20,2026,Term 2,Grade 5,Monday,1,08:45,09:45,Mathematics,,,
CAL005077,2026-04-20,2026,Term 2,Grade 5,Monday,2,09:45,10:45,English,,,
CAL005078,2026-04-20,2026,Term 2,Grade 5,Monday,3,11:15,12:15,Science,,,
CAL005079,2026-04-20,2026,Term 2,Grade 5,Monday,4,13:00,14:00,Humanities,,,
CAL005080,2026-04-20,2026,Term 2,Grade 5,Monday,5,14:00,15:00,Health and Physical Education,,,
CAL005081,2026-04-20,2026,Term 2,Grade 6,Monday,1,08:45,09:45,Mathematics,,,
CAL005082,2026-04-20,2026,Term 2,Grade 6,Monday,2,09:45,10:45,English,,,
CAL005083,2026-04-20,2026,Term 2,Grade 6,Monday,3,11:15,12:15,Science,,,
CAL005084,2026-04-20,2026,Term 2,Grade 6,Monday,4,13:00,14:00,Humanities,,,
CAL005085,2026-04-20,2026,Term 2,Grade 6,Monday,5,14:00,15:00,Design and Technology,,,
CAL005086,2026-04-21,2026,Term 2,Grade 4,Tuesday,1,08:45,09:45,English,,,
CAL005087,2026-04-21,2026,Term 2,Grade 4,Tuesday,2,09:45,10:45,Science,,,
CAL005088,2026-04-21,2026,Term 2,Grade 4,Tuesday,3,11:15,12:15,Humanities,,,
CAL005089,2026-04-21,2026,Term 2,Grade 4,Tuesday,4,13:00,14:00,Arts,,,
CAL005090,2026-04-21,2026,Term 2,Grade 4,Tuesday,5,14:00,15:00,Mathematics,,,
CAL005091,2026-04-21,2026,Term 2,Grade 5,Tuesday,1,08:45,09:45,English,,,
CAL005092,2026-04-21,2026,Term 2,Grade 5,Tuesday,2,09:45,10:45,Science,,,
CAL005093,2026-04-21,2026,Term 2,Grade 5,Tuesday,3,11:15,12:15,Humanities,,,
CAL005094,2026-04-21,2026,Term 2,Grade 5,Tuesday,4,13:00,14:00,Health and Physical Education,,,
CAL005095,2026-04-21,2026,Term 2,Grade 5,Tuesday,5,14:00,15:00,Mathematics,,,
CAL005096,2026-04-21,2026,Term 2,Grade 6,Tuesday,1,08:45,09:45,English,,,
CAL005097,2026-04-21,2026,Term 2,Grade 6,Tuesday,2,09:45,10:45,Science,,,
CAL005098,2026-04-21,2026,Term 2,Grade 6,Tuesday,3,11:15,12:15,Humanities,,,
CAL005099,2026-04-21,2026,Term 2,Grade 6,Tuesday,4,13:00,14:00,Design and Technology,,,
CAL005100,2026-04-21,2026,Term 2,Grade 6,Tuesday,5,14:00,15:00,Mathematics,,,
CAL005101,2026-04-22,2026,Term 2,Grade 4,Wednesday,1,08:45,09:45,Science,,,
CAL005102,2026-04-22,2026,Term 2,Grade 4,Wednesday,2,09:45,10:45,Humanities,,,
CAL005103,2026-04-22,2026,Term 2,Grade 4,Wednesday,3,11:15,12:15,Arts,,,
CAL005104,2026-04-22,2026,Term 2,Grade 4,Wednesday,4,13:00,14:00,Mathematics,,,
CAL005105,2026-04-22,2026,Term 2,Grade 4,Wednesday,5,14:00,15:00,English,,,
CAL005106,2026-04-22,2026,Term 2,Grade 5,Wednesday,1,08:45,09:45,Science,,,
CAL005107,2026-04-22,2026,Term 2,Grade 5,Wednesday,2,09:45,10:45,Humanities,,,
CAL005108,2026-04-22,2026,Term 2,Grade 5,Wednesday,3,11:15,12:15,Health and Physical Education,,,
CAL005109,2026-04-22,2026,Term 2,Grade 5,Wednesday,4,13:00,14:00,Mathematics,,,
CAL005110,2026-04-22,2026,Term 2,Grade 5,Wednesday,5,14:00,15:00,English,,,
CAL005111,2026-04-22,2026,Term 2,Grade 6,Wednesday,1,08:45,09:45,Science,,,
CAL005112,2026-04-22,2026,Term 2,Grade 6,Wednesday,2,09:45,10:45,Humanities,,,
CAL005113,2026-04-22,2026,Term 2,Grade 6,Wednesday,3,11:15,12:15,Design and Technology,,,
CAL005114,2026-04-22,2026,Term 2,Grade 6,Wednesday,4,13:00,14:00,Mathematics,,,
CAL005115,2026-04-22,2026,Term 2,Grade 6,Wednesday,5,14:00,15:00,English,,,
CAL005116,2026-04-23,2026,Term 2,Grade 4,Thursday,1,08:45,09:45,Humanities,,,
CAL005117,2026-04-23,2026,Term 2,Grade 4,Thursday,2,09:45,10:45,Arts,,,
CAL005118,2026-04-23,2026,Term 2,Grade 4,Thursday,3,11:15,12:15,Mathematics,,,
CAL005119,2026-04-23,2026,Term 2,Grade 4,Thursday,4,13:00,14:00,English,,,
CAL005120,2026-04-23,2026,Term 2,Grade 4,Thursday,5,14:00,15:00,Science,,,
CAL005121,2026-04-23,2026,Term 2,Grade 5,Thursday,1,08:45,09:45,Humanities,,,
CAL005122,2026-04-23,2026,Term 2,Grade 5,Thursday,2,09:45,10:45,Health and Physical Education,,,
CAL005123,2026-04-23,2026,Term 2,Grade 5,Thursday,3,11:15,12:15,Mathematics,,,
CAL005124,2026-04-23,2026,Term 2,Grade 5,Thursday,4,13:00,14:00,English,,,
CAL005125,2026-04-23,2026,Term 2,Grade 5,Thursday,5,14:00,15:00,Science,,,
CAL005126,2026-04-23,2026,Term 2,Grade 6,Thursday,1,08:45,09:45,Humanities,,,
CAL005127,2026-04-23,2026,Term 2,Grade 6,Thursday,2,09:45,10:45,Design and Technology,,,
CAL005128,2026-04-23,2026,Term 2,Grade 6,Thursday,3,11:15,12:15,Mathematics,,,
CAL005129,2026-04-23,2026,Term 2,Grade 6,Thursday,4,13:00,14:00,English,,,
CAL005130,2026-04-23,2026,Term 2,Grade 6,Thursday,5,14:00,15:00,Science,,,
CAL005131,2026-04-24,2026,Term 2,Grade 4,Friday,1,08:45,09:45,Arts,,,
CAL005132,2026-04-24,2026,Term 2,Grade 4,Friday,2,09:45,10:45,Mathematics,,,
CAL005133,2026-04-24,2026,Term 2,Grade 4,Friday,3,11:15,12:15,English,,,
CAL005134,2026-04-24,2026,Term 2,Grade 4,Friday,4,13:00,14:00,Science,,,
CAL005135,2026-04-24,2026,Term 2,Grade 4,Friday,5,14:00,15:00,Humanities,,,
CAL005136,2026-04-24,2026,Term 2,Grade 5,Friday,1,08:45,09:45,Health and Physical Education,,,
CAL005137,2026-04-24,2026,Term 2,Grade 5,Friday,2,09:45,10:45,Mathematics,,,
CAL005138,2026-04-24,2026,Term 2,Grade 5,Friday,3,11:15,12:15,English,,,
CAL005139,2026-04-24,2026,Term 2,Grade 5,Friday,4,13:00,14:00,Science,,,
CAL005140,2026-04-24,2026,Term 2,Grade 5,Friday,5,14:00,15:00,Humanities,,,
CAL005141,2026-04-24,2026,Term 2,Grade 6,Friday,1,08:45,09:45,Design and Technology,,,
CAL005142,2026-04-24,2026,Term 2,Grade 6,Friday,2,09:45,10:45,Mathematics,,,
CAL005143,2026-04-24,2026,Term 2,Grade 6,Friday,3,11:15,12:15,English,,,
CAL005144,2026-04-24,2026,Term 2,Grade 6,Friday,4,13:00,14:00,Science,,,
CAL005145,2026-04-24,2026,Term 2,Grade 6,Friday,5,14:00,15:00,Humanities,,,
CAL005146,2026-04-27,2026,Term 2,Grade 4,Monday,1,08:45,09:45,Mathematics,,,
CAL005147,2026-04-27,2026,Term 2,Grade 4,Monday,2,09:45,10:45,English,,,
CAL005148,2026-04-27,2026,Term 2,Grade 4,Monday,3,11:15,12:15,Science,,,
CAL005149,2026-04-27,2026,Term 2,Grade 4,Monday,4,13:00,14:00,Humanities,,,
CAL005150,2026-04-27,2026,Term 2,Grade 4,Monday,5,14:00,15:00,Arts,,,
CAL005151,2026-04-27,2026,Term 2,Grade 5,Monday,1,08:45,09:45,Mathematics,,,
CAL005152,2026-04-27,2026,Term 2,Grade 5,Monday,2,09:45,10:45,English,,,
CAL005153,2026-04-27,2026,Term 2,Grade 5,Monday,3,11:15,12:15,Science,,,
CAL005154,2026-04-27,2026,Term 2,Grade 5,Monday,4,13:00,14:00,Humanities,,,
CAL005155,2026-04-27,2026,Term 2,Grade 5,Monday,5,14:00,15:00,Health and Physical Education,,,
CAL005156,2026-04-27,2026,Term 2,Grade 6,Monday,1,08:45,09:45,Mathematics,,,
CAL005157,2026-04-27,2026,Term 2,Grade 6,Monday,2,09:45,10:45,English,,,
CAL005158,2026-04-27,2026,Term 2,Grade 6,Monday,3,11:15,12:15,Science,,,
CAL005159,2026-04-27,2026,Term 2,Grade 6,Monday,4,13:00,14:00,Humanities,,,
CAL005160,2026-04-27,2026,Term 2,Grade 6,Monday,5,14:00,15:00,Design and Technology,,,
CAL005161,2026-04-28,2026,Term 2,Grade 4,Tuesday,1,08:45,09:45,English,,,
CAL005162,2026-04-28,2026,Term 2,Grade 4,Tuesday,2,09:45,10:45,Science,,,
CAL005163,2026-04-28,2026,Term 2,Grade 4,Tuesday,3,11:15,12:15,Humanities,,,
CAL005164,2026-04-28,2026,Term 2,Grade 4,Tuesday,4,13:00,14:00,Arts,,,
CAL005165,2026-04-28,2026,Term 2,Grade 4,Tuesday,5,14:00,15:00,Mathematics,,,
CAL005166,2026-04-28,2026,Term 2,Grade 5,Tuesday,1,08:45,09:45,English,,,
CAL005167,2026-04-28,2026,Term 2,Grade 5,Tuesday,2,09:45,10:45,Science,,,
CAL005168,2026-04-28,2026,Term 2,Grade 5,Tuesday,3,11:15,12:15,Humanities,,,
CAL005169,2026-04-28,2026,Term 2,Grade 5,Tuesday,4,13:00,14:00,Health and Physical Education,,,
CAL005170,2026-04-28,2026,Term 2,Grade 5,Tuesday,5,14:00,15:00,Mathematics,,,
CAL005171,2026-04-28,2026,Term 2,Grade 6,Tuesday,1,08:45,09:45,English,,,
CAL005172,2026-04-28,2026,Term 2,Grade 6,Tuesday,2,09:45,10:45,Science,,,
CAL005173,2026-04-28,2026,Term 2,Grade 6,Tuesday,3,11:15,12:15,Humanities,,,
CAL005174,2026-04-28,2026,Term 2,Grade 6,Tuesday,4,13:00,14:00,Design and Technology,,,
CAL005175,2026-04-28,2026,Term 2,Grade 6,Tuesday,5,14:00,15:00,Mathematics,,,
CAL005176,2026-04-29,2026,Term 2,Grade 4,Wednesday,1,08:45,09:45,Science,,,
CAL005177,2026-04-29,2026,Term 2,Grade 4,Wednesday,2,09:45,10:45,Humanities,,,
CAL005178,2026-04-29,2026,Term 2,Grade 4,Wednesday,3,11:15,12:15,Arts,,,
CAL005179,2026-04-29,2026,Term 2,Grade 4,Wednesday,4,13:00,14:00,Mathematics,,,
CAL005180,2026-04-29,2026,Term 2,Grade 4,Wednesday,5,14:00,15:00,English,,,
CAL005181,2026-04-29,2026,Term 2,Grade 5,Wednesday,1,08:45,09:45,Science,,,
CAL005182,2026-04-29,2026,Term 2,Grade 5,Wednesday,2,09:45,10:45,Humanities,,,
CAL005183,2026-04-29,2026,Term 2,Grade 5,Wednesday,3,11:15,12:15,Health and Physical Education,,,
CAL005184,2026-04-29,2026,Term 2,Grade 5,Wednesday,4,13:00,14:00,Mathematics,,,
CAL005185,2026-04-29,2026,Term 2,Grade 5,Wednesday,5,14:00,15:00,English,,,
CAL005186,2026-04-29,2026,Term 2,Grade 6,Wednesday,1,08:45,09:45,Science,,,
CAL005187,2026-04-29,2026,Term 2,Grade 6,Wednesday,2,09:45,10:45,Humanities,,,
CAL005188,2026-04-29,2026,Term 2,Grade 6,Wednesday,3,11:15,12:15,Design and Technology,,,
CAL005189,2026-04-29,2026,Term 2,Grade 6,Wednesday,4,13:00,14:00,Mathematics,,,
CAL005190,2026-04-29,2026,Term 2,Grade 6,Wednesday,5,14:00,15:00,English,,,
CAL005191,2026-04-30,2026,Term 2,Grade 4,Thursday,1,08:45,09:45,Humanities,,,
CAL005192,2026-04-30,2026,Term 2,Grade 4,Thursday,2,09:45,10:45,Arts,,,
CAL005193,2026-04-30,2026,Term 2,Grade 4,Thursday,3,11:15,12:15,Mathematics,,,
CAL005194,2026-04-30,2026,Term 2,Grade 4,Thursday,4,13:00,14:00,English,,,
CAL005195,2026-04-30,2026,Term 2,Grade 4,Thursday,5,14:00,15:00,Science,,,
CAL005196,2026-04-30,2026,Term 2,Grade 5,Thursday,1,08:45,09:45,Humanities,,,
CAL005197,2026-04-30,2026,Term 2,Grade 5,Thursday,2,09:45,10:45,Health and Physical Education,,,
CAL005198,2026-04-30,2026,Term 2,Grade 5,Thursday,3,11:15,12:15,Mathematics,,,
CAL005199,2026-04-30,2026,Term 2,Grade 5,Thursday,4,13:00,14:00,English,,,
CAL005200,2026-04-30,2026,Term 2,Grade 5,Thursday,5,14:00,15:00,Science,,,
CAL005201,2026-04-30,2026,Term 2,Grade 6,Thursday,1,08:45,09:45,Humanities,,,
CAL005202,2026-04-30,2026,Term 2,Grade 6,Thursday,2,09:45,10:45,Design and Technology,,,
CAL005203,2026-04-30,2026,Term 2,Grade 6,Thursday,3,11:15,12:15,Mathematics,,,
CAL005204,2026-04-30,2026,Term 2,Grade 6,Thursday,4,13:00,14:00,English,,,
CAL005205,2026-04-30,2026,Term 2,Grade 6,Thursday,5,14:00,15:00,Science,,,
CAL005206,2026-05-01,2026,Term 2,Grade 4,Friday,1,08:45,09:45,Arts,,,
CAL005207,2026-05-01,2026,Term 2,Grade 4,Friday,2,09:45,10:45,Mathematics,,,
CAL005208,2026-05-01,2026,Term 2,Grade 4,Friday,3,11:15,12:15,English,,,
CAL005209,2026-05-01,2026,Term 2,Grade 4,Friday,4,13:00,14:00,Science,,,
CAL005210,2026-05-01,2026,Term 2,Grade 4,Friday,5,14:00,15:00,Humanities,,,
CAL005211,2026-05-01,2026,Term 2,Grade 5,Friday,1,08:45,09:45,Health and Physical Education,,,
CAL005212,2026-05-01,2026,Term 2,Grade 5,Friday,2,09:45,10:45,Mathematics,,,
CAL005213,2026-05-01,2026,Term 2,Grade 5,Friday,3,11:15,12:15,English,,,
CAL005214,2026-05-01,2026,Term 2,Grade 5,Friday,4,13:00,14:00,Science,,,
CAL005215,2026-05-01,2026,Term 2,Grade 5,Friday,5,14:00,15:00,Humanities,,,
CAL005216,2026-05-01,2026,Term 2,Grade 6,Friday,1,08:45,09:45,Design and Technology,,,
CAL005217,2026-05-01,2026,Term 2,Grade 6,Friday,2,09:45,10:45,Mathematics,,,
CAL005218,2026-05-01,2026,Term 2,Grade 6,Friday,3,11:15,12:15,English,,,
CAL005219,2026-05-01,2026,Term 2,Grade 6,Friday,4,13:00,14:00,Science,,,
CAL005220,2026-05-01,2026,Term 2,Grade 6,Friday,5,14:00,15:00,Humanities,,,
CAL005221,2026-05-04,2026,Term 2,Grade 4,Monday,1,08:45,09:45,Mathematics,Collaborative mathematics challenge,Mathematics Week,Curriculum week
CAL005222,2026-05-04,2026,Term 2,Grade 4,Monday,2,09:45,10:45,English,,Mathematics Week,Curriculum week
CAL005223,2026-05-04,2026,Term 2,Grade 4,Monday,3,11:15,12:15,Science,,Mathematics Week,Curriculum week
CAL005224,2026-05-04,2026,Term 2,Grade 4,Monday,4,13:00,14:00,Humanities,,Mathematics Week,Curriculum week
CAL005225,2026-05-04,2026,Term 2,Grade 4,Monday,5,14:00,15:00,Arts,,Mathematics Week,Curriculum week
CAL005226,2026-05-04,2026,Term 2,Grade 5,Monday,1,08:45,09:45,Mathematics,Collaborative mathematics challenge,Mathematics Week,Curriculum week
CAL005227,2026-05-04,2026,Term 2,Grade 5,Monday,2,09:45,10:45,English,,Mathematics Week,Curriculum week
CAL005228,2026-05-04,2026,Term 2,Grade 5,Monday,3,11:15,12:15,Science,,Mathematics Week,Curriculum week
CAL005229,2026-05-04,2026,Term 2,Grade 5,Monday,4,13:00,14:00,Humanities,,Mathematics Week,Curriculum week
CAL005230,2026-05-04,2026,Term 2,Grade 5,Monday,5,14:00,15:00,Health and Physical Education,,Mathematics Week,Curriculum week
CAL005231,2026-05-04,2026,Term 2,Grade 6,Monday,1,08:45,09:45,Mathematics,Collaborative mathematics challenge,Mathematics Week,Curriculum week
CAL005232,2026-05-04,2026,Term 2,Grade 6,Monday,2,09:45,10:45,English,,Mathematics Week,Curriculum week
CAL005233,2026-05-04,2026,Term 2,Grade 6,Monday,3,11:15,12:15,Science,,Mathematics Week,Curriculum week
CAL005234,2026-05-04,2026,Term 2,Grade 6,Monday,4,13:00,14:00,Humanities,,Mathematics Week,Curriculum week
CAL005235,2026-05-04,2026,Term 2,Grade 6,Monday,5,14:00,15:00,Design and Technology,,Mathematics Week,Curriculum week
CAL005236,2026-05-05,2026,Term 2,Grade 4,Tuesday,1,08:45,09:45,English,,Mathematics Week,Curriculum week
CAL005237,2026-05-05,2026,Term 2,Grade 4,Tuesday,2,09:45,10:45,Science,,Mathematics Week,Curriculum week
CAL005238,2026-05-05,2026,Term 2,Grade 4,Tuesday,3,11:15,12:15,Humanities,,Mathematics Week,Curriculum week
CAL005239,2026-05-05,2026,Term 2,Grade 4,Tuesday,4,13:00,14:00,Arts,,Mathematics Week,Curriculum week
CAL005240,2026-05-05,2026,Term 2,Grade 4,Tuesday,5,14:00,15:00,Mathematics,Collaborative mathematics challenge,Mathematics Week,Curriculum week
CAL005241,2026-05-05,2026,Term 2,Grade 5,Tuesday,1,08:45,09:45,English,,Mathematics Week,Curriculum week
CAL005242,2026-05-05,2026,Term 2,Grade 5,Tuesday,2,09:45,10:45,Science,,Mathematics Week,Curriculum week
CAL005243,2026-05-05,2026,Term 2,Grade 5,Tuesday,3,11:15,12:15,Humanities,,Mathematics Week,Curriculum week
CAL005244,2026-05-05,2026,Term 2,Grade 5,Tuesday,4,13:00,14:00,Health and Physical Education,,Mathematics Week,Curriculum week
CAL005245,2026-05-05,2026,Term 2,Grade 5,Tuesday,5,14:00,15:00,Mathematics,Collaborative mathematics challenge,Mathematics Week,Curriculum week
CAL005246,2026-05-05,2026,Term 2,Grade 6,Tuesday,1,08:45,09:45,English,,Mathematics Week,Curriculum week
CAL005247,2026-05-05,2026,Term 2,Grade 6,Tuesday,2,09:45,10:45,Science,,Mathematics Week,Curriculum week
CAL005248,2026-05-05,2026,Term 2,Grade 6,Tuesday,3,11:15,12:15,Humanities,,Mathematics Week,Curriculum week
CAL005249,2026-05-05,2026,Term 2,Grade 6,Tuesday,4,13:00,14:00,Design and Technology,,Mathematics Week,Curriculum week
CAL005250,2026-05-05,2026,Term 2,Grade 6,Tuesday,5,14:00,15:00,Mathematics,Collaborative mathematics challenge,Mathematics Week,Curriculum week
CAL005251,2026-05-06,2026,Term 2,Grade 4,Wednesday,1,08:45,09:45,Science,,Mathematics Week,Curriculum week
CAL005252,2026-05-06,2026,Term 2,Grade 4,Wednesday,2,09:45,10:45,Humanities,,Mathematics Week,Curriculum week
CAL005253,2026-05-06,2026,Term 2,Grade 4,Wednesday,3,11:15,12:15,Arts,,Mathematics Week,Curriculum week
CAL005254,2026-05-06,2026,Term 2,Grade 4,Wednesday,4,13:00,14:00,Mathematics,Collaborative mathematics challenge,Mathematics Week,Curriculum week
CAL005255,2026-05-06,2026,Term 2,Grade 4,Wednesday,5,14:00,15:00,English,,Mathematics Week,Curriculum week
CAL005256,2026-05-06,2026,Term 2,Grade 5,Wednesday,1,08:45,09:45,Science,,Mathematics Week,Curriculum week
CAL005257,2026-05-06,2026,Term 2,Grade 5,Wednesday,2,09:45,10:45,Humanities,,Mathematics Week,Curriculum week
CAL005258,2026-05-06,2026,Term 2,Grade 5,Wednesday,3,11:15,12:15,Health and Physical Education,,Mathematics Week,Curriculum week
CAL005259,2026-05-06,2026,Term 2,Grade 5,Wednesday,4,13:00,14:00,Mathematics,Collaborative mathematics challenge,Mathematics Week,Curriculum week
CAL005260,2026-05-06,2026,Term 2,Grade 5,Wednesday,5,14:00,15:00,English,,Mathematics Week,Curriculum week
CAL005261,2026-05-06,2026,Term 2,Grade 6,Wednesday,1,08:45,09:45,Science,,Mathematics Week,Curriculum week
CAL005262,2026-05-06,2026,Term 2,Grade 6,Wednesday,2,09:45,10:45,Humanities,,Mathematics Week,Curriculum week
CAL005263,2026-05-06,2026,Term 2,Grade 6,Wednesday,3,11:15,12:15,Design and Technology,,Mathematics Week,Curriculum week
CAL005264,2026-05-06,2026,Term 2,Grade 6,Wednesday,4,13:00,14:00,Mathematics,Collaborative mathematics challenge,Mathematics Week,Curriculum week
CAL005265,2026-05-06,2026,Term 2,Grade 6,Wednesday,5,14:00,15:00,English,,Mathematics Week,Curriculum week
CAL005266,2026-05-07,2026,Term 2,Grade 4,Thursday,1,08:45,09:45,Humanities,,Mathematics Week,Curriculum week
CAL005267,2026-05-07,2026,Term 2,Grade 4,Thursday,2,09:45,10:45,Arts,,Mathematics Week,Curriculum week
CAL005268,2026-05-07,2026,Term 2,Grade 4,Thursday,3,11:15,12:15,Mathematics,Collaborative mathematics challenge,Mathematics Week,Curriculum week
CAL005269,2026-05-07,2026,Term 2,Grade 4,Thursday,4,13:00,14:00,English,,Mathematics Week,Curriculum week
CAL005270,2026-05-07,2026,Term 2,Grade 4,Thursday,5,14:00,15:00,Science,,Mathematics Week,Curriculum week
CAL005271,2026-05-07,2026,Term 2,Grade 5,Thursday,1,08:45,09:45,Humanities,,Mathematics Week,Curriculum week
CAL005272,2026-05-07,2026,Term 2,Grade 5,Thursday,2,09:45,10:45,Health and Physical Education,,Mathematics Week,Curriculum week
CAL005273,2026-05-07,2026,Term 2,Grade 5,Thursday,3,11:15,12:15,Mathematics,Collaborative mathematics challenge,Mathematics Week,Curriculum week
CAL005274,2026-05-07,2026,Term 2,Grade 5,Thursday,4,13:00,14:00,English,,Mathematics Week,Curriculum week
CAL005275,2026-05-07,2026,Term 2,Grade 5,Thursday,5,14:00,15:00,Science,,Mathematics Week,Curriculum week
CAL005276,2026-05-07,2026,Term 2,Grade 6,Thursday,1,08:45,09:45,Humanities,,Mathematics Week,Curriculum week
CAL005277,2026-05-07,2026,Term 2,Grade 6,Thursday,2,09:45,10:45,Design and Technology,,Mathematics Week,Curriculum week
CAL005278,2026-05-07,2026,Term 2,Grade 6,Thursday,3,11:15,12:15,Mathematics,Collaborative mathematics challenge,Mathematics Week,Curriculum week
CAL005279,2026-05-07,2026,Term 2,Grade 6,Thursday,4,13:00,14:00,English,,Mathematics Week,Curriculum week
CAL005280,2026-05-07,2026,Term 2,Grade 6,Thursday,5,14:00,15:00,Science,,Mathematics Week,Curriculum week
CAL005281,2026-05-08,2026,Term 2,Grade 4,Friday,1,08:45,09:45,Arts,,Mathematics Week,Curriculum week
CAL005282,2026-05-08,2026,Term 2,Grade 4,Friday,2,09:45,10:45,Mathematics,Collaborative mathematics challenge,Mathematics Week,Curriculum week
CAL005283,2026-05-08,2026,Term 2,Grade 4,Friday,3,11:15,12:15,English,,Mathematics Week,Curriculum week
CAL005284,2026-05-08,2026,Term 2,Grade 4,Friday,4,13:00,14:00,Science,,Mathematics Week,Curriculum week
CAL005285,2026-05-08,2026,Term 2,Grade 4,Friday,5,14:00,15:00,Humanities,,Mathematics Week,Curriculum week
CAL005286,2026-05-08,2026,Term 2,Grade 5,Friday,1,08:45,09:45,Health and Physical Education,,Mathematics Week,Curriculum week
CAL005287,2026-05-08,2026,Term 2,Grade 5,Friday,2,09:45,10:45,Mathematics,Collaborative mathematics challenge,Mathematics Week,Curriculum week
CAL005288,2026-05-08,2026,Term 2,Grade 5,Friday,3,11:15,12:15,English,,Mathematics Week,Curriculum week
CAL005289,2026-05-08,2026,Term 2,Grade 5,Friday,4,13:00,14:00,Science,,Mathematics Week,Curriculum week
CAL005290,2026-05-08,2026,Term 2,Grade 5,Friday,5,14:00,15:00,Humanities,,Mathematics Week,Curriculum week
CAL005291,2026-05-08,2026,Term 2,Grade 6,Friday,1,08:45,09:45,Design and Technology,,Mathematics Week,Curriculum week
CAL005292,2026-05-08,2026,Term 2,Grade 6,Friday,2,09:45,10:45,Mathematics,Collaborative mathematics challenge,Mathematics Week,Curriculum week
CAL005293,2026-05-08,2026,Term 2,Grade 6,Friday,3,11:15,12:15,English,,Mathematics Week,Curriculum week
CAL005294,2026-05-08,2026,Term 2,Grade 6,Friday,4,13:00,14:00,Science,,Mathematics Week,Curriculum week
CAL005295,2026-05-08,2026,Term 2,Grade 6,Friday,5,14:00,15:00,Humanities,,Mathematics Week,Curriculum week
CAL005296,2026-05-11,2026,Term 2,Grade 4,Monday,1,08:45,09:45,Mathematics,,,
CAL005297,2026-05-11,2026,Term 2,Grade 4,Monday,2,09:45,10:45,English,,,
CAL005298,2026-05-11,2026,Term 2,Grade 4,Monday,3,11:15,12:15,Science,,,
CAL005299,2026-05-11,2026,Term 2,Grade 4,Monday,4,13:00,14:00,Humanities,,,
CAL005300,2026-05-11,2026,Term 2,Grade 4,Monday,5,14:00,15:00,Arts,,,
CAL005301,2026-05-11,2026,Term 2,Grade 5,Monday,1,08:45,09:45,Mathematics,,,
CAL005302,2026-05-11,2026,Term 2,Grade 5,Monday,2,09:45,10:45,English,,,
CAL005303,2026-05-11,2026,Term 2,Grade 5,Monday,3,11:15,12:15,Science,,,
CAL005304,2026-05-11,2026,Term 2,Grade 5,Monday,4,13:00,14:00,Humanities,,,
CAL005305,2026-05-11,2026,Term 2,Grade 5,Monday,5,14:00,15:00,Health and Physical Education,,,
CAL005306,2026-05-11,2026,Term 2,Grade 6,Monday,1,08:45,09:45,Mathematics,,,
CAL005307,2026-05-11,2026,Term 2,Grade 6,Monday,2,09:45,10:45,English,,,
CAL005308,2026-05-11,2026,Term 2,Grade 6,Monday,3,11:15,12:15,Science,,,
CAL005309,2026-05-11,2026,Term 2,Grade 6,Monday,4,13:00,14:00,Humanities,,,
CAL005310,2026-05-11,2026,Term 2,Grade 6,Monday,5,14:00,15:00,Design and Technology,,,
CAL005311,2026-05-12,2026,Term 2,Grade 4,Tuesday,1,08:45,09:45,English,,,
CAL005312,2026-05-12,2026,Term 2,Grade 4,Tuesday,2,09:45,10:45,Science,,,
CAL005313,2026-05-12,2026,Term 2,Grade 4,Tuesday,3,11:15,12:15,Humanities,,,
CAL005314,2026-05-12,2026,Term 2,Grade 4,Tuesday,4,13:00,14:00,Arts,,,
CAL005315,2026-05-12,2026,Term 2,Grade 4,Tuesday,5,14:00,15:00,Mathematics,,,
CAL005316,2026-05-12,2026,Term 2,Grade 5,Tuesday,1,08:45,09:45,English,,,
CAL005317,2026-05-12,2026,Term 2,Grade 5,Tuesday,2,09:45,10:45,Science,,,
CAL005318,2026-05-12,2026,Term 2,Grade 5,Tuesday,3,11:15,12:15,Humanities,,,
CAL005319,2026-05-12,2026,Term 2,Grade 5,Tuesday,4,13:00,14:00,Health and Physical Education,,,
CAL005320,2026-05-12,2026,Term 2,Grade 5,Tuesday,5,14:00,15:00,Mathematics,,,
CAL005321,2026-05-12,2026,Term 2,Grade 6,Tuesday,1,08:45,09:45,English,,,
CAL005322,2026-05-12,2026,Term 2,Grade 6,Tuesday,2,09:45,10:45,Science,,,
CAL005323,2026-05-12,2026,Term 2,Grade 6,Tuesday,3,11:15,12:15,Humanities,,,
CAL005324,2026-05-12,2026,Term 2,Grade 6,Tuesday,4,13:00,14:00,Design and Technology,,,
CAL005325,2026-05-12,2026,Term 2,Grade 6,Tuesday,5,14:00,15:00,Mathematics,,,
CAL005326,2026-05-13,2026,Term 2,Grade 4,Wednesday,1,08:45,09:45,Science,,,
CAL005327,2026-05-13,2026,Term 2,Grade 4,Wednesday,2,09:45,10:45,Humanities,,,
CAL005328,2026-05-13,2026,Term 2,Grade 4,Wednesday,3,11:15,12:15,Arts,,,
CAL005329,2026-05-13,2026,Term 2,Grade 4,Wednesday,4,13:00,14:00,Mathematics,,,
CAL005330,2026-05-13,2026,Term 2,Grade 4,Wednesday,5,14:00,15:00,English,,,
CAL005331,2026-05-13,2026,Term 2,Grade 5,Wednesday,1,08:45,09:45,Science,,,
CAL005332,2026-05-13,2026,Term 2,Grade 5,Wednesday,2,09:45,10:45,Humanities,,,
CAL005333,2026-05-13,2026,Term 2,Grade 5,Wednesday,3,11:15,12:15,Health and Physical Education,,,
CAL005334,2026-05-13,2026,Term 2,Grade 5,Wednesday,4,13:00,14:00,Mathematics,,,
CAL005335,2026-05-13,2026,Term 2,Grade 5,Wednesday,5,14:00,15:00,English,,,
CAL005336,2026-05-13,2026,Term 2,Grade 6,Wednesday,1,08:45,09:45,Science,,,
CAL005337,2026-05-13,2026,Term 2,Grade 6,Wednesday,2,09:45,10:45,Humanities,,,
CAL005338,2026-05-13,2026,Term 2,Grade 6,Wednesday,3,11:15,12:15,Design and Technology,,,
CAL005339,2026-05-13,2026,Term 2,Grade 6,Wednesday,4,13:00,14:00,Mathematics,,,
CAL005340,2026-05-13,2026,Term 2,Grade 6,Wednesday,5,14:00,15:00,English,,,
CAL005341,2026-05-14,2026,Term 2,Grade 4,Thursday,1,08:45,09:45,Humanities,,,
CAL005342,2026-05-14,2026,Term 2,Grade 4,Thursday,2,09:45,10:45,Arts,,,
CAL005343,2026-05-14,2026,Term 2,Grade 4,Thursday,3,11:15,12:15,Mathematics,,,
CAL005344,2026-05-14,2026,Term 2,Grade 4,Thursday,4,13:00,14:00,English,,,
CAL005345,2026-05-14,2026,Term 2,Grade 4,Thursday,5,14:00,15:00,Science,,,
CAL005346,2026-05-14,2026,Term 2,Grade 5,Thursday,1,08:45,09:45,Humanities,,,
CAL005347,2026-05-14,2026,Term 2,Grade 5,Thursday,2,09:45,10:45,Health and Physical Education,,,
CAL005348,2026-05-14,2026,Term 2,Grade 5,Thursday,3,11:15,12:15,Mathematics,,,
CAL005349,2026-05-14,2026,Term 2,Grade 5,Thursday,4,13:00,14:00,English,,,
CAL005350,2026-05-14,2026,Term 2,Grade 5,Thursday,5,14:00,15:00,Science,,,
CAL005351,2026-05-14,2026,Term 2,Grade 6,Thursday,1,08:45,09:45,Humanities,,,
CAL005352,2026-05-14,2026,Term 2,Grade 6,Thursday,2,09:45,10:45,Design and Technology,,,
CAL005353,2026-05-14,2026,Term 2,Grade 6,Thursday,3,11:15,12:15,Mathematics,,,
CAL005354,2026-05-14,2026,Term 2,Grade 6,Thursday,4,13:00,14:00,English,,,
CAL005355,2026-05-14,2026,Term 2,Grade 6,Thursday,5,14:00,15:00,Science,,,
CAL005356,2026-05-15,2026,Term 2,Grade 4,Friday,1,08:45,09:45,Arts,,,
CAL005357,2026-05-15,2026,Term 2,Grade 4,Friday,2,09:45,10:45,Mathematics,,,
CAL005358,2026-05-15,2026,Term 2,Grade 4,Friday,3,11:15,12:15,English,,,
CAL005359,2026-05-15,2026,Term 2,Grade 4,Friday,4,13:00,14:00,Science,,,
CAL005360,2026-05-15,2026,Term 2,Grade 4,Friday,5,14:00,15:00,Humanities,,,
CAL005361,2026-05-15,2026,Term 2,Grade 5,Friday,1,08:45,09:45,Health and Physical Education,,,
CAL005362,2026-05-15,2026,Term 2,Grade 5,Friday,2,09:45,10:45,Mathematics,,,
CAL005363,2026-05-15,2026,Term 2,Grade 5,Friday,3,11:15,12:15,English,,,
CAL005364,2026-05-15,2026,Term 2,Grade 5,Friday,4,13:00,14:00,Science,,,
CAL005365,2026-05-15,2026,Term 2,Grade 5,Friday,5,14:00,15:00,Humanities,,,
CAL005366,2026-05-15,2026,Term 2,Grade 6,Friday,1,08:45,09:45,Design and Technology,,,
CAL005367,2026-05-15,2026,Term 2,Grade 6,Friday,2,09:45,10:45,Mathematics,,,
CAL005368,2026-05-15,2026,Term 2,Grade 6,Friday,3,11:15,12:15,English,,,
CAL005369,2026-05-15,2026,Term 2,Grade 6,Friday,4,13:00,14:00,Science,,,
CAL005370,2026-05-15,2026,Term 2,Grade 6,Friday,5,14:00,15:00,Humanities,,,
CAL005371,2026-05-18,2026,Term 2,Grade 4,Monday,1,08:45,09:45,Mathematics,,,
CAL005372,2026-05-18,2026,Term 2,Grade 4,Monday,2,09:45,10:45,English,,,
CAL005373,2026-05-18,2026,Term 2,Grade 4,Monday,3,11:15,12:15,Science,,,
CAL005374,2026-05-18,2026,Term 2,Grade 4,Monday,4,13:00,14:00,Humanities,,,
CAL005375,2026-05-18,2026,Term 2,Grade 4,Monday,5,14:00,15:00,Arts,,,
CAL005376,2026-05-18,2026,Term 2,Grade 5,Monday,1,08:45,09:45,Mathematics,,,
CAL005377,2026-05-18,2026,Term 2,Grade 5,Monday,2,09:45,10:45,English,,,
CAL005378,2026-05-18,2026,Term 2,Grade 5,Monday,3,11:15,12:15,Science,,,
CAL005379,2026-05-18,2026,Term 2,Grade 5,Monday,4,13:00,14:00,Humanities,,,
CAL005380,2026-05-18,2026,Term 2,Grade 5,Monday,5,14:00,15:00,Health and Physical Education,,,
CAL005381,2026-05-18,2026,Term 2,Grade 6,Monday,1,08:45,09:45,Mathematics,,,
CAL005382,2026-05-18,2026,Term 2,Grade 6,Monday,2,09:45,10:45,English,,,
CAL005383,2026-05-18,2026,Term 2,Grade 6,Monday,3,11:15,12:15,Science,,,
CAL005384,2026-05-18,2026,Term 2,Grade 6,Monday,4,13:00,14:00,Humanities,,,
CAL005385,2026-05-18,2026,Term 2,Grade 6,Monday,5,14:00,15:00,Design and Technology,,,
CAL005386,2026-05-19,2026,Term 2,Grade 4,Tuesday,1,08:45,09:45,English,,,
CAL005387,2026-05-19,2026,Term 2,Grade 4,Tuesday,2,09:45,10:45,Science,,,
CAL005388,2026-05-19,2026,Term 2,Grade 4,Tuesday,3,11:15,12:15,Humanities,,,
CAL005389,2026-05-19,2026,Term 2,Grade 4,Tuesday,4,13:00,14:00,Arts,,,
CAL005390,2026-05-19,2026,Term 2,Grade 4,Tuesday,5,14:00,15:00,Mathematics,,,
CAL005391,2026-05-19,2026,Term 2,Grade 5,Tuesday,1,08:45,09:45,English,,,
CAL005392,2026-05-19,2026,Term 2,Grade 5,Tuesday,2,09:45,10:45,Science,,,
CAL005393,2026-05-19,2026,Term 2,Grade 5,Tuesday,3,11:15,12:15,Humanities,,,
CAL005394,2026-05-19,2026,Term 2,Grade 5,Tuesday,4,13:00,14:00,Health and Physical Education,,,
CAL005395,2026-05-19,2026,Term 2,Grade 5,Tuesday,5,14:00,15:00,Mathematics,,,
CAL005396,2026-05-19,2026,Term 2,Grade 6,Tuesday,1,08:45,09:45,English,,,
CAL005397,2026-05-19,2026,Term 2,Grade 6,Tuesday,2,09:45,10:45,Science,,,
CAL005398,2026-05-19,2026,Term 2,Grade 6,Tuesday,3,11:15,12:15,Humanities,,,
CAL005399,2026-05-19,2026,Term 2,Grade 6,Tuesday,4,13:00,14:00,Design and Technology,,,
CAL005400,2026-05-19,2026,Term 2,Grade 6,Tuesday,5,14:00,15:00,Mathematics,,,
CAL005401,2026-05-20,2026,Term 2,Grade 4,Wednesday,1,08:45,09:45,Science,,,
CAL005402,2026-05-20,2026,Term 2,Grade 4,Wednesday,2,09:45,10:45,Humanities,,,
CAL005403,2026-05-20,2026,Term 2,Grade 4,Wednesday,3,11:15,12:15,Arts,,,
CAL005404,2026-05-20,2026,Term 2,Grade 4,Wednesday,4,13:00,14:00,Mathematics,,,
CAL005405,2026-05-20,2026,Term 2,Grade 4,Wednesday,5,14:00,15:00,English,,,
CAL005406,2026-05-20,2026,Term 2,Grade 5,Wednesday,1,08:45,09:45,Science,,,
CAL005407,2026-05-20,2026,Term 2,Grade 5,Wednesday,2,09:45,10:45,Humanities,,,
CAL005408,2026-05-20,2026,Term 2,Grade 5,Wednesday,3,11:15,12:15,Health and Physical Education,,,
CAL005409,2026-05-20,2026,Term 2,Grade 5,Wednesday,4,13:00,14:00,Mathematics,,,
CAL005410,2026-05-20,2026,Term 2,Grade 5,Wednesday,5,14:00,15:00,English,,,
CAL005411,2026-05-20,2026,Term 2,Grade 6,Wednesday,1,08:45,09:45,Science,,,
CAL005412,2026-05-20,2026,Term 2,Grade 6,Wednesday,2,09:45,10:45,Humanities,,,
CAL005413,2026-05-20,2026,Term 2,Grade 6,Wednesday,3,11:15,12:15,Design and Technology,,,
CAL005414,2026-05-20,2026,Term 2,Grade 6,Wednesday,4,13:00,14:00,Mathematics,,,
CAL005415,2026-05-20,2026,Term 2,Grade 6,Wednesday,5,14:00,15:00,English,,,
CAL005416,2026-05-21,2026,Term 2,Grade 4,Thursday,1,08:45,09:45,Humanities,,,
CAL005417,2026-05-21,2026,Term 2,Grade 4,Thursday,2,09:45,10:45,Arts,,,
CAL005418,2026-05-21,2026,Term 2,Grade 4,Thursday,3,11:15,12:15,Mathematics,,,
CAL005419,2026-05-21,2026,Term 2,Grade 4,Thursday,4,13:00,14:00,English,,,
CAL005420,2026-05-21,2026,Term 2,Grade 4,Thursday,5,14:00,15:00,Science,,,
CAL005421,2026-05-21,2026,Term 2,Grade 5,Thursday,1,08:45,09:45,Humanities,,,
CAL005422,2026-05-21,2026,Term 2,Grade 5,Thursday,2,09:45,10:45,Health and Physical Education,,,
CAL005423,2026-05-21,2026,Term 2,Grade 5,Thursday,3,11:15,12:15,Mathematics,,,
CAL005424,2026-05-21,2026,Term 2,Grade 5,Thursday,4,13:00,14:00,English,,,
CAL005425,2026-05-21,2026,Term 2,Grade 5,Thursday,5,14:00,15:00,Science,,,
CAL005426,2026-05-21,2026,Term 2,Grade 6,Thursday,1,08:45,09:45,Humanities,,,
CAL005427,2026-05-21,2026,Term 2,Grade 6,Thursday,2,09:45,10:45,Design and Technology,,,
CAL005428,2026-05-21,2026,Term 2,Grade 6,Thursday,3,11:15,12:15,Mathematics,,,
CAL005429,2026-05-21,2026,Term 2,Grade 6,Thursday,4,13:00,14:00,English,,,
CAL005430,2026-05-21,2026,Term 2,Grade 6,Thursday,5,14:00,15:00,Science,,,
CAL005431,2026-05-22,2026,Term 2,Grade 4,Friday,1,08:45,09:45,Arts,,,
CAL005432,2026-05-22,2026,Term 2,Grade 4,Friday,2,09:45,10:45,Mathematics,,,
CAL005433,2026-05-22,2026,Term 2,Grade 4,Friday,3,11:15,12:15,English,,,
CAL005434,2026-05-22,2026,Term 2,Grade 4,Friday,4,13:00,14:00,Science,,,
CAL005435,2026-05-22,2026,Term 2,Grade 4,Friday,5,14:00,15:00,Humanities,,,
CAL005436,2026-05-22,2026,Term 2,Grade 5,Friday,1,08:45,09:45,Health and Physical Education,,,
CAL005437,2026-05-22,2026,Term 2,Grade 5,Friday,2,09:45,10:45,Mathematics,,,
CAL005438,2026-05-22,2026,Term 2,Grade 5,Friday,3,11:15,12:15,English,,,
CAL005439,2026-05-22,2026,Term 2,Grade 5,Friday,4,13:00,14:00,Science,,,
CAL005440,2026-05-22,2026,Term 2,Grade 5,Friday,5,14:00,15:00,Humanities,,,
CAL005441,2026-05-22,2026,Term 2,Grade 6,Friday,1,08:45,09:45,Design and Technology,,,
CAL005442,2026-05-22,2026,Term 2,Grade 6,Friday,2,09:45,10:45,Mathematics,,,
CAL005443,2026-05-22,2026,Term 2,Grade 6,Friday,3,11:15,12:15,English,,,
CAL005444,2026-05-22,2026,Term 2,Grade 6,Friday,4,13:00,14:00,Science,,,
CAL005445,2026-05-22,2026,Term 2,Grade 6,Friday,5,14:00,15:00,Humanities,,,
CAL005446,2026-05-25,2026,Term 2,Grade 4,Monday,1,08:45,09:45,Mathematics,,,
CAL005447,2026-05-25,2026,Term 2,Grade 4,Monday,2,09:45,10:45,English,,,
CAL005448,2026-05-25,2026,Term 2,Grade 4,Monday,3,11:15,12:15,Science,,,
CAL005449,2026-05-25,2026,Term 2,Grade 4,Monday,4,13:00,14:00,Humanities,,,
CAL005450,2026-05-25,2026,Term 2,Grade 4,Monday,5,14:00,15:00,Arts,,,
CAL005451,2026-05-25,2026,Term 2,Grade 5,Monday,1,08:45,09:45,Mathematics,,,
CAL005452,2026-05-25,2026,Term 2,Grade 5,Monday,2,09:45,10:45,English,,,
CAL005453,2026-05-25,2026,Term 2,Grade 5,Monday,3,11:15,12:15,Science,,,
CAL005454,2026-05-25,2026,Term 2,Grade 5,Monday,4,13:00,14:00,Humanities,,,
CAL005455,2026-05-25,2026,Term 2,Grade 5,Monday,5,14:00,15:00,Health and Physical Education,,,
CAL005456,2026-05-25,2026,Term 2,Grade 6,Monday,1,08:45,09:45,Mathematics,,,
CAL005457,2026-05-25,2026,Term 2,Grade 6,Monday,2,09:45,10:45,English,,,
CAL005458,2026-05-25,2026,Term 2,Grade 6,Monday,3,11:15,12:15,Science,,,
CAL005459,2026-05-25,2026,Term 2,Grade 6,Monday,4,13:00,14:00,Humanities,,,
CAL005460,2026-05-25,2026,Term 2,Grade 6,Monday,5,14:00,15:00,Design and Technology,,,
CAL005461,2026-05-26,2026,Term 2,Grade 4,Tuesday,1,08:45,09:45,English,,,
CAL005462,2026-05-26,2026,Term 2,Grade 4,Tuesday,2,09:45,10:45,Science,,,
CAL005463,2026-05-26,2026,Term 2,Grade 4,Tuesday,3,11:15,12:15,Humanities,,,
CAL005464,2026-05-26,2026,Term 2,Grade 4,Tuesday,4,13:00,14:00,Arts,,,
CAL005465,2026-05-26,2026,Term 2,Grade 4,Tuesday,5,14:00,15:00,Mathematics,,,
CAL005466,2026-05-26,2026,Term 2,Grade 5,Tuesday,1,08:45,09:45,English,,,
CAL005467,2026-05-26,2026,Term 2,Grade 5,Tuesday,2,09:45,10:45,Science,,,
CAL005468,2026-05-26,2026,Term 2,Grade 5,Tuesday,3,11:15,12:15,Humanities,,,
CAL005469,2026-05-26,2026,Term 2,Grade 5,Tuesday,4,13:00,14:00,Health and Physical Education,,,
CAL005470,2026-05-26,2026,Term 2,Grade 5,Tuesday,5,14:00,15:00,Mathematics,,,
CAL005471,2026-05-26,2026,Term 2,Grade 6,Tuesday,1,08:45,09:45,English,,,
CAL005472,2026-05-26,2026,Term 2,Grade 6,Tuesday,2,09:45,10:45,Science,,,
CAL005473,2026-05-26,2026,Term 2,Grade 6,Tuesday,3,11:15,12:15,Humanities,,,
CAL005474,2026-05-26,2026,Term 2,Grade 6,Tuesday,4,13:00,14:00,Design and Technology,,,
CAL005475,2026-05-26,2026,Term 2,Grade 6,Tuesday,5,14:00,15:00,Mathematics,,,
CAL005476,2026-05-27,2026,Term 2,Grade 4,Wednesday,1,08:45,09:45,Science,,,
CAL005477,2026-05-27,2026,Term 2,Grade 4,Wednesday,2,09:45,10:45,Humanities,,,
CAL005478,2026-05-27,2026,Term 2,Grade 4,Wednesday,3,11:15,12:15,Arts,,,
CAL005479,2026-05-27,2026,Term 2,Grade 4,Wednesday,4,13:00,14:00,Mathematics,,,
CAL005480,2026-05-27,2026,Term 2,Grade 4,Wednesday,5,14:00,15:00,English,,,
CAL005481,2026-05-27,2026,Term 2,Grade 5,Wednesday,1,08:45,09:45,Science,,,
CAL005482,2026-05-27,2026,Term 2,Grade 5,Wednesday,2,09:45,10:45,Humanities,,,
CAL005483,2026-05-27,2026,Term 2,Grade 5,Wednesday,3,11:15,12:15,Health and Physical Education,,,
CAL005484,2026-05-27,2026,Term 2,Grade 5,Wednesday,4,13:00,14:00,Mathematics,,,
CAL005485,2026-05-27,2026,Term 2,Grade 5,Wednesday,5,14:00,15:00,English,,,
CAL005486,2026-05-27,2026,Term 2,Grade 6,Wednesday,1,08:45,09:45,Science,,,
CAL005487,2026-05-27,2026,Term 2,Grade 6,Wednesday,2,09:45,10:45,Humanities,,,
CAL005488,2026-05-27,2026,Term 2,Grade 6,Wednesday,3,11:15,12:15,Design and Technology,,,
CAL005489,2026-05-27,2026,Term 2,Grade 6,Wednesday,4,13:00,14:00,Mathematics,,,
CAL005490,2026-05-27,2026,Term 2,Grade 6,Wednesday,5,14:00,15:00,English,,,
CAL005491,2026-05-28,2026,Term 2,Grade 4,Thursday,1,08:45,09:45,Humanities,,,
CAL005492,2026-05-28,2026,Term 2,Grade 4,Thursday,2,09:45,10:45,Arts,,,
CAL005493,2026-05-28,2026,Term 2,Grade 4,Thursday,3,11:15,12:15,Mathematics,,,
CAL005494,2026-05-28,2026,Term 2,Grade 4,Thursday,4,13:00,14:00,English,,,
CAL005495,2026-05-28,2026,Term 2,Grade 4,Thursday,5,14:00,15:00,Science,,,
CAL005496,2026-05-28,2026,Term 2,Grade 5,Thursday,1,08:45,09:45,Humanities,,,
CAL005497,2026-05-28,2026,Term 2,Grade 5,Thursday,2,09:45,10:45,Health and Physical Education,,,
CAL005498,2026-05-28,2026,Term 2,Grade 5,Thursday,3,11:15,12:15,Mathematics,,,
CAL005499,2026-05-28,2026,Term 2,Grade 5,Thursday,4,13:00,14:00,English,,,
CAL005500,2026-05-28,2026,Term 2,Grade 5,Thursday,5,14:00,15:00,Science,,,
CAL005501,2026-05-28,2026,Term 2,Grade 6,Thursday,1,08:45,09:45,Humanities,,,
CAL005502,2026-05-28,2026,Term 2,Grade 6,Thursday,2,09:45,10:45,Design and Technology,,,
CAL005503,2026-05-28,2026,Term 2,Grade 6,Thursday,3,11:15,12:15,Mathematics,,,
CAL005504,2026-05-28,2026,Term 2,Grade 6,Thursday,4,13:00,14:00,English,,,
CAL005505,2026-05-28,2026,Term 2,Grade 6,Thursday,5,14:00,15:00,Science,,,
CAL005506,2026-05-29,2026,Term 2,Grade 4,Friday,1,08:45,09:45,Arts,,,
CAL005507,2026-05-29,2026,Term 2,Grade 4,Friday,2,09:45,10:45,Mathematics,,,
CAL005508,2026-05-29,2026,Term 2,Grade 4,Friday,3,11:15,12:15,English,,,
CAL005509,2026-05-29,2026,Term 2,Grade 4,Friday,4,13:00,14:00,Science,,,
CAL005510,2026-05-29,2026,Term 2,Grade 4,Friday,5,14:00,15:00,Humanities,,,
CAL005511,2026-05-29,2026,Term 2,Grade 5,Friday,1,08:45,09:45,Health and Physical Education,,,
CAL005512,2026-05-29,2026,Term 2,Grade 5,Friday,2,09:45,10:45,Mathematics,,,
CAL005513,2026-05-29,2026,Term 2,Grade 5,Friday,3,11:15,12:15,English,,,
CAL005514,2026-05-29,2026,Term 2,Grade 5,Friday,4,13:00,14:00,Science,,,
CAL005515,2026-05-29,2026,Term 2,Grade 5,Friday,5,14:00,15:00,Humanities,,,
CAL005516,2026-05-29,2026,Term 2,Grade 6,Friday,1,08:45,09:45,Design and Technology,,,
CAL005517,2026-05-29,2026,Term 2,Grade 6,Friday,2,09:45,10:45,Mathematics,,,
CAL005518,2026-05-29,2026,Term 2,Grade 6,Friday,3,11:15,12:15,English,,,
CAL005519,2026-05-29,2026,Term 2,Grade 6,Friday,4,13:00,14:00,Science,,,
CAL005520,2026-05-29,2026,Term 2,Grade 6,Friday,5,14:00,15:00,Humanities,,,
CAL005521,2026-06-01,2026,Term 2,Grade 4,Monday,1,08:45,09:45,Mathematics,,,
CAL005522,2026-06-01,2026,Term 2,Grade 4,Monday,2,09:45,10:45,English,,,
CAL005523,2026-06-01,2026,Term 2,Grade 4,Monday,3,11:15,12:15,Science,,,
CAL005524,2026-06-01,2026,Term 2,Grade 4,Monday,4,13:00,14:00,Humanities,,,
CAL005525,2026-06-01,2026,Term 2,Grade 4,Monday,5,14:00,15:00,Arts,,,
CAL005526,2026-06-01,2026,Term 2,Grade 5,Monday,1,08:45,09:45,Mathematics,,,
CAL005527,2026-06-01,2026,Term 2,Grade 5,Monday,2,09:45,10:45,English,,,
CAL005528,2026-06-01,2026,Term 2,Grade 5,Monday,3,11:15,12:15,Science,,,
CAL005529,2026-06-01,2026,Term 2,Grade 5,Monday,4,13:00,14:00,Humanities,,,
CAL005530,2026-06-01,2026,Term 2,Grade 5,Monday,5,14:00,15:00,Health and Physical Education,,,
CAL005531,2026-06-01,2026,Term 2,Grade 6,Monday,1,08:45,09:45,Mathematics,,,
CAL005532,2026-06-01,2026,Term 2,Grade 6,Monday,2,09:45,10:45,English,,,
CAL005533,2026-06-01,2026,Term 2,Grade 6,Monday,3,11:15,12:15,Science,,,
CAL005534,2026-06-01,2026,Term 2,Grade 6,Monday,4,13:00,14:00,Humanities,,,
CAL005535,2026-06-01,2026,Term 2,Grade 6,Monday,5,14:00,15:00,Design and Technology,,,
CAL005536,2026-06-02,2026,Term 2,Grade 4,Tuesday,1,08:45,09:45,English,,,
CAL005537,2026-06-02,2026,Term 2,Grade 4,Tuesday,2,09:45,10:45,Science,,,
CAL005538,2026-06-02,2026,Term 2,Grade 4,Tuesday,3,11:15,12:15,Humanities,,,
CAL005539,2026-06-02,2026,Term 2,Grade 4,Tuesday,4,13:00,14:00,Arts,,,
CAL005540,2026-06-02,2026,Term 2,Grade 4,Tuesday,5,14:00,15:00,Mathematics,,,
CAL005541,2026-06-02,2026,Term 2,Grade 5,Tuesday,1,08:45,09:45,English,,,
CAL005542,2026-06-02,2026,Term 2,Grade 5,Tuesday,2,09:45,10:45,Science,,,
CAL005543,2026-06-02,2026,Term 2,Grade 5,Tuesday,3,11:15,12:15,Humanities,,,
CAL005544,2026-06-02,2026,Term 2,Grade 5,Tuesday,4,13:00,14:00,Health and Physical Education,,,
CAL005545,2026-06-02,2026,Term 2,Grade 5,Tuesday,5,14:00,15:00,Mathematics,,,
CAL005546,2026-06-02,2026,Term 2,Grade 6,Tuesday,1,08:45,09:45,English,,,
CAL005547,2026-06-02,2026,Term 2,Grade 6,Tuesday,2,09:45,10:45,Science,,,
CAL005548,2026-06-02,2026,Term 2,Grade 6,Tuesday,3,11:15,12:15,Humanities,,,
CAL005549,2026-06-02,2026,Term 2,Grade 6,Tuesday,4,13:00,14:00,Design and Technology,,,
CAL005550,2026-06-02,2026,Term 2,Grade 6,Tuesday,5,14:00,15:00,Mathematics,,,
CAL005551,2026-06-03,2026,Term 2,Grade 4,Wednesday,1,08:45,09:45,Science,,,
CAL005552,2026-06-03,2026,Term 2,Grade 4,Wednesday,2,09:45,10:45,Humanities,,,
CAL005553,2026-06-03,2026,Term 2,Grade 4,Wednesday,3,11:15,12:15,Arts,,,
CAL005554,2026-06-03,2026,Term 2,Grade 4,Wednesday,4,13:00,14:00,Mathematics,,,
CAL005555,2026-06-03,2026,Term 2,Grade 4,Wednesday,5,14:00,15:00,English,,,
CAL005556,2026-06-03,2026,Term 2,Grade 5,Wednesday,1,08:45,09:45,Science,,,
CAL005557,2026-06-03,2026,Term 2,Grade 5,Wednesday,2,09:45,10:45,Humanities,,,
CAL005558,2026-06-03,2026,Term 2,Grade 5,Wednesday,3,11:15,12:15,Health and Physical Education,,,
CAL005559,2026-06-03,2026,Term 2,Grade 5,Wednesday,4,13:00,14:00,Mathematics,,,
CAL005560,2026-06-03,2026,Term 2,Grade 5,Wednesday,5,14:00,15:00,English,,,
CAL005561,2026-06-03,2026,Term 2,Grade 6,Wednesday,1,08:45,09:45,Science,,,
CAL005562,2026-06-03,2026,Term 2,Grade 6,Wednesday,2,09:45,10:45,Humanities,,,
CAL005563,2026-06-03,2026,Term 2,Grade 6,Wednesday,3,11:15,12:15,Design and Technology,,,
CAL005564,2026-06-03,2026,Term 2,Grade 6,Wednesday,4,13:00,14:00,Mathematics,,,
CAL005565,2026-06-03,2026,Term 2,Grade 6,Wednesday,5,14:00,15:00,English,,,
CAL005566,2026-06-04,2026,Term 2,Grade 4,Thursday,1,08:45,09:45,Humanities,,,
CAL005567,2026-06-04,2026,Term 2,Grade 4,Thursday,2,09:45,10:45,Arts,,,
CAL005568,2026-06-04,2026,Term 2,Grade 4,Thursday,3,11:15,12:15,Mathematics,,,
CAL005569,2026-06-04,2026,Term 2,Grade 4,Thursday,4,13:00,14:00,English,,,
CAL005570,2026-06-04,2026,Term 2,Grade 4,Thursday,5,14:00,15:00,Science,,,
CAL005571,2026-06-04,2026,Term 2,Grade 5,Thursday,1,08:45,09:45,Humanities,,,
CAL005572,2026-06-04,2026,Term 2,Grade 5,Thursday,2,09:45,10:45,Health and Physical Education,,,
CAL005573,2026-06-04,2026,Term 2,Grade 5,Thursday,3,11:15,12:15,Mathematics,,,
CAL005574,2026-06-04,2026,Term 2,Grade 5,Thursday,4,13:00,14:00,English,,,
CAL005575,2026-06-04,2026,Term 2,Grade 5,Thursday,5,14:00,15:00,Science,,,
CAL005576,2026-06-04,2026,Term 2,Grade 6,Thursday,1,08:45,09:45,Humanities,,,
CAL005577,2026-06-04,2026,Term 2,Grade 6,Thursday,2,09:45,10:45,Design and Technology,,,
CAL005578,2026-06-04,2026,Term 2,Grade 6,Thursday,3,11:15,12:15,Mathematics,,,
CAL005579,2026-06-04,2026,Term 2,Grade 6,Thursday,4,13:00,14:00,English,,,
CAL005580,2026-06-04,2026,Term 2,Grade 6,Thursday,5,14:00,15:00,Science,,,
CAL005581,2026-06-05,2026,Term 2,Grade 4,Friday,1,08:45,09:45,Arts,,,
CAL005582,2026-06-05,2026,Term 2,Grade 4,Friday,2,09:45,10:45,Mathematics,,,
CAL005583,2026-06-05,2026,Term 2,Grade 4,Friday,3,11:15,12:15,English,,,
CAL005584,2026-06-05,2026,Term 2,Grade 4,Friday,4,13:00,14:00,Science,,,
CAL005585,2026-06-05,2026,Term 2,Grade 4,Friday,5,14:00,15:00,Humanities,,,
CAL005586,2026-06-05,2026,Term 2,Grade 5,Friday,1,08:45,09:45,Health and Physical Education,,,
CAL005587,2026-06-05,2026,Term 2,Grade 5,Friday,2,09:45,10:45,Mathematics,,,
CAL005588,2026-06-05,2026,Term 2,Grade 5,Friday,3,11:15,12:15,English,,,
CAL005589,2026-06-05,2026,Term 2,Grade 5,Friday,4,13:00,14:00,Science,,,
CAL005590,2026-06-05,2026,Term 2,Grade 5,Friday,5,14:00,15:00,Humanities,,,
CAL005591,2026-06-05,2026,Term 2,Grade 6,Friday,1,08:45,09:45,Design and Technology,,,
CAL005592,2026-06-05,2026,Term 2,Grade 6,Friday,2,09:45,10:45,Mathematics,,,
CAL005593,2026-06-05,2026,Term 2,Grade 6,Friday,3,11:15,12:15,English,,,
CAL005594,2026-06-05,2026,Term 2,Grade 6,Friday,4,13:00,14:00,Science,,,
CAL005595,2026-06-05,2026,Term 2,Grade 6,Friday,5,14:00,15:00,Humanities,,,
CAL005596,2026-06-08,2026,Term 2,Grade 4,Monday,1,08:45,09:45,Mathematics,,,
CAL005597,2026-06-08,2026,Term 2,Grade 4,Monday,2,09:45,10:45,English,,,
CAL005598,2026-06-08,2026,Term 2,Grade 4,Monday,3,11:15,12:15,Science,,,
CAL005599,2026-06-08,2026,Term 2,Grade 4,Monday,4,13:00,14:00,Humanities,,,
CAL005600,2026-06-08,2026,Term 2,Grade 4,Monday,5,14:00,15:00,Arts,,,
CAL005601,2026-06-08,2026,Term 2,Grade 5,Monday,1,08:45,09:45,Mathematics,,,
CAL005602,2026-06-08,2026,Term 2,Grade 5,Monday,2,09:45,10:45,English,,,
CAL005603,2026-06-08,2026,Term 2,Grade 5,Monday,3,11:15,12:15,Science,,,
CAL005604,2026-06-08,2026,Term 2,Grade 5,Monday,4,13:00,14:00,Humanities,,,
CAL005605,2026-06-08,2026,Term 2,Grade 5,Monday,5,14:00,15:00,Health and Physical Education,,,
CAL005606,2026-06-08,2026,Term 2,Grade 6,Monday,1,08:45,09:45,Mathematics,,,
CAL005607,2026-06-08,2026,Term 2,Grade 6,Monday,2,09:45,10:45,English,,,
CAL005608,2026-06-08,2026,Term 2,Grade 6,Monday,3,11:15,12:15,Science,,,
CAL005609,2026-06-08,2026,Term 2,Grade 6,Monday,4,13:00,14:00,Humanities,,,
CAL005610,2026-06-08,2026,Term 2,Grade 6,Monday,5,14:00,15:00,Design and Technology,,,
CAL005611,2026-06-09,2026,Term 2,Grade 4,Tuesday,1,08:45,09:45,English,,,
CAL005612,2026-06-09,2026,Term 2,Grade 4,Tuesday,2,09:45,10:45,Science,,,
CAL005613,2026-06-09,2026,Term 2,Grade 4,Tuesday,3,11:15,12:15,Humanities,,,
CAL005614,2026-06-09,2026,Term 2,Grade 4,Tuesday,4,13:00,14:00,Arts,,,
CAL005615,2026-06-09,2026,Term 2,Grade 4,Tuesday,5,14:00,15:00,Mathematics,,,
CAL005616,2026-06-09,2026,Term 2,Grade 5,Tuesday,1,08:45,09:45,English,,,
CAL005617,2026-06-09,2026,Term 2,Grade 5,Tuesday,2,09:45,10:45,Science,,,
CAL005618,2026-06-09,2026,Term 2,Grade 5,Tuesday,3,11:15,12:15,Humanities,,,
CAL005619,2026-06-09,2026,Term 2,Grade 5,Tuesday,4,13:00,14:00,Health and Physical Education,,,
CAL005620,2026-06-09,2026,Term 2,Grade 5,Tuesday,5,14:00,15:00,Mathematics,,,
CAL005621,2026-06-09,2026,Term 2,Grade 6,Tuesday,1,08:45,09:45,English,,,
CAL005622,2026-06-09,2026,Term 2,Grade 6,Tuesday,2,09:45,10:45,Science,,,
CAL005623,2026-06-09,2026,Term 2,Grade 6,Tuesday,3,11:15,12:15,Humanities,,,
CAL005624,2026-06-09,2026,Term 2,Grade 6,Tuesday,4,13:00,14:00,Design and Technology,,,
CAL005625,2026-06-09,2026,Term 2,Grade 6,Tuesday,5,14:00,15:00,Mathematics,,,
CAL005626,2026-06-10,2026,Term 2,Grade 4,Wednesday,1,08:45,09:45,Science,,,
CAL005627,2026-06-10,2026,Term 2,Grade 4,Wednesday,2,09:45,10:45,Humanities,,,
CAL005628,2026-06-10,2026,Term 2,Grade 4,Wednesday,3,11:15,12:15,Arts,,,
CAL005629,2026-06-10,2026,Term 2,Grade 4,Wednesday,4,13:00,14:00,Mathematics,,,
CAL005630,2026-06-10,2026,Term 2,Grade 4,Wednesday,5,14:00,15:00,English,,,
CAL005631,2026-06-10,2026,Term 2,Grade 5,Wednesday,1,08:45,09:45,Science,,,
CAL005632,2026-06-10,2026,Term 2,Grade 5,Wednesday,2,09:45,10:45,Humanities,,,
CAL005633,2026-06-10,2026,Term 2,Grade 5,Wednesday,3,11:15,12:15,Health and Physical Education,,,
CAL005634,2026-06-10,2026,Term 2,Grade 5,Wednesday,4,13:00,14:00,Mathematics,,,
CAL005635,2026-06-10,2026,Term 2,Grade 5,Wednesday,5,14:00,15:00,English,,,
CAL005636,2026-06-10,2026,Term 2,Grade 6,Wednesday,1,08:45,09:45,Science,,,
CAL005637,2026-06-10,2026,Term 2,Grade 6,Wednesday,2,09:45,10:45,Humanities,,,
CAL005638,2026-06-10,2026,Term 2,Grade 6,Wednesday,3,11:15,12:15,Design and Technology,,,
CAL005639,2026-06-10,2026,Term 2,Grade 6,Wednesday,4,13:00,14:00,Mathematics,,,
CAL005640,2026-06-10,2026,Term 2,Grade 6,Wednesday,5,14:00,15:00,English,,,
CAL005641,2026-06-11,2026,Term 2,Grade 4,Thursday,1,08:45,09:45,Humanities,,,
CAL005642,2026-06-11,2026,Term 2,Grade 4,Thursday,2,09:45,10:45,Arts,,,
CAL005643,2026-06-11,2026,Term 2,Grade 4,Thursday,3,11:15,12:15,Mathematics,,,
CAL005644,2026-06-11,2026,Term 2,Grade 4,Thursday,4,13:00,14:00,English,,,
CAL005645,2026-06-11,2026,Term 2,Grade 4,Thursday,5,14:00,15:00,Science,,,
CAL005646,2026-06-11,2026,Term 2,Grade 5,Thursday,1,08:45,09:45,Humanities,,,
CAL005647,2026-06-11,2026,Term 2,Grade 5,Thursday,2,09:45,10:45,Health and Physical Education,,,
CAL005648,2026-06-11,2026,Term 2,Grade 5,Thursday,3,11:15,12:15,Mathematics,,,
CAL005649,2026-06-11,2026,Term 2,Grade 5,Thursday,4,13:00,14:00,English,,,
CAL005650,2026-06-11,2026,Term 2,Grade 5,Thursday,5,14:00,15:00,Science,,,
CAL005651,2026-06-11,2026,Term 2,Grade 6,Thursday,1,08:45,09:45,Humanities,,,
CAL005652,2026-06-11,2026,Term 2,Grade 6,Thursday,2,09:45,10:45,Design and Technology,,,
CAL005653,2026-06-11,2026,Term 2,Grade 6,Thursday,3,11:15,12:15,Mathematics,,,
CAL005654,2026-06-11,2026,Term 2,Grade 6,Thursday,4,13:00,14:00,English,,,
CAL005655,2026-06-11,2026,Term 2,Grade 6,Thursday,5,14:00,15:00,Science,,,
CAL005656,2026-06-12,2026,Term 2,Grade 4,Friday,1,08:45,09:45,Arts,,,
CAL005657,2026-06-12,2026,Term 2,Grade 4,Friday,2,09:45,10:45,Mathematics,,,
CAL005658,2026-06-12,2026,Term 2,Grade 4,Friday,3,11:15,12:15,English,,,
CAL005659,2026-06-12,2026,Term 2,Grade 4,Friday,4,13:00,14:00,Science,,,
CAL005660,2026-06-12,2026,Term 2,Grade 4,Friday,5,14:00,15:00,Humanities,,,
CAL005661,2026-06-12,2026,Term 2,Grade 5,Friday,1,08:45,09:45,Health and Physical Education,,,
CAL005662,2026-06-12,2026,Term 2,Grade 5,Friday,2,09:45,10:45,Mathematics,,,
CAL005663,2026-06-12,2026,Term 2,Grade 5,Friday,3,11:15,12:15,English,,,
CAL005664,2026-06-12,2026,Term 2,Grade 5,Friday,4,13:00,14:00,Science,,,
CAL005665,2026-06-12,2026,Term 2,Grade 5,Friday,5,14:00,15:00,Humanities,,,
CAL005666,2026-06-12,2026,Term 2,Grade 6,Friday,1,08:45,09:45,Design and Technology,,,
CAL005667,2026-06-12,2026,Term 2,Grade 6,Friday,2,09:45,10:45,Mathematics,,,
CAL005668,2026-06-12,2026,Term 2,Grade 6,Friday,3,11:15,12:15,English,,,
CAL005669,2026-06-12,2026,Term 2,Grade 6,Friday,4,13:00,14:00,Science,,,
CAL005670,2026-06-12,2026,Term 2,Grade 6,Friday,5,14:00,15:00,Humanities,,,
CAL005671,2026-06-15,2026,Term 2,Grade 4,Monday,1,08:45,09:45,Mathematics,,,
CAL005672,2026-06-15,2026,Term 2,Grade 4,Monday,2,09:45,10:45,English,,,
CAL005673,2026-06-15,2026,Term 2,Grade 4,Monday,3,11:15,12:15,Science,,,
CAL005674,2026-06-15,2026,Term 2,Grade 4,Monday,4,13:00,14:00,Humanities,,,
CAL005675,2026-06-15,2026,Term 2,Grade 4,Monday,5,14:00,15:00,Arts,,,
CAL005676,2026-06-15,2026,Term 2,Grade 5,Monday,1,08:45,09:45,Mathematics,,,
CAL005677,2026-06-15,2026,Term 2,Grade 5,Monday,2,09:45,10:45,English,,,
CAL005678,2026-06-15,2026,Term 2,Grade 5,Monday,3,11:15,12:15,Science,,,
CAL005679,2026-06-15,2026,Term 2,Grade 5,Monday,4,13:00,14:00,Humanities,,,
CAL005680,2026-06-15,2026,Term 2,Grade 5,Monday,5,14:00,15:00,Health and Physical Education,,,
CAL005681,2026-06-15,2026,Term 2,Grade 6,Monday,1,08:45,09:45,Mathematics,,,
CAL005682,2026-06-15,2026,Term 2,Grade 6,Monday,2,09:45,10:45,English,,,
CAL005683,2026-06-15,2026,Term 2,Grade 6,Monday,3,11:15,12:15,Science,,,
CAL005684,2026-06-15,2026,Term 2,Grade 6,Monday,4,13:00,14:00,Humanities,,,
CAL005685,2026-06-15,2026,Term 2,Grade 6,Monday,5,14:00,15:00,Design and Technology,,,
CAL005686,2026-06-16,2026,Term 2,Grade 4,Tuesday,1,08:45,09:45,English,,,
CAL005687,2026-06-16,2026,Term 2,Grade 4,Tuesday,2,09:45,10:45,Science,,,
CAL005688,2026-06-16,2026,Term 2,Grade 4,Tuesday,3,11:15,12:15,Humanities,,,
CAL005689,2026-06-16,2026,Term 2,Grade 4,Tuesday,4,13:00,14:00,Arts,,,
CAL005690,2026-06-16,2026,Term 2,Grade 4,Tuesday,5,14:00,15:00,Mathematics,,,
CAL005691,2026-06-16,2026,Term 2,Grade 5,Tuesday,1,08:45,09:45,English,,,
CAL005692,2026-06-16,2026,Term 2,Grade 5,Tuesday,2,09:45,10:45,Science,,,
CAL005693,2026-06-16,2026,Term 2,Grade 5,Tuesday,3,11:15,12:15,Humanities,,,
CAL005694,2026-06-16,2026,Term 2,Grade 5,Tuesday,4,13:00,14:00,Health and Physical Education,,,
CAL005695,2026-06-16,2026,Term 2,Grade 5,Tuesday,5,14:00,15:00,Mathematics,,,
CAL005696,2026-06-16,2026,Term 2,Grade 6,Tuesday,1,08:45,09:45,English,,,
CAL005697,2026-06-16,2026,Term 2,Grade 6,Tuesday,2,09:45,10:45,Science,,,
CAL005698,2026-06-16,2026,Term 2,Grade 6,Tuesday,3,11:15,12:15,Humanities,,,
CAL005699,2026-06-16,2026,Term 2,Grade 6,Tuesday,4,13:00,14:00,Design and Technology,,,
CAL005700,2026-06-16,2026,Term 2,Grade 6,Tuesday,5,14:00,15:00,Mathematics,,,
CAL005701,2026-06-17,2026,Term 2,Grade 4,Wednesday,1,08:45,09:45,Science,,,
CAL005702,2026-06-17,2026,Term 2,Grade 4,Wednesday,2,09:45,10:45,Humanities,,,
CAL005703,2026-06-17,2026,Term 2,Grade 4,Wednesday,3,11:15,12:15,Arts,,,
CAL005704,2026-06-17,2026,Term 2,Grade 4,Wednesday,4,13:00,14:00,Mathematics,,,
CAL005705,2026-06-17,2026,Term 2,Grade 4,Wednesday,5,14:00,15:00,English,,,
CAL005706,2026-06-17,2026,Term 2,Grade 5,Wednesday,1,08:45,09:45,Science,,,
CAL005707,2026-06-17,2026,Term 2,Grade 5,Wednesday,2,09:45,10:45,Humanities,,,
CAL005708,2026-06-17,2026,Term 2,Grade 5,Wednesday,3,11:15,12:15,Health and Physical Education,,,
CAL005709,2026-06-17,2026,Term 2,Grade 5,Wednesday,4,13:00,14:00,Mathematics,,,
CAL005710,2026-06-17,2026,Term 2,Grade 5,Wednesday,5,14:00,15:00,English,,,
CAL005711,2026-06-17,2026,Term 2,Grade 6,Wednesday,1,08:45,09:45,Science,,,
CAL005712,2026-06-17,2026,Term 2,Grade 6,Wednesday,2,09:45,10:45,Humanities,,,
CAL005713,2026-06-17,2026,Term 2,Grade 6,Wednesday,3,11:15,12:15,Design and Technology,,,
CAL005714,2026-06-17,2026,Term 2,Grade 6,Wednesday,4,13:00,14:00,Mathematics,,,
CAL005715,2026-06-17,2026,Term 2,Grade 6,Wednesday,5,14:00,15:00,English,,,
CAL005716,2026-06-18,2026,Term 2,Grade 4,Thursday,1,08:45,09:45,Humanities,,,
CAL005717,2026-06-18,2026,Term 2,Grade 4,Thursday,2,09:45,10:45,Arts,,,
CAL005718,2026-06-18,2026,Term 2,Grade 4,Thursday,3,11:15,12:15,Mathematics,,,
CAL005719,2026-06-18,2026,Term 2,Grade 4,Thursday,4,13:00,14:00,English,,,
CAL005720,2026-06-18,2026,Term 2,Grade 4,Thursday,5,14:00,15:00,Science,,,
CAL005721,2026-06-18,2026,Term 2,Grade 5,Thursday,1,08:45,09:45,Humanities,,,
CAL005722,2026-06-18,2026,Term 2,Grade 5,Thursday,2,09:45,10:45,Health and Physical Education,,,
CAL005723,2026-06-18,2026,Term 2,Grade 5,Thursday,3,11:15,12:15,Mathematics,,,
CAL005724,2026-06-18,2026,Term 2,Grade 5,Thursday,4,13:00,14:00,English,,,
CAL005725,2026-06-18,2026,Term 2,Grade 5,Thursday,5,14:00,15:00,Science,,,
CAL005726,2026-06-18,2026,Term 2,Grade 6,Thursday,1,08:45,09:45,Humanities,,,
CAL005727,2026-06-18,2026,Term 2,Grade 6,Thursday,2,09:45,10:45,Design and Technology,,,
CAL005728,2026-06-18,2026,Term 2,Grade 6,Thursday,3,11:15,12:15,Mathematics,,,
CAL005729,2026-06-18,2026,Term 2,Grade 6,Thursday,4,13:00,14:00,English,,,
CAL005730,2026-06-18,2026,Term 2,Grade 6,Thursday,5,14:00,15:00,Science,,,
CAL005731,2026-06-19,2026,Term 2,Grade 4,Friday,1,08:45,09:45,Arts,,,
CAL005732,2026-06-19,2026,Term 2,Grade 4,Friday,2,09:45,10:45,Mathematics,,,
CAL005733,2026-06-19,2026,Term 2,Grade 4,Friday,3,11:15,12:15,English,,,
CAL005734,2026-06-19,2026,Term 2,Grade 4,Friday,4,13:00,14:00,Science,,,
CAL005735,2026-06-19,2026,Term 2,Grade 4,Friday,5,14:00,15:00,Humanities,,,
CAL005736,2026-06-19,2026,Term 2,Grade 5,Friday,1,08:45,09:45,Health and Physical Education,,,
CAL005737,2026-06-19,2026,Term 2,Grade 5,Friday,2,09:45,10:45,Mathematics,,,
CAL005738,2026-06-19,2026,Term 2,Grade 5,Friday,3,11:15,12:15,English,,,
CAL005739,2026-06-19,2026,Term 2,Grade 5,Friday,4,13:00,14:00,Science,,,
CAL005740,2026-06-19,2026,Term 2,Grade 5,Friday,5,14:00,15:00,Humanities,,,
CAL005741,2026-06-19,2026,Term 2,Grade 6,Friday,1,08:45,09:45,Design and Technology,,,
CAL005742,2026-06-19,2026,Term 2,Grade 6,Friday,2,09:45,10:45,Mathematics,,,
CAL005743,2026-06-19,2026,Term 2,Grade 6,Friday,3,11:15,12:15,English,,,
CAL005744,2026-06-19,2026,Term 2,Grade 6,Friday,4,13:00,14:00,Science,,,
CAL005745,2026-06-19,2026,Term 2,Grade 6,Friday,5,14:00,15:00,Humanities,,,
CAL005746,2026-06-22,2026,Term 2,Grade 4,Monday,1,08:45,09:45,Mathematics,,,
CAL005747,2026-06-22,2026,Term 2,Grade 4,Monday,2,09:45,10:45,English,,,
CAL005748,2026-06-22,2026,Term 2,Grade 4,Monday,3,11:15,12:15,Science,,,
CAL005749,2026-06-22,2026,Term 2,Grade 4,Monday,4,13:00,14:00,Humanities,,,
CAL005750,2026-06-22,2026,Term 2,Grade 4,Monday,5,14:00,15:00,Arts,,,
CAL005751,2026-06-22,2026,Term 2,Grade 5,Monday,1,08:45,09:45,Mathematics,,,
CAL005752,2026-06-22,2026,Term 2,Grade 5,Monday,2,09:45,10:45,English,,,
CAL005753,2026-06-22,2026,Term 2,Grade 5,Monday,3,11:15,12:15,Science,,,
CAL005754,2026-06-22,2026,Term 2,Grade 5,Monday,4,13:00,14:00,Humanities,,,
CAL005755,2026-06-22,2026,Term 2,Grade 5,Monday,5,14:00,15:00,Health and Physical Education,,,
CAL005756,2026-06-22,2026,Term 2,Grade 6,Monday,1,08:45,09:45,Mathematics,,,
CAL005757,2026-06-22,2026,Term 2,Grade 6,Monday,2,09:45,10:45,English,,,
CAL005758,2026-06-22,2026,Term 2,Grade 6,Monday,3,11:15,12:15,Science,,,
CAL005759,2026-06-22,2026,Term 2,Grade 6,Monday,4,13:00,14:00,Humanities,,,
CAL005760,2026-06-22,2026,Term 2,Grade 6,Monday,5,14:00,15:00,Design and Technology,,,
CAL005761,2026-06-23,2026,Term 2,Grade 4,Tuesday,1,08:45,09:45,English,,,
CAL005762,2026-06-23,2026,Term 2,Grade 4,Tuesday,2,09:45,10:45,Science,,,
CAL005763,2026-06-23,2026,Term 2,Grade 4,Tuesday,3,11:15,12:15,Humanities,,,
CAL005764,2026-06-23,2026,Term 2,Grade 4,Tuesday,4,13:00,14:00,Arts,,,
CAL005765,2026-06-23,2026,Term 2,Grade 4,Tuesday,5,14:00,15:00,Mathematics,,,
CAL005766,2026-06-23,2026,Term 2,Grade 5,Tuesday,1,08:45,09:45,English,,,
CAL005767,2026-06-23,2026,Term 2,Grade 5,Tuesday,2,09:45,10:45,Science,,,
CAL005768,2026-06-23,2026,Term 2,Grade 5,Tuesday,3,11:15,12:15,Humanities,,,
CAL005769,2026-06-23,2026,Term 2,Grade 5,Tuesday,4,13:00,14:00,Health and Physical Education,,,
CAL005770,2026-06-23,2026,Term 2,Grade 5,Tuesday,5,14:00,15:00,Mathematics,,,
CAL005771,2026-06-23,2026,Term 2,Grade 6,Tuesday,1,08:45,09:45,English,,,
CAL005772,2026-06-23,2026,Term 2,Grade 6,Tuesday,2,09:45,10:45,Science,,,
CAL005773,2026-06-23,2026,Term 2,Grade 6,Tuesday,3,11:15,12:15,Humanities,,,
CAL005774,2026-06-23,2026,Term 2,Grade 6,Tuesday,4,13:00,14:00,Design and Technology,,,
CAL005775,2026-06-23,2026,Term 2,Grade 6,Tuesday,5,14:00,15:00,Mathematics,,,
CAL005776,2026-06-24,2026,Term 2,Grade 4,Wednesday,1,08:45,09:45,Science,,,
CAL005777,2026-06-24,2026,Term 2,Grade 4,Wednesday,2,09:45,10:45,Humanities,,,
CAL005778,2026-06-24,2026,Term 2,Grade 4,Wednesday,3,11:15,12:15,Arts,,,
CAL005779,2026-06-24,2026,Term 2,Grade 4,Wednesday,4,13:00,14:00,Mathematics,,,
CAL005780,2026-06-24,2026,Term 2,Grade 4,Wednesday,5,14:00,15:00,English,,,
CAL005781,2026-06-24,2026,Term 2,Grade 5,Wednesday,1,08:45,09:45,Science,,,
CAL005782,2026-06-24,2026,Term 2,Grade 5,Wednesday,2,09:45,10:45,Humanities,,,
CAL005783,2026-06-24,2026,Term 2,Grade 5,Wednesday,3,11:15,12:15,Health and Physical Education,,,
CAL005784,2026-06-24,2026,Term 2,Grade 5,Wednesday,4,13:00,14:00,Mathematics,,,
CAL005785,2026-06-24,2026,Term 2,Grade 5,Wednesday,5,14:00,15:00,English,,,
CAL005786,2026-06-24,2026,Term 2,Grade 6,Wednesday,1,08:45,09:45,Science,,,
CAL005787,2026-06-24,2026,Term 2,Grade 6,Wednesday,2,09:45,10:45,Humanities,,,
CAL005788,2026-06-24,2026,Term 2,Grade 6,Wednesday,3,11:15,12:15,Design and Technology,,,
CAL005789,2026-06-24,2026,Term 2,Grade 6,Wednesday,4,13:00,14:00,Mathematics,,,
CAL005790,2026-06-24,2026,Term 2,Grade 6,Wednesday,5,14:00,15:00,English,,,
CAL005791,2026-06-25,2026,Term 2,Grade 4,Thursday,1,08:45,09:45,Humanities,,,
CAL005792,2026-06-25,2026,Term 2,Grade 4,Thursday,2,09:45,10:45,Arts,,,
CAL005793,2026-06-25,2026,Term 2,Grade 4,Thursday,3,11:15,12:15,Mathematics,,,
CAL005794,2026-06-25,2026,Term 2,Grade 4,Thursday,4,13:00,14:00,English,,,
CAL005795,2026-06-25,2026,Term 2,Grade 4,Thursday,5,14:00,15:00,Science,,,
CAL005796,2026-06-25,2026,Term 2,Grade 5,Thursday,1,08:45,09:45,Humanities,,,
CAL005797,2026-06-25,2026,Term 2,Grade 5,Thursday,2,09:45,10:45,Health and Physical Education,,,
CAL005798,2026-06-25,2026,Term 2,Grade 5,Thursday,3,11:15,12:15,Mathematics,,,
CAL005799,2026-06-25,2026,Term 2,Grade 5,Thursday,4,13:00,14:00,English,,,
CAL005800,2026-06-25,2026,Term 2,Grade 5,Thursday,5,14:00,15:00,Science,,,
CAL005801,2026-06-25,2026,Term 2,Grade 6,Thursday,1,08:45,09:45,Humanities,,,
CAL005802,2026-06-25,2026,Term 2,Grade 6,Thursday,2,09:45,10:45,Design and Technology,,,
CAL005803,2026-06-25,2026,Term 2,Grade 6,Thursday,3,11:15,12:15,Mathematics,,,
CAL005804,2026-06-25,2026,Term 2,Grade 6,Thursday,4,13:00,14:00,English,,,
CAL005805,2026-06-25,2026,Term 2,Grade 6,Thursday,5,14:00,15:00,Science,,,
CAL005806,2026-06-26,2026,Term 2,Grade 4,Friday,1,08:45,09:45,Arts,,,
CAL005807,2026-06-26,2026,Term 2,Grade 4,Friday,2,09:45,10:45,Mathematics,,,
CAL005808,2026-06-26,2026,Term 2,Grade 4,Friday,3,11:15,12:15,English,,,
CAL005809,2026-06-26,2026,Term 2,Grade 4,Friday,4,13:00,14:00,Science,,,
CAL005810,2026-06-26,2026,Term 2,Grade 4,Friday,5,14:00,15:00,Humanities,,,
CAL005811,2026-06-26,2026,Term 2,Grade 5,Friday,1,08:45,09:45,Health and Physical Education,,,
CAL005812,2026-06-26,2026,Term 2,Grade 5,Friday,2,09:45,10:45,Mathematics,,,
CAL005813,2026-06-26,2026,Term 2,Grade 5,Friday,3,11:15,12:15,English,,,
CAL005814,2026-06-26,2026,Term 2,Grade 5,Friday,4,13:00,14:00,Science,,,
CAL005815,2026-06-26,2026,Term 2,Grade 5,Friday,5,14:00,15:00,Humanities,,,
CAL005816,2026-06-26,2026,Term 2,Grade 6,Friday,1,08:45,09:45,Design and Technology,,,
CAL005817,2026-06-26,2026,Term 2,Grade 6,Friday,2,09:45,10:45,Mathematics,,,
CAL005818,2026-06-26,2026,Term 2,Grade 6,Friday,3,11:15,12:15,English,,,
CAL005819,2026-06-26,2026,Term 2,Grade 6,Friday,4,13:00,14:00,Science,,,
CAL005820,2026-06-26,2026,Term 2,Grade 6,Friday,5,14:00,15:00,Humanities,,,
CAL005821,2026-06-29,2026,Term 2,Grade 4,Monday,1,08:45,09:45,Mathematics,,,
CAL005822,2026-06-29,2026,Term 2,Grade 4,Monday,2,09:45,10:45,English,,,
CAL005823,2026-06-29,2026,Term 2,Grade 4,Monday,3,11:15,12:15,Science,,,
CAL005824,2026-06-29,2026,Term 2,Grade 4,Monday,4,13:00,14:00,Humanities,,,
CAL005825,2026-06-29,2026,Term 2,Grade 4,Monday,5,14:00,15:00,Arts,,,
CAL005826,2026-06-29,2026,Term 2,Grade 5,Monday,1,08:45,09:45,Mathematics,,,
CAL005827,2026-06-29,2026,Term 2,Grade 5,Monday,2,09:45,10:45,English,,,
CAL005828,2026-06-29,2026,Term 2,Grade 5,Monday,3,11:15,12:15,Science,,,
CAL005829,2026-06-29,2026,Term 2,Grade 5,Monday,4,13:00,14:00,Humanities,,,
CAL005830,2026-06-29,2026,Term 2,Grade 5,Monday,5,14:00,15:00,Health and Physical Education,,,
CAL005831,2026-06-29,2026,Term 2,Grade 6,Monday,1,08:45,09:45,Mathematics,,,
CAL005832,2026-06-29,2026,Term 2,Grade 6,Monday,2,09:45,10:45,English,,,
CAL005833,2026-06-29,2026,Term 2,Grade 6,Monday,3,11:15,12:15,Science,,,
CAL005834,2026-06-29,2026,Term 2,Grade 6,Monday,4,13:00,14:00,Humanities,,,
CAL005835,2026-06-29,2026,Term 2,Grade 6,Monday,5,14:00,15:00,Design and Technology,,,
CAL005836,2026-06-30,2026,Term 2,Grade 4,Tuesday,1,08:45,09:45,English,,,
CAL005837,2026-06-30,2026,Term 2,Grade 4,Tuesday,2,09:45,10:45,Science,,,
CAL005838,2026-06-30,2026,Term 2,Grade 4,Tuesday,3,11:15,12:15,Humanities,,,
CAL005839,2026-06-30,2026,Term 2,Grade 4,Tuesday,4,13:00,14:00,Arts,,,
CAL005840,2026-06-30,2026,Term 2,Grade 4,Tuesday,5,14:00,15:00,Mathematics,,,
CAL005841,2026-06-30,2026,Term 2,Grade 5,Tuesday,1,08:45,09:45,English,,,
CAL005842,2026-06-30,2026,Term 2,Grade 5,Tuesday,2,09:45,10:45,Science,,,
CAL005843,2026-06-30,2026,Term 2,Grade 5,Tuesday,3,11:15,12:15,Humanities,,,
CAL005844,2026-06-30,2026,Term 2,Grade 5,Tuesday,4,13:00,14:00,Health and Physical Education,,,
CAL005845,2026-06-30,2026,Term 2,Grade 5,Tuesday,5,14:00,15:00,Mathematics,,,
CAL005846,2026-06-30,2026,Term 2,Grade 6,Tuesday,1,08:45,09:45,English,,,
CAL005847,2026-06-30,2026,Term 2,Grade 6,Tuesday,2,09:45,10:45,Science,,,
CAL005848,2026-06-30,2026,Term 2,Grade 6,Tuesday,3,11:15,12:15,Humanities,,,
CAL005849,2026-06-30,2026,Term 2,Grade 6,Tuesday,4,13:00,14:00,Design and Technology,,,
CAL005850,2026-06-30,2026,Term 2,Grade 6,Tuesday,5,14:00,15:00,Mathematics,,,
CAL005851,2026-07-01,2026,Term 3,Grade 4,Wednesday,1,08:45,09:45,Science,,,
CAL005852,2026-07-01,2026,Term 3,Grade 4,Wednesday,2,09:45,10:45,Humanities,,,
CAL005853,2026-07-01,2026,Term 3,Grade 4,Wednesday,3,11:15,12:15,Arts,,,
CAL005854,2026-07-01,2026,Term 3,Grade 4,Wednesday,4,13:00,14:00,Mathematics,,,
CAL005855,2026-07-01,2026,Term 3,Grade 4,Wednesday,5,14:00,15:00,English,,,
CAL005856,2026-07-01,2026,Term 3,Grade 5,Wednesday,1,08:45,09:45,Science,,,
CAL005857,2026-07-01,2026,Term 3,Grade 5,Wednesday,2,09:45,10:45,Humanities,,,
CAL005858,2026-07-01,2026,Term 3,Grade 5,Wednesday,3,11:15,12:15,Health and Physical Education,,,
CAL005859,2026-07-01,2026,Term 3,Grade 5,Wednesday,4,13:00,14:00,Mathematics,,,
CAL005860,2026-07-01,2026,Term 3,Grade 5,Wednesday,5,14:00,15:00,English,,,
CAL005861,2026-07-01,2026,Term 3,Grade 6,Wednesday,1,08:45,09:45,Science,,,
CAL005862,2026-07-01,2026,Term 3,Grade 6,Wednesday,2,09:45,10:45,Humanities,,,
CAL005863,2026-07-01,2026,Term 3,Grade 6,Wednesday,3,11:15,12:15,Design and Technology,,,
CAL005864,2026-07-01,2026,Term 3,Grade 6,Wednesday,4,13:00,14:00,Mathematics,,,
CAL005865,2026-07-01,2026,Term 3,Grade 6,Wednesday,5,14:00,15:00,English,,,
CAL005866,2026-07-02,2026,Term 3,Grade 4,Thursday,1,08:45,09:45,Humanities,,,
CAL005867,2026-07-02,2026,Term 3,Grade 4,Thursday,2,09:45,10:45,Arts,,,
CAL005868,2026-07-02,2026,Term 3,Grade 4,Thursday,3,11:15,12:15,Mathematics,,,
CAL005869,2026-07-02,2026,Term 3,Grade 4,Thursday,4,13:00,14:00,English,,,
CAL005870,2026-07-02,2026,Term 3,Grade 4,Thursday,5,14:00,15:00,Science,,,
CAL005871,2026-07-02,2026,Term 3,Grade 5,Thursday,1,08:45,09:45,Humanities,,,
CAL005872,2026-07-02,2026,Term 3,Grade 5,Thursday,2,09:45,10:45,Health and Physical Education,,,
CAL005873,2026-07-02,2026,Term 3,Grade 5,Thursday,3,11:15,12:15,Mathematics,,,
CAL005874,2026-07-02,2026,Term 3,Grade 5,Thursday,4,13:00,14:00,English,,,
CAL005875,2026-07-02,2026,Term 3,Grade 5,Thursday,5,14:00,15:00,Science,,,
CAL005876,2026-07-02,2026,Term 3,Grade 6,Thursday,1,08:45,09:45,Humanities,,,
CAL005877,2026-07-02,2026,Term 3,Grade 6,Thursday,2,09:45,10:45,Design and Technology,,,
CAL005878,2026-07-02,2026,Term 3,Grade 6,Thursday,3,11:15,12:15,Mathematics,,,
CAL005879,2026-07-02,2026,Term 3,Grade 6,Thursday,4,13:00,14:00,English,,,
CAL005880,2026-07-02,2026,Term 3,Grade 6,Thursday,5,14:00,15:00,Science,,,
CAL005881,2026-07-03,2026,Term 3,Grade 4,Friday,1,08:45,09:45,Arts,,,
CAL005882,2026-07-03,2026,Term 3,Grade 4,Friday,2,09:45,10:45,Mathematics,,,
CAL005883,2026-07-03,2026,Term 3,Grade 4,Friday,3,11:15,12:15,English,,,
CAL005884,2026-07-03,2026,Term 3,Grade 4,Friday,4,13:00,14:00,Science,,,
CAL005885,2026-07-03,2026,Term 3,Grade 4,Friday,5,14:00,15:00,Humanities,,,
CAL005886,2026-07-03,2026,Term 3,Grade 5,Friday,1,08:45,09:45,Health and Physical Education,,,
CAL005887,2026-07-03,2026,Term 3,Grade 5,Friday,2,09:45,10:45,Mathematics,,,
CAL005888,2026-07-03,2026,Term 3,Grade 5,Friday,3,11:15,12:15,English,,,
CAL005889,2026-07-03,2026,Term 3,Grade 5,Friday,4,13:00,14:00,Science,,,
CAL005890,2026-07-03,2026,Term 3,Grade 5,Friday,5,14:00,15:00,Humanities,,,
CAL005891,2026-07-03,2026,Term 3,Grade 6,Friday,1,08:45,09:45,Design and Technology,,,
CAL005892,2026-07-03,2026,Term 3,Grade 6,Friday,2,09:45,10:45,Mathematics,,,
CAL005893,2026-07-03,2026,Term 3,Grade 6,Friday,3,11:15,12:15,English,,,
CAL005894,2026-07-03,2026,Term 3,Grade 6,Friday,4,13:00,14:00,Science,,,
CAL005895,2026-07-03,2026,Term 3,Grade 6,Friday,5,14:00,15:00,Humanities,,,
CAL005896,2026-07-06,2026,Term 3,Grade 4,Monday,1,08:45,09:45,Mathematics,,,
CAL005897,2026-07-06,2026,Term 3,Grade 4,Monday,2,09:45,10:45,English,,,
CAL005898,2026-07-06,2026,Term 3,Grade 4,Monday,3,11:15,12:15,Science,,,
CAL005899,2026-07-06,2026,Term 3,Grade 4,Monday,4,13:00,14:00,Humanities,,,
CAL005900,2026-07-06,2026,Term 3,Grade 4,Monday,5,14:00,15:00,Arts,,,
CAL005901,2026-07-06,2026,Term 3,Grade 5,Monday,1,08:45,09:45,Mathematics,,,
CAL005902,2026-07-06,2026,Term 3,Grade 5,Monday,2,09:45,10:45,English,,,
CAL005903,2026-07-06,2026,Term 3,Grade 5,Monday,3,11:15,12:15,Science,,,
CAL005904,2026-07-06,2026,Term 3,Grade 5,Monday,4,13:00,14:00,Humanities,,,
CAL005905,2026-07-06,2026,Term 3,Grade 5,Monday,5,14:00,15:00,Health and Physical Education,,,
CAL005906,2026-07-06,2026,Term 3,Grade 6,Monday,1,08:45,09:45,Mathematics,,,
CAL005907,2026-07-06,2026,Term 3,Grade 6,Monday,2,09:45,10:45,English,,,
CAL005908,2026-07-06,2026,Term 3,Grade 6,Monday,3,11:15,12:15,Science,,,
CAL005909,2026-07-06,2026,Term 3,Grade 6,Monday,4,13:00,14:00,Humanities,,,
CAL005910,2026-07-06,2026,Term 3,Grade 6,Monday,5,14:00,15:00,Design and Technology,,,
CAL005911,2026-07-07,2026,Term 3,Grade 4,Tuesday,1,08:45,09:45,English,,,
CAL005912,2026-07-07,2026,Term 3,Grade 4,Tuesday,2,09:45,10:45,Science,,,
CAL005913,2026-07-07,2026,Term 3,Grade 4,Tuesday,3,11:15,12:15,Humanities,,,
CAL005914,2026-07-07,2026,Term 3,Grade 4,Tuesday,4,13:00,14:00,Arts,,,
CAL005915,2026-07-07,2026,Term 3,Grade 4,Tuesday,5,14:00,15:00,Mathematics,,,
CAL005916,2026-07-07,2026,Term 3,Grade 5,Tuesday,1,08:45,09:45,English,,,
CAL005917,2026-07-07,2026,Term 3,Grade 5,Tuesday,2,09:45,10:45,Science,,,
CAL005918,2026-07-07,2026,Term 3,Grade 5,Tuesday,3,11:15,12:15,Humanities,,,
CAL005919,2026-07-07,2026,Term 3,Grade 5,Tuesday,4,13:00,14:00,Health and Physical Education,,,
CAL005920,2026-07-07,2026,Term 3,Grade 5,Tuesday,5,14:00,15:00,Mathematics,,,
CAL005921,2026-07-07,2026,Term 3,Grade 6,Tuesday,1,08:45,09:45,English,,,
CAL005922,2026-07-07,2026,Term 3,Grade 6,Tuesday,2,09:45,10:45,Science,,,
CAL005923,2026-07-07,2026,Term 3,Grade 6,Tuesday,3,11:15,12:15,Humanities,,,
CAL005924,2026-07-07,2026,Term 3,Grade 6,Tuesday,4,13:00,14:00,Design and Technology,,,
CAL005925,2026-07-07,2026,Term 3,Grade 6,Tuesday,5,14:00,15:00,Mathematics,,,
CAL005926,2026-07-08,2026,Term 3,Grade 4,Wednesday,1,08:45,09:45,Science,,,
CAL005927,2026-07-08,2026,Term 3,Grade 4,Wednesday,2,09:45,10:45,Humanities,,,
CAL005928,2026-07-08,2026,Term 3,Grade 4,Wednesday,3,11:15,12:15,Arts,,,
CAL005929,2026-07-08,2026,Term 3,Grade 4,Wednesday,4,13:00,14:00,Mathematics,,,
CAL005930,2026-07-08,2026,Term 3,Grade 4,Wednesday,5,14:00,15:00,English,,,
CAL005931,2026-07-08,2026,Term 3,Grade 5,Wednesday,1,08:45,09:45,Science,,,
CAL005932,2026-07-08,2026,Term 3,Grade 5,Wednesday,2,09:45,10:45,Humanities,,,
CAL005933,2026-07-08,2026,Term 3,Grade 5,Wednesday,3,11:15,12:15,Health and Physical Education,,,
CAL005934,2026-07-08,2026,Term 3,Grade 5,Wednesday,4,13:00,14:00,Mathematics,,,
CAL005935,2026-07-08,2026,Term 3,Grade 5,Wednesday,5,14:00,15:00,English,,,
CAL005936,2026-07-08,2026,Term 3,Grade 6,Wednesday,1,08:45,09:45,Science,,,
CAL005937,2026-07-08,2026,Term 3,Grade 6,Wednesday,2,09:45,10:45,Humanities,,,
CAL005938,2026-07-08,2026,Term 3,Grade 6,Wednesday,3,11:15,12:15,Design and Technology,,,
CAL005939,2026-07-08,2026,Term 3,Grade 6,Wednesday,4,13:00,14:00,Mathematics,,,
CAL005940,2026-07-08,2026,Term 3,Grade 6,Wednesday,5,14:00,15:00,English,,,
CAL005941,2026-07-09,2026,Term 3,Grade 4,Thursday,1,08:45,09:45,Humanities,,,
CAL005942,2026-07-09,2026,Term 3,Grade 4,Thursday,2,09:45,10:45,Arts,,,
CAL005943,2026-07-09,2026,Term 3,Grade 4,Thursday,3,11:15,12:15,Mathematics,,,
CAL005944,2026-07-09,2026,Term 3,Grade 4,Thursday,4,13:00,14:00,English,,,
CAL005945,2026-07-09,2026,Term 3,Grade 4,Thursday,5,14:00,15:00,Science,,,
CAL005946,2026-07-09,2026,Term 3,Grade 5,Thursday,1,08:45,09:45,Humanities,,,
CAL005947,2026-07-09,2026,Term 3,Grade 5,Thursday,2,09:45,10:45,Health and Physical Education,,,
CAL005948,2026-07-09,2026,Term 3,Grade 5,Thursday,3,11:15,12:15,Mathematics,,,
CAL005949,2026-07-09,2026,Term 3,Grade 5,Thursday,4,13:00,14:00,English,,,
CAL005950,2026-07-09,2026,Term 3,Grade 5,Thursday,5,14:00,15:00,Science,,,
CAL005951,2026-07-09,2026,Term 3,Grade 6,Thursday,1,08:45,09:45,Humanities,,,
CAL005952,2026-07-09,2026,Term 3,Grade 6,Thursday,2,09:45,10:45,Design and Technology,,,
CAL005953,2026-07-09,2026,Term 3,Grade 6,Thursday,3,11:15,12:15,Mathematics,,,
CAL005954,2026-07-09,2026,Term 3,Grade 6,Thursday,4,13:00,14:00,English,,,
CAL005955,2026-07-09,2026,Term 3,Grade 6,Thursday,5,14:00,15:00,Science,,,
CAL005956,2026-07-10,2026,Term 3,Grade 4,Friday,1,08:45,09:45,Arts,,,
CAL005957,2026-07-10,2026,Term 3,Grade 4,Friday,2,09:45,10:45,Mathematics,,,
CAL005958,2026-07-10,2026,Term 3,Grade 4,Friday,3,11:15,12:15,English,,,
CAL005959,2026-07-10,2026,Term 3,Grade 4,Friday,4,13:00,14:00,Science,,,
CAL005960,2026-07-10,2026,Term 3,Grade 4,Friday,5,14:00,15:00,Humanities,,,
CAL005961,2026-07-10,2026,Term 3,Grade 5,Friday,1,08:45,09:45,Health and Physical Education,,,
CAL005962,2026-07-10,2026,Term 3,Grade 5,Friday,2,09:45,10:45,Mathematics,,,
CAL005963,2026-07-10,2026,Term 3,Grade 5,Friday,3,11:15,12:15,English,,,
CAL005964,2026-07-10,2026,Term 3,Grade 5,Friday,4,13:00,14:00,Science,,,
CAL005965,2026-07-10,2026,Term 3,Grade 5,Friday,5,14:00,15:00,Humanities,,,
CAL005966,2026-07-10,2026,Term 3,Grade 6,Friday,1,08:45,09:45,Design and Technology,,,
CAL005967,2026-07-10,2026,Term 3,Grade 6,Friday,2,09:45,10:45,Mathematics,,,
CAL005968,2026-07-10,2026,Term 3,Grade 6,Friday,3,11:15,12:15,English,,,
CAL005969,2026-07-10,2026,Term 3,Grade 6,Friday,4,13:00,14:00,Science,,,
CAL005970,2026-07-10,2026,Term 3,Grade 6,Friday,5,14:00,15:00,Humanities,,,
CAL005971,2026-07-13,2026,Term 3,Grade 4,Monday,1,08:45,09:45,Mathematics,,,
CAL005972,2026-07-13,2026,Term 3,Grade 4,Monday,2,09:45,10:45,English,,,
CAL005973,2026-07-13,2026,Term 3,Grade 4,Monday,3,11:15,12:15,Science,,,
CAL005974,2026-07-13,2026,Term 3,Grade 4,Monday,4,13:00,14:00,Humanities,,,
CAL005975,2026-07-13,2026,Term 3,Grade 4,Monday,5,14:00,15:00,Arts,,,
CAL005976,2026-07-13,2026,Term 3,Grade 5,Monday,1,08:45,09:45,Mathematics,,,
CAL005977,2026-07-13,2026,Term 3,Grade 5,Monday,2,09:45,10:45,English,,,
CAL005978,2026-07-13,2026,Term 3,Grade 5,Monday,3,11:15,12:15,Science,,,
CAL005979,2026-07-13,2026,Term 3,Grade 5,Monday,4,13:00,14:00,Humanities,,,
CAL005980,2026-07-13,2026,Term 3,Grade 5,Monday,5,14:00,15:00,Health and Physical Education,,,
CAL005981,2026-07-13,2026,Term 3,Grade 6,Monday,1,08:45,09:45,Mathematics,,,
CAL005982,2026-07-13,2026,Term 3,Grade 6,Monday,2,09:45,10:45,English,,,
CAL005983,2026-07-13,2026,Term 3,Grade 6,Monday,3,11:15,12:15,Science,,,
CAL005984,2026-07-13,2026,Term 3,Grade 6,Monday,4,13:00,14:00,Humanities,,,
CAL005985,2026-07-13,2026,Term 3,Grade 6,Monday,5,14:00,15:00,Design and Technology,,,
CAL005986,2026-07-14,2026,Term 3,Grade 4,Tuesday,1,08:45,09:45,English,,,
CAL005987,2026-07-14,2026,Term 3,Grade 4,Tuesday,2,09:45,10:45,Science,,,
CAL005988,2026-07-14,2026,Term 3,Grade 4,Tuesday,3,11:15,12:15,Humanities,,,
CAL005989,2026-07-14,2026,Term 3,Grade 4,Tuesday,4,13:00,14:00,Arts,,,
CAL005990,2026-07-14,2026,Term 3,Grade 4,Tuesday,5,14:00,15:00,Mathematics,,,
CAL005991,2026-07-14,2026,Term 3,Grade 5,Tuesday,1,08:45,09:45,English,,,
CAL005992,2026-07-14,2026,Term 3,Grade 5,Tuesday,2,09:45,10:45,Science,,,
CAL005993,2026-07-14,2026,Term 3,Grade 5,Tuesday,3,11:15,12:15,Humanities,,,
CAL005994,2026-07-14,2026,Term 3,Grade 5,Tuesday,4,13:00,14:00,Health and Physical Education,,,
CAL005995,2026-07-14,2026,Term 3,Grade 5,Tuesday,5,14:00,15:00,Mathematics,,,
CAL005996,2026-07-14,2026,Term 3,Grade 6,Tuesday,1,08:45,09:45,English,,,
CAL005997,2026-07-14,2026,Term 3,Grade 6,Tuesday,2,09:45,10:45,Science,,,
CAL005998,2026-07-14,2026,Term 3,Grade 6,Tuesday,3,11:15,12:15,Humanities,,,
CAL005999,2026-07-14,2026,Term 3,Grade 6,Tuesday,4,13:00,14:00,Design and Technology,,,
CAL006000,2026-07-14,2026,Term 3,Grade 6,Tuesday,5,14:00,15:00,Mathematics,,,
CAL006001,2026-07-15,2026,Term 3,Grade 4,Wednesday,1,08:45,09:45,Science,,,
CAL006002,2026-07-15,2026,Term 3,Grade 4,Wednesday,2,09:45,10:45,Humanities,,,
CAL006003,2026-07-15,2026,Term 3,Grade 4,Wednesday,3,11:15,12:15,Arts,,,
CAL006004,2026-07-15,2026,Term 3,Grade 4,Wednesday,4,13:00,14:00,Mathematics,,,
CAL006005,2026-07-15,2026,Term 3,Grade 4,Wednesday,5,14:00,15:00,English,,,
CAL006006,2026-07-15,2026,Term 3,Grade 5,Wednesday,1,08:45,09:45,Science,,,
CAL006007,2026-07-15,2026,Term 3,Grade 5,Wednesday,2,09:45,10:45,Humanities,,,
CAL006008,2026-07-15,2026,Term 3,Grade 5,Wednesday,3,11:15,12:15,Health and Physical Education,,,
CAL006009,2026-07-15,2026,Term 3,Grade 5,Wednesday,4,13:00,14:00,Mathematics,,,
CAL006010,2026-07-15,2026,Term 3,Grade 5,Wednesday,5,14:00,15:00,English,,,
CAL006011,2026-07-15,2026,Term 3,Grade 6,Wednesday,1,08:45,09:45,Science,,,
CAL006012,2026-07-15,2026,Term 3,Grade 6,Wednesday,2,09:45,10:45,Humanities,,,
CAL006013,2026-07-15,2026,Term 3,Grade 6,Wednesday,3,11:15,12:15,Design and Technology,,,
CAL006014,2026-07-15,2026,Term 3,Grade 6,Wednesday,4,13:00,14:00,Mathematics,,,
CAL006015,2026-07-15,2026,Term 3,Grade 6,Wednesday,5,14:00,15:00,English,,,
CAL006016,2026-07-16,2026,Term 3,Grade 4,Thursday,1,08:45,09:45,Humanities,,,
CAL006017,2026-07-16,2026,Term 3,Grade 4,Thursday,2,09:45,10:45,Arts,,,
CAL006018,2026-07-16,2026,Term 3,Grade 4,Thursday,3,11:15,12:15,Mathematics,,,
CAL006019,2026-07-16,2026,Term 3,Grade 4,Thursday,4,13:00,14:00,English,,,
CAL006020,2026-07-16,2026,Term 3,Grade 4,Thursday,5,14:00,15:00,Science,,,
CAL006021,2026-07-16,2026,Term 3,Grade 5,Thursday,1,08:45,09:45,Humanities,,,
CAL006022,2026-07-16,2026,Term 3,Grade 5,Thursday,2,09:45,10:45,Health and Physical Education,,,
CAL006023,2026-07-16,2026,Term 3,Grade 5,Thursday,3,11:15,12:15,Mathematics,,,
CAL006024,2026-07-16,2026,Term 3,Grade 5,Thursday,4,13:00,14:00,English,,,
CAL006025,2026-07-16,2026,Term 3,Grade 5,Thursday,5,14:00,15:00,Science,,,
CAL006026,2026-07-16,2026,Term 3,Grade 6,Thursday,1,08:45,09:45,Humanities,,,
CAL006027,2026-07-16,2026,Term 3,Grade 6,Thursday,2,09:45,10:45,Design and Technology,,,
CAL006028,2026-07-16,2026,Term 3,Grade 6,Thursday,3,11:15,12:15,Mathematics,,,
CAL006029,2026-07-16,2026,Term 3,Grade 6,Thursday,4,13:00,14:00,English,,,
CAL006030,2026-07-16,2026,Term 3,Grade 6,Thursday,5,14:00,15:00,Science,,,
CAL006031,2026-07-17,2026,Term 3,Grade 4,Friday,1,08:45,09:45,Arts,,,
CAL006032,2026-07-17,2026,Term 3,Grade 4,Friday,2,09:45,10:45,Mathematics,,,
CAL006033,2026-07-17,2026,Term 3,Grade 4,Friday,3,11:15,12:15,English,,,
CAL006034,2026-07-17,2026,Term 3,Grade 4,Friday,4,13:00,14:00,Science,,,
CAL006035,2026-07-17,2026,Term 3,Grade 4,Friday,5,14:00,15:00,Humanities,,,
CAL006036,2026-07-17,2026,Term 3,Grade 5,Friday,1,08:45,09:45,Health and Physical Education,,,
CAL006037,2026-07-17,2026,Term 3,Grade 5,Friday,2,09:45,10:45,Mathematics,,,
CAL006038,2026-07-17,2026,Term 3,Grade 5,Friday,3,11:15,12:15,English,,,
CAL006039,2026-07-17,2026,Term 3,Grade 5,Friday,4,13:00,14:00,Science,,,
CAL006040,2026-07-17,2026,Term 3,Grade 5,Friday,5,14:00,15:00,Humanities,,,
CAL006041,2026-07-17,2026,Term 3,Grade 6,Friday,1,08:45,09:45,Design and Technology,,,
CAL006042,2026-07-17,2026,Term 3,Grade 6,Friday,2,09:45,10:45,Mathematics,,,
CAL006043,2026-07-17,2026,Term 3,Grade 6,Friday,3,11:15,12:15,English,,,
CAL006044,2026-07-17,2026,Term 3,Grade 6,Friday,4,13:00,14:00,Science,,,
CAL006045,2026-07-17,2026,Term 3,Grade 6,Friday,5,14:00,15:00,Humanities,,,
CAL006046,2026-07-20,2026,Term 3,Grade 4,Monday,1,08:45,09:45,Mathematics,,,
CAL006047,2026-07-20,2026,Term 3,Grade 4,Monday,2,09:45,10:45,English,,,
CAL006048,2026-07-20,2026,Term 3,Grade 4,Monday,3,11:15,12:15,Science,,,
CAL006049,2026-07-20,2026,Term 3,Grade 4,Monday,4,13:00,14:00,Humanities,,,
CAL006050,2026-07-20,2026,Term 3,Grade 4,Monday,5,14:00,15:00,Arts,,,
CAL006051,2026-07-20,2026,Term 3,Grade 5,Monday,1,08:45,09:45,Mathematics,,,
CAL006052,2026-07-20,2026,Term 3,Grade 5,Monday,2,09:45,10:45,English,,,
CAL006053,2026-07-20,2026,Term 3,Grade 5,Monday,3,11:15,12:15,Science,,,
CAL006054,2026-07-20,2026,Term 3,Grade 5,Monday,4,13:00,14:00,Humanities,,,
CAL006055,2026-07-20,2026,Term 3,Grade 5,Monday,5,14:00,15:00,Health and Physical Education,,,
CAL006056,2026-07-20,2026,Term 3,Grade 6,Monday,1,08:45,09:45,Mathematics,,,
CAL006057,2026-07-20,2026,Term 3,Grade 6,Monday,2,09:45,10:45,English,,,
CAL006058,2026-07-20,2026,Term 3,Grade 6,Monday,3,11:15,12:15,Science,,,
CAL006059,2026-07-20,2026,Term 3,Grade 6,Monday,4,13:00,14:00,Humanities,,,
CAL006060,2026-07-20,2026,Term 3,Grade 6,Monday,5,14:00,15:00,Design and Technology,,,
CAL006061,2026-07-21,2026,Term 3,Grade 4,Tuesday,1,08:45,09:45,English,,,
CAL006062,2026-07-21,2026,Term 3,Grade 4,Tuesday,2,09:45,10:45,Science,,,
CAL006063,2026-07-21,2026,Term 3,Grade 4,Tuesday,3,11:15,12:15,Humanities,,,
CAL006064,2026-07-21,2026,Term 3,Grade 4,Tuesday,4,13:00,14:00,Arts,,,
CAL006065,2026-07-21,2026,Term 3,Grade 4,Tuesday,5,14:00,15:00,Mathematics,,,
CAL006066,2026-07-21,2026,Term 3,Grade 5,Tuesday,1,08:45,09:45,English,,,
CAL006067,2026-07-21,2026,Term 3,Grade 5,Tuesday,2,09:45,10:45,Science,,,
CAL006068,2026-07-21,2026,Term 3,Grade 5,Tuesday,3,11:15,12:15,Humanities,,,
CAL006069,2026-07-21,2026,Term 3,Grade 5,Tuesday,4,13:00,14:00,Health and Physical Education,,,
CAL006070,2026-07-21,2026,Term 3,Grade 5,Tuesday,5,14:00,15:00,Mathematics,,,
CAL006071,2026-07-21,2026,Term 3,Grade 6,Tuesday,1,08:45,09:45,English,,,
CAL006072,2026-07-21,2026,Term 3,Grade 6,Tuesday,2,09:45,10:45,Science,,,
CAL006073,2026-07-21,2026,Term 3,Grade 6,Tuesday,3,11:15,12:15,Humanities,,,
CAL006074,2026-07-21,2026,Term 3,Grade 6,Tuesday,4,13:00,14:00,Design and Technology,,,
CAL006075,2026-07-21,2026,Term 3,Grade 6,Tuesday,5,14:00,15:00,Mathematics,,,
CAL006076,2026-07-22,2026,Term 3,Grade 4,Wednesday,1,08:45,09:45,Science,,,
CAL006077,2026-07-22,2026,Term 3,Grade 4,Wednesday,2,09:45,10:45,Humanities,,,
CAL006078,2026-07-22,2026,Term 3,Grade 4,Wednesday,3,11:15,12:15,Arts,,,
CAL006079,2026-07-22,2026,Term 3,Grade 4,Wednesday,4,13:00,14:00,Mathematics,,,
CAL006080,2026-07-22,2026,Term 3,Grade 4,Wednesday,5,14:00,15:00,English,,,
CAL006081,2026-07-22,2026,Term 3,Grade 5,Wednesday,1,08:45,09:45,Science,,,
CAL006082,2026-07-22,2026,Term 3,Grade 5,Wednesday,2,09:45,10:45,Humanities,,,
CAL006083,2026-07-22,2026,Term 3,Grade 5,Wednesday,3,11:15,12:15,Health and Physical Education,,,
CAL006084,2026-07-22,2026,Term 3,Grade 5,Wednesday,4,13:00,14:00,Mathematics,,,
CAL006085,2026-07-22,2026,Term 3,Grade 5,Wednesday,5,14:00,15:00,English,,,
CAL006086,2026-07-22,2026,Term 3,Grade 6,Wednesday,1,08:45,09:45,Science,,,
CAL006087,2026-07-22,2026,Term 3,Grade 6,Wednesday,2,09:45,10:45,Humanities,,,
CAL006088,2026-07-22,2026,Term 3,Grade 6,Wednesday,3,11:15,12:15,Design and Technology,,,
CAL006089,2026-07-22,2026,Term 3,Grade 6,Wednesday,4,13:00,14:00,Mathematics,,,
CAL006090,2026-07-22,2026,Term 3,Grade 6,Wednesday,5,14:00,15:00,English,,,
CAL006091,2026-07-23,2026,Term 3,Grade 4,Thursday,1,08:45,09:45,Humanities,,,
CAL006092,2026-07-23,2026,Term 3,Grade 4,Thursday,2,09:45,10:45,Arts,,,
CAL006093,2026-07-23,2026,Term 3,Grade 4,Thursday,3,11:15,12:15,Mathematics,,,
CAL006094,2026-07-23,2026,Term 3,Grade 4,Thursday,4,13:00,14:00,English,,,
CAL006095,2026-07-23,2026,Term 3,Grade 4,Thursday,5,14:00,15:00,Science,,,
CAL006096,2026-07-23,2026,Term 3,Grade 5,Thursday,1,08:45,09:45,Humanities,,,
CAL006097,2026-07-23,2026,Term 3,Grade 5,Thursday,2,09:45,10:45,Health and Physical Education,,,
CAL006098,2026-07-23,2026,Term 3,Grade 5,Thursday,3,11:15,12:15,Mathematics,,,
CAL006099,2026-07-23,2026,Term 3,Grade 5,Thursday,4,13:00,14:00,English,,,
CAL006100,2026-07-23,2026,Term 3,Grade 5,Thursday,5,14:00,15:00,Science,,,
CAL006101,2026-07-23,2026,Term 3,Grade 6,Thursday,1,08:45,09:45,Humanities,,,
CAL006102,2026-07-23,2026,Term 3,Grade 6,Thursday,2,09:45,10:45,Design and Technology,,,
CAL006103,2026-07-23,2026,Term 3,Grade 6,Thursday,3,11:15,12:15,Mathematics,,,
CAL006104,2026-07-23,2026,Term 3,Grade 6,Thursday,4,13:00,14:00,English,,,
CAL006105,2026-07-23,2026,Term 3,Grade 6,Thursday,5,14:00,15:00,Science,,,
CAL006106,2026-07-24,2026,Term 3,Grade 4,Friday,1,08:45,09:45,Arts,,,
CAL006107,2026-07-24,2026,Term 3,Grade 4,Friday,2,09:45,10:45,Mathematics,,,
CAL006108,2026-07-24,2026,Term 3,Grade 4,Friday,3,11:15,12:15,English,,,
CAL006109,2026-07-24,2026,Term 3,Grade 4,Friday,4,13:00,14:00,Science,,,
CAL006110,2026-07-24,2026,Term 3,Grade 4,Friday,5,14:00,15:00,Humanities,,,
CAL006111,2026-07-24,2026,Term 3,Grade 5,Friday,1,08:45,09:45,Health and Physical Education,,,
CAL006112,2026-07-24,2026,Term 3,Grade 5,Friday,2,09:45,10:45,Mathematics,,,
CAL006113,2026-07-24,2026,Term 3,Grade 5,Friday,3,11:15,12:15,English,,,
CAL006114,2026-07-24,2026,Term 3,Grade 5,Friday,4,13:00,14:00,Science,,,
CAL006115,2026-07-24,2026,Term 3,Grade 5,Friday,5,14:00,15:00,Humanities,,,
CAL006116,2026-07-24,2026,Term 3,Grade 6,Friday,1,08:45,09:45,Design and Technology,,,
CAL006117,2026-07-24,2026,Term 3,Grade 6,Friday,2,09:45,10:45,Mathematics,,,
CAL006118,2026-07-24,2026,Term 3,Grade 6,Friday,3,11:15,12:15,English,,,
CAL006119,2026-07-24,2026,Term 3,Grade 6,Friday,4,13:00,14:00,Science,,,
CAL006120,2026-07-24,2026,Term 3,Grade 6,Friday,5,14:00,15:00,Humanities,,,
CAL006121,2026-07-27,2026,Term 3,Grade 4,Monday,1,08:45,09:45,Mathematics,,,
CAL006122,2026-07-27,2026,Term 3,Grade 4,Monday,2,09:45,10:45,English,,,
CAL006123,2026-07-27,2026,Term 3,Grade 4,Monday,3,11:15,12:15,Science,,,
CAL006124,2026-07-27,2026,Term 3,Grade 4,Monday,4,13:00,14:00,Humanities,,,
CAL006125,2026-07-27,2026,Term 3,Grade 4,Monday,5,14:00,15:00,Arts,,,
CAL006126,2026-07-27,2026,Term 3,Grade 5,Monday,1,08:45,09:45,Mathematics,,,
CAL006127,2026-07-27,2026,Term 3,Grade 5,Monday,2,09:45,10:45,English,,,
CAL006128,2026-07-27,2026,Term 3,Grade 5,Monday,3,11:15,12:15,Science,,,
CAL006129,2026-07-27,2026,Term 3,Grade 5,Monday,4,13:00,14:00,Humanities,,,
CAL006130,2026-07-27,2026,Term 3,Grade 5,Monday,5,14:00,15:00,Health and Physical Education,,,
CAL006131,2026-07-27,2026,Term 3,Grade 6,Monday,1,08:45,09:45,Mathematics,,,
CAL006132,2026-07-27,2026,Term 3,Grade 6,Monday,2,09:45,10:45,English,,,
CAL006133,2026-07-27,2026,Term 3,Grade 6,Monday,3,11:15,12:15,Science,,,
CAL006134,2026-07-27,2026,Term 3,Grade 6,Monday,4,13:00,14:00,Humanities,,,
CAL006135,2026-07-27,2026,Term 3,Grade 6,Monday,5,14:00,15:00,Design and Technology,,,
CAL006136,2026-07-28,2026,Term 3,Grade 4,Tuesday,1,08:45,09:45,English,,,
CAL006137,2026-07-28,2026,Term 3,Grade 4,Tuesday,2,09:45,10:45,Science,,,
CAL006138,2026-07-28,2026,Term 3,Grade 4,Tuesday,3,11:15,12:15,Humanities,,,
CAL006139,2026-07-28,2026,Term 3,Grade 4,Tuesday,4,13:00,14:00,Arts,,,
CAL006140,2026-07-28,2026,Term 3,Grade 4,Tuesday,5,14:00,15:00,Mathematics,,,
CAL006141,2026-07-28,2026,Term 3,Grade 5,Tuesday,1,08:45,09:45,English,,,
CAL006142,2026-07-28,2026,Term 3,Grade 5,Tuesday,2,09:45,10:45,Science,,,
CAL006143,2026-07-28,2026,Term 3,Grade 5,Tuesday,3,11:15,12:15,Humanities,,,
CAL006144,2026-07-28,2026,Term 3,Grade 5,Tuesday,4,13:00,14:00,Health and Physical Education,,,
CAL006145,2026-07-28,2026,Term 3,Grade 5,Tuesday,5,14:00,15:00,Mathematics,,,
CAL006146,2026-07-28,2026,Term 3,Grade 6,Tuesday,1,08:45,09:45,English,,,
CAL006147,2026-07-28,2026,Term 3,Grade 6,Tuesday,2,09:45,10:45,Science,,,
CAL006148,2026-07-28,2026,Term 3,Grade 6,Tuesday,3,11:15,12:15,Humanities,,,
CAL006149,2026-07-28,2026,Term 3,Grade 6,Tuesday,4,13:00,14:00,Design and Technology,,,
CAL006150,2026-07-28,2026,Term 3,Grade 6,Tuesday,5,14:00,15:00,Mathematics,,,
CAL006151,2026-07-29,2026,Term 3,Grade 4,Wednesday,1,08:45,09:45,Science,,,
CAL006152,2026-07-29,2026,Term 3,Grade 4,Wednesday,2,09:45,10:45,Humanities,,,
CAL006153,2026-07-29,2026,Term 3,Grade 4,Wednesday,3,11:15,12:15,Arts,,,
CAL006154,2026-07-29,2026,Term 3,Grade 4,Wednesday,4,13:00,14:00,Mathematics,,,
CAL006155,2026-07-29,2026,Term 3,Grade 4,Wednesday,5,14:00,15:00,English,,,
CAL006156,2026-07-29,2026,Term 3,Grade 5,Wednesday,1,08:45,09:45,Science,,,
CAL006157,2026-07-29,2026,Term 3,Grade 5,Wednesday,2,09:45,10:45,Humanities,,,
CAL006158,2026-07-29,2026,Term 3,Grade 5,Wednesday,3,11:15,12:15,Health and Physical Education,,,
CAL006159,2026-07-29,2026,Term 3,Grade 5,Wednesday,4,13:00,14:00,Mathematics,,,
CAL006160,2026-07-29,2026,Term 3,Grade 5,Wednesday,5,14:00,15:00,English,,,
CAL006161,2026-07-29,2026,Term 3,Grade 6,Wednesday,1,08:45,09:45,Science,,,
CAL006162,2026-07-29,2026,Term 3,Grade 6,Wednesday,2,09:45,10:45,Humanities,,,
CAL006163,2026-07-29,2026,Term 3,Grade 6,Wednesday,3,11:15,12:15,Design and Technology,,,
CAL006164,2026-07-29,2026,Term 3,Grade 6,Wednesday,4,13:00,14:00,Mathematics,,,
CAL006165,2026-07-29,2026,Term 3,Grade 6,Wednesday,5,14:00,15:00,English,,,
CAL006166,2026-07-30,2026,Term 3,Grade 4,Thursday,1,08:45,09:45,Humanities,,,
CAL006167,2026-07-30,2026,Term 3,Grade 4,Thursday,2,09:45,10:45,Arts,,,
CAL006168,2026-07-30,2026,Term 3,Grade 4,Thursday,3,11:15,12:15,Mathematics,,,
CAL006169,2026-07-30,2026,Term 3,Grade 4,Thursday,4,13:00,14:00,English,,,
CAL006170,2026-07-30,2026,Term 3,Grade 4,Thursday,5,14:00,15:00,Science,,,
CAL006171,2026-07-30,2026,Term 3,Grade 5,Thursday,1,08:45,09:45,Humanities,,,
CAL006172,2026-07-30,2026,Term 3,Grade 5,Thursday,2,09:45,10:45,Health and Physical Education,,,
CAL006173,2026-07-30,2026,Term 3,Grade 5,Thursday,3,11:15,12:15,Mathematics,,,
CAL006174,2026-07-30,2026,Term 3,Grade 5,Thursday,4,13:00,14:00,English,,,
CAL006175,2026-07-30,2026,Term 3,Grade 5,Thursday,5,14:00,15:00,Science,,,
CAL006176,2026-07-30,2026,Term 3,Grade 6,Thursday,1,08:45,09:45,Humanities,,,
CAL006177,2026-07-30,2026,Term 3,Grade 6,Thursday,2,09:45,10:45,Design and Technology,,,
CAL006178,2026-07-30,2026,Term 3,Grade 6,Thursday,3,11:15,12:15,Mathematics,,,
CAL006179,2026-07-30,2026,Term 3,Grade 6,Thursday,4,13:00,14:00,English,,,
CAL006180,2026-07-30,2026,Term 3,Grade 6,Thursday,5,14:00,15:00,Science,,,
CAL006181,2026-07-31,2026,Term 3,Grade 4,Friday,1,08:45,09:45,Arts,,,
CAL006182,2026-07-31,2026,Term 3,Grade 4,Friday,2,09:45,10:45,Mathematics,,,
CAL006183,2026-07-31,2026,Term 3,Grade 4,Friday,3,11:15,12:15,English,,,
CAL006184,2026-07-31,2026,Term 3,Grade 4,Friday,4,13:00,14:00,Science,,,
CAL006185,2026-07-31,2026,Term 3,Grade 4,Friday,5,14:00,15:00,Humanities,,,
CAL006186,2026-07-31,2026,Term 3,Grade 5,Friday,1,08:45,09:45,Health and Physical Education,,,
CAL006187,2026-07-31,2026,Term 3,Grade 5,Friday,2,09:45,10:45,Mathematics,,,
CAL006188,2026-07-31,2026,Term 3,Grade 5,Friday,3,11:15,12:15,English,,,
CAL006189,2026-07-31,2026,Term 3,Grade 5,Friday,4,13:00,14:00,Science,,,
CAL006190,2026-07-31,2026,Term 3,Grade 5,Friday,5,14:00,15:00,Humanities,,,
CAL006191,2026-07-31,2026,Term 3,Grade 6,Friday,1,08:45,09:45,Design and Technology,,,
CAL006192,2026-07-31,2026,Term 3,Grade 6,Friday,2,09:45,10:45,Mathematics,,,
CAL006193,2026-07-31,2026,Term 3,Grade 6,Friday,3,11:15,12:15,English,,,
CAL006194,2026-07-31,2026,Term 3,Grade 6,Friday,4,13:00,14:00,Science,,,
CAL006195,2026-07-31,2026,Term 3,Grade 6,Friday,5,14:00,15:00,Humanities,,,
CAL006196,2026-08-03,2026,Term 3,Grade 4,Monday,1,08:45,09:45,Mathematics,,,
CAL006197,2026-08-03,2026,Term 3,Grade 4,Monday,2,09:45,10:45,English,,,
CAL006198,2026-08-03,2026,Term 3,Grade 4,Monday,3,11:15,12:15,Science,,,
CAL006199,2026-08-03,2026,Term 3,Grade 4,Monday,4,13:00,14:00,Humanities,,,
CAL006200,2026-08-03,2026,Term 3,Grade 4,Monday,5,14:00,15:00,Arts,,,
CAL006201,2026-08-03,2026,Term 3,Grade 5,Monday,1,08:45,09:45,Mathematics,,,
CAL006202,2026-08-03,2026,Term 3,Grade 5,Monday,2,09:45,10:45,English,,,
CAL006203,2026-08-03,2026,Term 3,Grade 5,Monday,3,11:15,12:15,Science,,,
CAL006204,2026-08-03,2026,Term 3,Grade 5,Monday,4,13:00,14:00,Humanities,,,
CAL006205,2026-08-03,2026,Term 3,Grade 5,Monday,5,14:00,15:00,Health and Physical Education,,,
CAL006206,2026-08-03,2026,Term 3,Grade 6,Monday,1,08:45,09:45,Mathematics,,,
CAL006207,2026-08-03,2026,Term 3,Grade 6,Monday,2,09:45,10:45,English,,,
CAL006208,2026-08-03,2026,Term 3,Grade 6,Monday,3,11:15,12:15,Science,,,
CAL006209,2026-08-03,2026,Term 3,Grade 6,Monday,4,13:00,14:00,Humanities,,,
CAL006210,2026-08-03,2026,Term 3,Grade 6,Monday,5,14:00,15:00,Design and Technology,,,
CAL006211,2026-08-04,2026,Term 3,Grade 4,Tuesday,1,08:45,09:45,English,,,
CAL006212,2026-08-04,2026,Term 3,Grade 4,Tuesday,2,09:45,10:45,Science,,,
CAL006213,2026-08-04,2026,Term 3,Grade 4,Tuesday,3,11:15,12:15,Humanities,,,
CAL006214,2026-08-04,2026,Term 3,Grade 4,Tuesday,4,13:00,14:00,Arts,,,
CAL006215,2026-08-04,2026,Term 3,Grade 4,Tuesday,5,14:00,15:00,Mathematics,,,
CAL006216,2026-08-04,2026,Term 3,Grade 5,Tuesday,1,08:45,09:45,English,,,
CAL006217,2026-08-04,2026,Term 3,Grade 5,Tuesday,2,09:45,10:45,Science,,,
CAL006218,2026-08-04,2026,Term 3,Grade 5,Tuesday,3,11:15,12:15,Humanities,,,
CAL006219,2026-08-04,2026,Term 3,Grade 5,Tuesday,4,13:00,14:00,Health and Physical Education,,,
CAL006220,2026-08-04,2026,Term 3,Grade 5,Tuesday,5,14:00,15:00,Mathematics,,,
CAL006221,2026-08-04,2026,Term 3,Grade 6,Tuesday,1,08:45,09:45,English,,,
CAL006222,2026-08-04,2026,Term 3,Grade 6,Tuesday,2,09:45,10:45,Science,,,
CAL006223,2026-08-04,2026,Term 3,Grade 6,Tuesday,3,11:15,12:15,Humanities,,,
CAL006224,2026-08-04,2026,Term 3,Grade 6,Tuesday,4,13:00,14:00,Design and Technology,,,
CAL006225,2026-08-04,2026,Term 3,Grade 6,Tuesday,5,14:00,15:00,Mathematics,,,
CAL006226,2026-08-05,2026,Term 3,Grade 4,Wednesday,1,08:45,09:45,Science,,,
CAL006227,2026-08-05,2026,Term 3,Grade 4,Wednesday,2,09:45,10:45,Humanities,,,
CAL006228,2026-08-05,2026,Term 3,Grade 4,Wednesday,3,11:15,12:15,Arts,,,
CAL006229,2026-08-05,2026,Term 3,Grade 4,Wednesday,4,13:00,14:00,Mathematics,,,
CAL006230,2026-08-05,2026,Term 3,Grade 4,Wednesday,5,14:00,15:00,English,,,
CAL006231,2026-08-05,2026,Term 3,Grade 5,Wednesday,1,08:45,09:45,Science,,,
CAL006232,2026-08-05,2026,Term 3,Grade 5,Wednesday,2,09:45,10:45,Humanities,,,
CAL006233,2026-08-05,2026,Term 3,Grade 5,Wednesday,3,11:15,12:15,Health and Physical Education,,,
CAL006234,2026-08-05,2026,Term 3,Grade 5,Wednesday,4,13:00,14:00,Mathematics,,,
CAL006235,2026-08-05,2026,Term 3,Grade 5,Wednesday,5,14:00,15:00,English,,,
CAL006236,2026-08-05,2026,Term 3,Grade 6,Wednesday,1,08:45,09:45,Science,,,
CAL006237,2026-08-05,2026,Term 3,Grade 6,Wednesday,2,09:45,10:45,Humanities,,,
CAL006238,2026-08-05,2026,Term 3,Grade 6,Wednesday,3,11:15,12:15,Design and Technology,,,
CAL006239,2026-08-05,2026,Term 3,Grade 6,Wednesday,4,13:00,14:00,Mathematics,,,
CAL006240,2026-08-05,2026,Term 3,Grade 6,Wednesday,5,14:00,15:00,English,,,
CAL006241,2026-08-06,2026,Term 3,Grade 4,Thursday,1,08:45,09:45,Humanities,,,
CAL006242,2026-08-06,2026,Term 3,Grade 4,Thursday,2,09:45,10:45,Arts,,,
CAL006243,2026-08-06,2026,Term 3,Grade 4,Thursday,3,11:15,12:15,Mathematics,,,
CAL006244,2026-08-06,2026,Term 3,Grade 4,Thursday,4,13:00,14:00,English,,,
CAL006245,2026-08-06,2026,Term 3,Grade 4,Thursday,5,14:00,15:00,Science,,,
CAL006246,2026-08-06,2026,Term 3,Grade 5,Thursday,1,08:45,09:45,Humanities,,,
CAL006247,2026-08-06,2026,Term 3,Grade 5,Thursday,2,09:45,10:45,Health and Physical Education,,,
CAL006248,2026-08-06,2026,Term 3,Grade 5,Thursday,3,11:15,12:15,Mathematics,,,
CAL006249,2026-08-06,2026,Term 3,Grade 5,Thursday,4,13:00,14:00,English,,,
CAL006250,2026-08-06,2026,Term 3,Grade 5,Thursday,5,14:00,15:00,Science,,,
CAL006251,2026-08-06,2026,Term 3,Grade 6,Thursday,1,08:45,09:45,Humanities,,,
CAL006252,2026-08-06,2026,Term 3,Grade 6,Thursday,2,09:45,10:45,Design and Technology,,,
CAL006253,2026-08-06,2026,Term 3,Grade 6,Thursday,3,11:15,12:15,Mathematics,,,
CAL006254,2026-08-06,2026,Term 3,Grade 6,Thursday,4,13:00,14:00,English,,,
CAL006255,2026-08-06,2026,Term 3,Grade 6,Thursday,5,14:00,15:00,Science,,,
CAL006256,2026-08-07,2026,Term 3,Grade 4,Friday,1,08:45,09:45,Arts,,,
CAL006257,2026-08-07,2026,Term 3,Grade 4,Friday,2,09:45,10:45,Mathematics,,,
CAL006258,2026-08-07,2026,Term 3,Grade 4,Friday,3,11:15,12:15,English,,,
CAL006259,2026-08-07,2026,Term 3,Grade 4,Friday,4,13:00,14:00,Science,,,
CAL006260,2026-08-07,2026,Term 3,Grade 4,Friday,5,14:00,15:00,Humanities,,,
CAL006261,2026-08-07,2026,Term 3,Grade 5,Friday,1,08:45,09:45,Health and Physical Education,,,
CAL006262,2026-08-07,2026,Term 3,Grade 5,Friday,2,09:45,10:45,Mathematics,,,
CAL006263,2026-08-07,2026,Term 3,Grade 5,Friday,3,11:15,12:15,English,,,
CAL006264,2026-08-07,2026,Term 3,Grade 5,Friday,4,13:00,14:00,Science,,,
CAL006265,2026-08-07,2026,Term 3,Grade 5,Friday,5,14:00,15:00,Humanities,,,
CAL006266,2026-08-07,2026,Term 3,Grade 6,Friday,1,08:45,09:45,Design and Technology,,,
CAL006267,2026-08-07,2026,Term 3,Grade 6,Friday,2,09:45,10:45,Mathematics,,,
CAL006268,2026-08-07,2026,Term 3,Grade 6,Friday,3,11:15,12:15,English,,,
CAL006269,2026-08-07,2026,Term 3,Grade 6,Friday,4,13:00,14:00,Science,,,
CAL006270,2026-08-07,2026,Term 3,Grade 6,Friday,5,14:00,15:00,Humanities,,,
CAL006271,2026-08-10,2026,Term 3,Grade 4,Monday,1,08:45,09:45,Mathematics,,,
CAL006272,2026-08-10,2026,Term 3,Grade 4,Monday,2,09:45,10:45,English,,,
CAL006273,2026-08-10,2026,Term 3,Grade 4,Monday,3,11:15,12:15,Science,,,
CAL006274,2026-08-10,2026,Term 3,Grade 4,Monday,4,13:00,14:00,Humanities,,,
CAL006275,2026-08-10,2026,Term 3,Grade 4,Monday,5,14:00,15:00,Arts,,,
CAL006276,2026-08-10,2026,Term 3,Grade 5,Monday,1,08:45,09:45,Mathematics,,,
CAL006277,2026-08-10,2026,Term 3,Grade 5,Monday,2,09:45,10:45,English,,,
CAL006278,2026-08-10,2026,Term 3,Grade 5,Monday,3,11:15,12:15,Science,,,
CAL006279,2026-08-10,2026,Term 3,Grade 5,Monday,4,13:00,14:00,Humanities,,,
CAL006280,2026-08-10,2026,Term 3,Grade 5,Monday,5,14:00,15:00,Health and Physical Education,,,
CAL006281,2026-08-10,2026,Term 3,Grade 6,Monday,1,08:45,09:45,Mathematics,,,
CAL006282,2026-08-10,2026,Term 3,Grade 6,Monday,2,09:45,10:45,English,,,
CAL006283,2026-08-10,2026,Term 3,Grade 6,Monday,3,11:15,12:15,Science,,,
CAL006284,2026-08-10,2026,Term 3,Grade 6,Monday,4,13:00,14:00,Humanities,,,
CAL006285,2026-08-10,2026,Term 3,Grade 6,Monday,5,14:00,15:00,Design and Technology,,,
CAL006286,2026-08-11,2026,Term 3,Grade 4,Tuesday,1,08:45,09:45,English,,,
CAL006287,2026-08-11,2026,Term 3,Grade 4,Tuesday,2,09:45,10:45,Science,,,
CAL006288,2026-08-11,2026,Term 3,Grade 4,Tuesday,3,11:15,12:15,Humanities,,,
CAL006289,2026-08-11,2026,Term 3,Grade 4,Tuesday,4,13:00,14:00,Arts,,,
CAL006290,2026-08-11,2026,Term 3,Grade 4,Tuesday,5,14:00,15:00,Mathematics,,,
CAL006291,2026-08-11,2026,Term 3,Grade 5,Tuesday,1,08:45,09:45,English,,,
CAL006292,2026-08-11,2026,Term 3,Grade 5,Tuesday,2,09:45,10:45,Science,,,
CAL006293,2026-08-11,2026,Term 3,Grade 5,Tuesday,3,11:15,12:15,Humanities,,,
CAL006294,2026-08-11,2026,Term 3,Grade 5,Tuesday,4,13:00,14:00,Health and Physical Education,,,
CAL006295,2026-08-11,2026,Term 3,Grade 5,Tuesday,5,14:00,15:00,Mathematics,,,
CAL006296,2026-08-11,2026,Term 3,Grade 6,Tuesday,1,08:45,09:45,English,,,
CAL006297,2026-08-11,2026,Term 3,Grade 6,Tuesday,2,09:45,10:45,Science,,,
CAL006298,2026-08-11,2026,Term 3,Grade 6,Tuesday,3,11:15,12:15,Humanities,,,
CAL006299,2026-08-11,2026,Term 3,Grade 6,Tuesday,4,13:00,14:00,Design and Technology,,,
CAL006300,2026-08-11,2026,Term 3,Grade 6,Tuesday,5,14:00,15:00,Mathematics,,,
CAL006301,2026-08-12,2026,Term 3,Grade 4,Wednesday,1,08:45,09:45,Science,,,
CAL006302,2026-08-12,2026,Term 3,Grade 4,Wednesday,2,09:45,10:45,Humanities,,,
CAL006303,2026-08-12,2026,Term 3,Grade 4,Wednesday,3,11:15,12:15,Arts,,,
CAL006304,2026-08-12,2026,Term 3,Grade 4,Wednesday,4,13:00,14:00,Mathematics,,,
CAL006305,2026-08-12,2026,Term 3,Grade 4,Wednesday,5,14:00,15:00,English,,,
CAL006306,2026-08-12,2026,Term 3,Grade 5,Wednesday,1,08:45,09:45,Science,,,
CAL006307,2026-08-12,2026,Term 3,Grade 5,Wednesday,2,09:45,10:45,Humanities,,,
CAL006308,2026-08-12,2026,Term 3,Grade 5,Wednesday,3,11:15,12:15,Health and Physical Education,,,
CAL006309,2026-08-12,2026,Term 3,Grade 5,Wednesday,4,13:00,14:00,Mathematics,,,
CAL006310,2026-08-12,2026,Term 3,Grade 5,Wednesday,5,14:00,15:00,English,,,
CAL006311,2026-08-12,2026,Term 3,Grade 6,Wednesday,1,08:45,09:45,Science,,,
CAL006312,2026-08-12,2026,Term 3,Grade 6,Wednesday,2,09:45,10:45,Humanities,,,
CAL006313,2026-08-12,2026,Term 3,Grade 6,Wednesday,3,11:15,12:15,Design and Technology,,,
CAL006314,2026-08-12,2026,Term 3,Grade 6,Wednesday,4,13:00,14:00,Mathematics,,,
CAL006315,2026-08-12,2026,Term 3,Grade 6,Wednesday,5,14:00,15:00,English,,,
CAL006316,2026-08-13,2026,Term 3,Grade 4,Thursday,1,08:45,09:45,Humanities,,,
CAL006317,2026-08-13,2026,Term 3,Grade 4,Thursday,2,09:45,10:45,Arts,,,
CAL006318,2026-08-13,2026,Term 3,Grade 4,Thursday,3,11:15,12:15,Mathematics,,,
CAL006319,2026-08-13,2026,Term 3,Grade 4,Thursday,4,13:00,14:00,English,,,
CAL006320,2026-08-13,2026,Term 3,Grade 4,Thursday,5,14:00,15:00,Science,,,
CAL006321,2026-08-13,2026,Term 3,Grade 5,Thursday,1,08:45,09:45,Humanities,,,
CAL006322,2026-08-13,2026,Term 3,Grade 5,Thursday,2,09:45,10:45,Health and Physical Education,,,
CAL006323,2026-08-13,2026,Term 3,Grade 5,Thursday,3,11:15,12:15,Mathematics,,,
CAL006324,2026-08-13,2026,Term 3,Grade 5,Thursday,4,13:00,14:00,English,,,
CAL006325,2026-08-13,2026,Term 3,Grade 5,Thursday,5,14:00,15:00,Science,,,
CAL006326,2026-08-13,2026,Term 3,Grade 6,Thursday,1,08:45,09:45,Humanities,,,
CAL006327,2026-08-13,2026,Term 3,Grade 6,Thursday,2,09:45,10:45,Design and Technology,,,
CAL006328,2026-08-13,2026,Term 3,Grade 6,Thursday,3,11:15,12:15,Mathematics,,,
CAL006329,2026-08-13,2026,Term 3,Grade 6,Thursday,4,13:00,14:00,English,,,
CAL006330,2026-08-13,2026,Term 3,Grade 6,Thursday,5,14:00,15:00,Science,,,
CAL006331,2026-08-14,2026,Term 3,Grade 4,Friday,1,08:45,09:45,Arts,,,
CAL006332,2026-08-14,2026,Term 3,Grade 4,Friday,2,09:45,10:45,Mathematics,,,
CAL006333,2026-08-14,2026,Term 3,Grade 4,Friday,3,11:15,12:15,English,,,
CAL006334,2026-08-14,2026,Term 3,Grade 4,Friday,4,13:00,14:00,Science,,,
CAL006335,2026-08-14,2026,Term 3,Grade 4,Friday,5,14:00,15:00,Humanities,,,
CAL006336,2026-08-14,2026,Term 3,Grade 5,Friday,1,08:45,09:45,Health and Physical Education,,,
CAL006337,2026-08-14,2026,Term 3,Grade 5,Friday,2,09:45,10:45,Mathematics,,,
CAL006338,2026-08-14,2026,Term 3,Grade 5,Friday,3,11:15,12:15,English,,,
CAL006339,2026-08-14,2026,Term 3,Grade 5,Friday,4,13:00,14:00,Science,,,
CAL006340,2026-08-14,2026,Term 3,Grade 5,Friday,5,14:00,15:00,Humanities,,,
CAL006341,2026-08-14,2026,Term 3,Grade 6,Friday,1,08:45,09:45,Design and Technology,,,
CAL006342,2026-08-14,2026,Term 3,Grade 6,Friday,2,09:45,10:45,Mathematics,,,
CAL006343,2026-08-14,2026,Term 3,Grade 6,Friday,3,11:15,12:15,English,,,
CAL006344,2026-08-14,2026,Term 3,Grade 6,Friday,4,13:00,14:00,Science,,,
CAL006345,2026-08-14,2026,Term 3,Grade 6,Friday,5,14:00,15:00,Humanities,,,
CAL006346,2026-08-17,2026,Term 3,Grade 4,Monday,1,08:45,09:45,Mathematics,,,
CAL006347,2026-08-17,2026,Term 3,Grade 4,Monday,2,09:45,10:45,English,,,
CAL006348,2026-08-17,2026,Term 3,Grade 4,Monday,3,11:15,12:15,Science,,,
CAL006349,2026-08-17,2026,Term 3,Grade 4,Monday,4,13:00,14:00,Humanities,,,
CAL006350,2026-08-17,2026,Term 3,Grade 4,Monday,5,14:00,15:00,Arts,,,
CAL006351,2026-08-17,2026,Term 3,Grade 5,Monday,1,08:45,09:45,Mathematics,,,
CAL006352,2026-08-17,2026,Term 3,Grade 5,Monday,2,09:45,10:45,English,,,
CAL006353,2026-08-17,2026,Term 3,Grade 5,Monday,3,11:15,12:15,Science,,,
CAL006354,2026-08-17,2026,Term 3,Grade 5,Monday,4,13:00,14:00,Humanities,,,
CAL006355,2026-08-17,2026,Term 3,Grade 5,Monday,5,14:00,15:00,Health and Physical Education,,,
CAL006356,2026-08-17,2026,Term 3,Grade 6,Monday,1,08:45,09:45,Mathematics,,,
CAL006357,2026-08-17,2026,Term 3,Grade 6,Monday,2,09:45,10:45,English,,,
CAL006358,2026-08-17,2026,Term 3,Grade 6,Monday,3,11:15,12:15,Science,,,
CAL006359,2026-08-17,2026,Term 3,Grade 6,Monday,4,13:00,14:00,Humanities,,,
CAL006360,2026-08-17,2026,Term 3,Grade 6,Monday,5,14:00,15:00,Design and Technology,,,
CAL006361,2026-08-18,2026,Term 3,Grade 4,Tuesday,1,08:45,09:45,English,,,
CAL006362,2026-08-18,2026,Term 3,Grade 4,Tuesday,2,09:45,10:45,Science,,,
CAL006363,2026-08-18,2026,Term 3,Grade 4,Tuesday,3,11:15,12:15,Humanities,,,
CAL006364,2026-08-18,2026,Term 3,Grade 4,Tuesday,4,13:00,14:00,Arts,,,
CAL006365,2026-08-18,2026,Term 3,Grade 4,Tuesday,5,14:00,15:00,Mathematics,,,
CAL006366,2026-08-18,2026,Term 3,Grade 5,Tuesday,1,08:45,09:45,English,,,
CAL006367,2026-08-18,2026,Term 3,Grade 5,Tuesday,2,09:45,10:45,Science,,,
CAL006368,2026-08-18,2026,Term 3,Grade 5,Tuesday,3,11:15,12:15,Humanities,,,
CAL006369,2026-08-18,2026,Term 3,Grade 5,Tuesday,4,13:00,14:00,Health and Physical Education,,,
CAL006370,2026-08-18,2026,Term 3,Grade 5,Tuesday,5,14:00,15:00,Mathematics,,,
CAL006371,2026-08-18,2026,Term 3,Grade 6,Tuesday,1,08:45,09:45,English,,,
CAL006372,2026-08-18,2026,Term 3,Grade 6,Tuesday,2,09:45,10:45,Science,,,
CAL006373,2026-08-18,2026,Term 3,Grade 6,Tuesday,3,11:15,12:15,Humanities,,,
CAL006374,2026-08-18,2026,Term 3,Grade 6,Tuesday,4,13:00,14:00,Design and Technology,,,
CAL006375,2026-08-18,2026,Term 3,Grade 6,Tuesday,5,14:00,15:00,Mathematics,,,
CAL006376,2026-08-19,2026,Term 3,Grade 4,Wednesday,1,08:45,09:45,Science,,,
CAL006377,2026-08-19,2026,Term 3,Grade 4,Wednesday,2,09:45,10:45,Humanities,,,
CAL006378,2026-08-19,2026,Term 3,Grade 4,Wednesday,3,11:15,12:15,Arts,,,
CAL006379,2026-08-19,2026,Term 3,Grade 4,Wednesday,4,13:00,14:00,Mathematics,,,
CAL006380,2026-08-19,2026,Term 3,Grade 4,Wednesday,5,14:00,15:00,English,,,
CAL006381,2026-08-19,2026,Term 3,Grade 5,Wednesday,1,08:45,09:45,Science,,,
CAL006382,2026-08-19,2026,Term 3,Grade 5,Wednesday,2,09:45,10:45,Humanities,,,
CAL006383,2026-08-19,2026,Term 3,Grade 5,Wednesday,3,11:15,12:15,Health and Physical Education,,,
CAL006384,2026-08-19,2026,Term 3,Grade 5,Wednesday,4,13:00,14:00,Mathematics,,,
CAL006385,2026-08-19,2026,Term 3,Grade 5,Wednesday,5,14:00,15:00,English,,,
CAL006386,2026-08-19,2026,Term 3,Grade 6,Wednesday,1,08:45,09:45,Science,,,
CAL006387,2026-08-19,2026,Term 3,Grade 6,Wednesday,2,09:45,10:45,Humanities,,,
CAL006388,2026-08-19,2026,Term 3,Grade 6,Wednesday,3,11:15,12:15,Design and Technology,,,
CAL006389,2026-08-19,2026,Term 3,Grade 6,Wednesday,4,13:00,14:00,Mathematics,,,
CAL006390,2026-08-19,2026,Term 3,Grade 6,Wednesday,5,14:00,15:00,English,,,
CAL006391,2026-08-20,2026,Term 3,Grade 4,Thursday,1,08:45,09:45,Humanities,,,
CAL006392,2026-08-20,2026,Term 3,Grade 4,Thursday,2,09:45,10:45,Arts,,,
CAL006393,2026-08-20,2026,Term 3,Grade 4,Thursday,3,11:15,12:15,Mathematics,,,
CAL006394,2026-08-20,2026,Term 3,Grade 4,Thursday,4,13:00,14:00,English,,,
CAL006395,2026-08-20,2026,Term 3,Grade 4,Thursday,5,14:00,15:00,Science,,,
CAL006396,2026-08-20,2026,Term 3,Grade 5,Thursday,1,08:45,09:45,Humanities,,,
CAL006397,2026-08-20,2026,Term 3,Grade 5,Thursday,2,09:45,10:45,Health and Physical Education,,,
CAL006398,2026-08-20,2026,Term 3,Grade 5,Thursday,3,11:15,12:15,Mathematics,,,
CAL006399,2026-08-20,2026,Term 3,Grade 5,Thursday,4,13:00,14:00,English,,,
CAL006400,2026-08-20,2026,Term 3,Grade 5,Thursday,5,14:00,15:00,Science,,,
CAL006401,2026-08-20,2026,Term 3,Grade 6,Thursday,1,08:45,09:45,Humanities,,,
CAL006402,2026-08-20,2026,Term 3,Grade 6,Thursday,2,09:45,10:45,Design and Technology,,,
CAL006403,2026-08-20,2026,Term 3,Grade 6,Thursday,3,11:15,12:15,Mathematics,,,
CAL006404,2026-08-20,2026,Term 3,Grade 6,Thursday,4,13:00,14:00,English,,,
CAL006405,2026-08-20,2026,Term 3,Grade 6,Thursday,5,14:00,15:00,Science,,,
CAL006406,2026-08-21,2026,Term 3,Grade 4,Friday,1,08:45,09:45,Arts,,,
CAL006407,2026-08-21,2026,Term 3,Grade 4,Friday,2,09:45,10:45,Mathematics,,,
CAL006408,2026-08-21,2026,Term 3,Grade 4,Friday,3,11:15,12:15,English,,,
CAL006409,2026-08-21,2026,Term 3,Grade 4,Friday,4,13:00,14:00,Science,,,
CAL006410,2026-08-21,2026,Term 3,Grade 4,Friday,5,14:00,15:00,Humanities,,,
CAL006411,2026-08-21,2026,Term 3,Grade 5,Friday,1,08:45,09:45,Health and Physical Education,,,
CAL006412,2026-08-21,2026,Term 3,Grade 5,Friday,2,09:45,10:45,Mathematics,,,
CAL006413,2026-08-21,2026,Term 3,Grade 5,Friday,3,11:15,12:15,English,,,
CAL006414,2026-08-21,2026,Term 3,Grade 5,Friday,4,13:00,14:00,Science,,,
CAL006415,2026-08-21,2026,Term 3,Grade 5,Friday,5,14:00,15:00,Humanities,,,
CAL006416,2026-08-21,2026,Term 3,Grade 6,Friday,1,08:45,09:45,Design and Technology,,,
CAL006417,2026-08-21,2026,Term 3,Grade 6,Friday,2,09:45,10:45,Mathematics,,,
CAL006418,2026-08-21,2026,Term 3,Grade 6,Friday,3,11:15,12:15,English,,,
CAL006419,2026-08-21,2026,Term 3,Grade 6,Friday,4,13:00,14:00,Science,,,
CAL006420,2026-08-21,2026,Term 3,Grade 6,Friday,5,14:00,15:00,Humanities,,,
CAL006421,2026-08-24,2026,Term 3,Grade 4,Monday,1,08:45,09:45,Mathematics,,,
CAL006422,2026-08-24,2026,Term 3,Grade 4,Monday,2,09:45,10:45,English,,,
CAL006423,2026-08-24,2026,Term 3,Grade 4,Monday,3,11:15,12:15,Science,,,
CAL006424,2026-08-24,2026,Term 3,Grade 4,Monday,4,13:00,14:00,Humanities,,,
CAL006425,2026-08-24,2026,Term 3,Grade 4,Monday,5,14:00,15:00,Arts,,,
CAL006426,2026-08-24,2026,Term 3,Grade 5,Monday,1,08:45,09:45,Mathematics,,,
CAL006427,2026-08-24,2026,Term 3,Grade 5,Monday,2,09:45,10:45,English,,,
CAL006428,2026-08-24,2026,Term 3,Grade 5,Monday,3,11:15,12:15,Science,,,
CAL006429,2026-08-24,2026,Term 3,Grade 5,Monday,4,13:00,14:00,Humanities,,,
CAL006430,2026-08-24,2026,Term 3,Grade 5,Monday,5,14:00,15:00,Health and Physical Education,,,
CAL006431,2026-08-24,2026,Term 3,Grade 6,Monday,1,08:45,09:45,Mathematics,,,
CAL006432,2026-08-24,2026,Term 3,Grade 6,Monday,2,09:45,10:45,English,,,
CAL006433,2026-08-24,2026,Term 3,Grade 6,Monday,3,11:15,12:15,Science,,,
CAL006434,2026-08-24,2026,Term 3,Grade 6,Monday,4,13:00,14:00,Humanities,,,
CAL006435,2026-08-24,2026,Term 3,Grade 6,Monday,5,14:00,15:00,Design and Technology,,,
CAL006436,2026-08-25,2026,Term 3,Grade 4,Tuesday,1,08:45,09:45,English,,,
CAL006437,2026-08-25,2026,Term 3,Grade 4,Tuesday,2,09:45,10:45,Science,,,
CAL006438,2026-08-25,2026,Term 3,Grade 4,Tuesday,3,11:15,12:15,Humanities,,,
CAL006439,2026-08-25,2026,Term 3,Grade 4,Tuesday,4,13:00,14:00,Arts,,,
CAL006440,2026-08-25,2026,Term 3,Grade 4,Tuesday,5,14:00,15:00,Mathematics,,,
CAL006441,2026-08-25,2026,Term 3,Grade 5,Tuesday,1,08:45,09:45,English,,,
CAL006442,2026-08-25,2026,Term 3,Grade 5,Tuesday,2,09:45,10:45,Science,,,
CAL006443,2026-08-25,2026,Term 3,Grade 5,Tuesday,3,11:15,12:15,Humanities,,,
CAL006444,2026-08-25,2026,Term 3,Grade 5,Tuesday,4,13:00,14:00,Health and Physical Education,,,
CAL006445,2026-08-25,2026,Term 3,Grade 5,Tuesday,5,14:00,15:00,Mathematics,,,
CAL006446,2026-08-25,2026,Term 3,Grade 6,Tuesday,1,08:45,09:45,English,,,
CAL006447,2026-08-25,2026,Term 3,Grade 6,Tuesday,2,09:45,10:45,Science,,,
CAL006448,2026-08-25,2026,Term 3,Grade 6,Tuesday,3,11:15,12:15,Humanities,,,
CAL006449,2026-08-25,2026,Term 3,Grade 6,Tuesday,4,13:00,14:00,Design and Technology,,,
CAL006450,2026-08-25,2026,Term 3,Grade 6,Tuesday,5,14:00,15:00,Mathematics,,,
CAL006451,2026-08-26,2026,Term 3,Grade 4,Wednesday,1,08:45,09:45,Science,,,
CAL006452,2026-08-26,2026,Term 3,Grade 4,Wednesday,2,09:45,10:45,Humanities,,,
CAL006453,2026-08-26,2026,Term 3,Grade 4,Wednesday,3,11:15,12:15,Arts,,,
CAL006454,2026-08-26,2026,Term 3,Grade 4,Wednesday,4,13:00,14:00,Mathematics,,,
CAL006455,2026-08-26,2026,Term 3,Grade 4,Wednesday,5,14:00,15:00,English,,,
CAL006456,2026-08-26,2026,Term 3,Grade 5,Wednesday,1,08:45,09:45,Science,,,
CAL006457,2026-08-26,2026,Term 3,Grade 5,Wednesday,2,09:45,10:45,Humanities,,,
CAL006458,2026-08-26,2026,Term 3,Grade 5,Wednesday,3,11:15,12:15,Health and Physical Education,,,
CAL006459,2026-08-26,2026,Term 3,Grade 5,Wednesday,4,13:00,14:00,Mathematics,,,
CAL006460,2026-08-26,2026,Term 3,Grade 5,Wednesday,5,14:00,15:00,English,,,
CAL006461,2026-08-26,2026,Term 3,Grade 6,Wednesday,1,08:45,09:45,Science,,,
CAL006462,2026-08-26,2026,Term 3,Grade 6,Wednesday,2,09:45,10:45,Humanities,,,
CAL006463,2026-08-26,2026,Term 3,Grade 6,Wednesday,3,11:15,12:15,Design and Technology,,,
CAL006464,2026-08-26,2026,Term 3,Grade 6,Wednesday,4,13:00,14:00,Mathematics,,,
CAL006465,2026-08-26,2026,Term 3,Grade 6,Wednesday,5,14:00,15:00,English,,,
CAL006466,2026-08-27,2026,Term 3,Grade 4,Thursday,1,08:45,09:45,Humanities,,,
CAL006467,2026-08-27,2026,Term 3,Grade 4,Thursday,2,09:45,10:45,Arts,,,
CAL006468,2026-08-27,2026,Term 3,Grade 4,Thursday,3,11:15,12:15,Mathematics,,,
CAL006469,2026-08-27,2026,Term 3,Grade 4,Thursday,4,13:00,14:00,English,,,
CAL006470,2026-08-27,2026,Term 3,Grade 4,Thursday,5,14:00,15:00,Science,,,
CAL006471,2026-08-27,2026,Term 3,Grade 5,Thursday,1,08:45,09:45,Humanities,,,
CAL006472,2026-08-27,2026,Term 3,Grade 5,Thursday,2,09:45,10:45,Health and Physical Education,,,
CAL006473,2026-08-27,2026,Term 3,Grade 5,Thursday,3,11:15,12:15,Mathematics,,,
CAL006474,2026-08-27,2026,Term 3,Grade 5,Thursday,4,13:00,14:00,English,,,
CAL006475,2026-08-27,2026,Term 3,Grade 5,Thursday,5,14:00,15:00,Science,,,
CAL006476,2026-08-27,2026,Term 3,Grade 6,Thursday,1,08:45,09:45,Humanities,,,
CAL006477,2026-08-27,2026,Term 3,Grade 6,Thursday,2,09:45,10:45,Design and Technology,,,
CAL006478,2026-08-27,2026,Term 3,Grade 6,Thursday,3,11:15,12:15,Mathematics,,,
CAL006479,2026-08-27,2026,Term 3,Grade 6,Thursday,4,13:00,14:00,English,,,
CAL006480,2026-08-27,2026,Term 3,Grade 6,Thursday,5,14:00,15:00,Science,,,
CAL006481,2026-08-28,2026,Term 3,Grade 4,Friday,1,08:45,09:45,Arts,,,
CAL006482,2026-08-28,2026,Term 3,Grade 4,Friday,2,09:45,10:45,Mathematics,,,
CAL006483,2026-08-28,2026,Term 3,Grade 4,Friday,3,11:15,12:15,English,,,
CAL006484,2026-08-28,2026,Term 3,Grade 4,Friday,4,13:00,14:00,Science,,,
CAL006485,2026-08-28,2026,Term 3,Grade 4,Friday,5,14:00,15:00,Humanities,,,
CAL006486,2026-08-28,2026,Term 3,Grade 5,Friday,1,08:45,09:45,Health and Physical Education,,,
CAL006487,2026-08-28,2026,Term 3,Grade 5,Friday,2,09:45,10:45,Mathematics,,,
CAL006488,2026-08-28,2026,Term 3,Grade 5,Friday,3,11:15,12:15,English,,,
CAL006489,2026-08-28,2026,Term 3,Grade 5,Friday,4,13:00,14:00,Science,,,
CAL006490,2026-08-28,2026,Term 3,Grade 5,Friday,5,14:00,15:00,Humanities,,,
CAL006491,2026-08-28,2026,Term 3,Grade 6,Friday,1,08:45,09:45,Design and Technology,,,
CAL006492,2026-08-28,2026,Term 3,Grade 6,Friday,2,09:45,10:45,Mathematics,,,
CAL006493,2026-08-28,2026,Term 3,Grade 6,Friday,3,11:15,12:15,English,,,
CAL006494,2026-08-28,2026,Term 3,Grade 6,Friday,4,13:00,14:00,Science,,,
CAL006495,2026-08-28,2026,Term 3,Grade 6,Friday,5,14:00,15:00,Humanities,,,
CAL006496,2026-08-31,2026,Term 3,Grade 4,Monday,1,08:45,09:45,Mathematics,,,
CAL006497,2026-08-31,2026,Term 3,Grade 4,Monday,2,09:45,10:45,English,,,
CAL006498,2026-08-31,2026,Term 3,Grade 4,Monday,3,11:15,12:15,Science,,,
CAL006499,2026-08-31,2026,Term 3,Grade 4,Monday,4,13:00,14:00,Humanities,,,
CAL006500,2026-08-31,2026,Term 3,Grade 4,Monday,5,14:00,15:00,Arts,,,
CAL006501,2026-08-31,2026,Term 3,Grade 5,Monday,1,08:45,09:45,Mathematics,,,
CAL006502,2026-08-31,2026,Term 3,Grade 5,Monday,2,09:45,10:45,English,,,
CAL006503,2026-08-31,2026,Term 3,Grade 5,Monday,3,11:15,12:15,Science,,,
CAL006504,2026-08-31,2026,Term 3,Grade 5,Monday,4,13:00,14:00,Humanities,,,
CAL006505,2026-08-31,2026,Term 3,Grade 5,Monday,5,14:00,15:00,Health and Physical Education,,,
CAL006506,2026-08-31,2026,Term 3,Grade 6,Monday,1,08:45,09:45,Mathematics,,,
CAL006507,2026-08-31,2026,Term 3,Grade 6,Monday,2,09:45,10:45,English,,,
CAL006508,2026-08-31,2026,Term 3,Grade 6,Monday,3,11:15,12:15,Science,,,
CAL006509,2026-08-31,2026,Term 3,Grade 6,Monday,4,13:00,14:00,Humanities,,,
CAL006510,2026-08-31,2026,Term 3,Grade 6,Monday,5,14:00,15:00,Design and Technology,,,
CAL006511,2026-09-01,2026,Term 3,Grade 4,Tuesday,1,08:45,09:45,English,,,
CAL006512,2026-09-01,2026,Term 3,Grade 4,Tuesday,2,09:45,10:45,Science,,,
CAL006513,2026-09-01,2026,Term 3,Grade 4,Tuesday,3,11:15,12:15,Humanities,,,
CAL006514,2026-09-01,2026,Term 3,Grade 4,Tuesday,4,13:00,14:00,Arts,,,
CAL006515,2026-09-01,2026,Term 3,Grade 4,Tuesday,5,14:00,15:00,Mathematics,,,
CAL006516,2026-09-01,2026,Term 3,Grade 5,Tuesday,1,08:45,09:45,English,,,
CAL006517,2026-09-01,2026,Term 3,Grade 5,Tuesday,2,09:45,10:45,Science,,,
CAL006518,2026-09-01,2026,Term 3,Grade 5,Tuesday,3,11:15,12:15,Humanities,,,
CAL006519,2026-09-01,2026,Term 3,Grade 5,Tuesday,4,13:00,14:00,Health and Physical Education,,,
CAL006520,2026-09-01,2026,Term 3,Grade 5,Tuesday,5,14:00,15:00,Mathematics,,,
CAL006521,2026-09-01,2026,Term 3,Grade 6,Tuesday,1,08:45,09:45,English,,,
CAL006522,2026-09-01,2026,Term 3,Grade 6,Tuesday,2,09:45,10:45,Science,,,
CAL006523,2026-09-01,2026,Term 3,Grade 6,Tuesday,3,11:15,12:15,Humanities,,,
CAL006524,2026-09-01,2026,Term 3,Grade 6,Tuesday,4,13:00,14:00,Design and Technology,,,
CAL006525,2026-09-01,2026,Term 3,Grade 6,Tuesday,5,14:00,15:00,Mathematics,,,
CAL006526,2026-09-02,2026,Term 3,Grade 4,Wednesday,1,08:45,09:45,Science,,,
CAL006527,2026-09-02,2026,Term 3,Grade 4,Wednesday,2,09:45,10:45,Humanities,,,
CAL006528,2026-09-02,2026,Term 3,Grade 4,Wednesday,3,11:15,12:15,Arts,,,
CAL006529,2026-09-02,2026,Term 3,Grade 4,Wednesday,4,13:00,14:00,Mathematics,,,
CAL006530,2026-09-02,2026,Term 3,Grade 4,Wednesday,5,14:00,15:00,English,,,
CAL006531,2026-09-02,2026,Term 3,Grade 5,Wednesday,1,08:45,09:45,Science,,,
CAL006532,2026-09-02,2026,Term 3,Grade 5,Wednesday,2,09:45,10:45,Humanities,,,
CAL006533,2026-09-02,2026,Term 3,Grade 5,Wednesday,3,11:15,12:15,Health and Physical Education,,,
CAL006534,2026-09-02,2026,Term 3,Grade 5,Wednesday,4,13:00,14:00,Mathematics,,,
CAL006535,2026-09-02,2026,Term 3,Grade 5,Wednesday,5,14:00,15:00,English,,,
CAL006536,2026-09-02,2026,Term 3,Grade 6,Wednesday,1,08:45,09:45,Science,,,
CAL006537,2026-09-02,2026,Term 3,Grade 6,Wednesday,2,09:45,10:45,Humanities,,,
CAL006538,2026-09-02,2026,Term 3,Grade 6,Wednesday,3,11:15,12:15,Design and Technology,,,
CAL006539,2026-09-02,2026,Term 3,Grade 6,Wednesday,4,13:00,14:00,Mathematics,,,
CAL006540,2026-09-02,2026,Term 3,Grade 6,Wednesday,5,14:00,15:00,English,,,
CAL006541,2026-09-03,2026,Term 3,Grade 4,Thursday,1,08:45,09:45,Humanities,,,
CAL006542,2026-09-03,2026,Term 3,Grade 4,Thursday,2,09:45,10:45,Arts,,,
CAL006543,2026-09-03,2026,Term 3,Grade 4,Thursday,3,11:15,12:15,Mathematics,,,
CAL006544,2026-09-03,2026,Term 3,Grade 4,Thursday,4,13:00,14:00,English,,,
CAL006545,2026-09-03,2026,Term 3,Grade 4,Thursday,5,14:00,15:00,Science,,,
CAL006546,2026-09-03,2026,Term 3,Grade 5,Thursday,1,08:45,09:45,Humanities,,,
CAL006547,2026-09-03,2026,Term 3,Grade 5,Thursday,2,09:45,10:45,Health and Physical Education,,,
CAL006548,2026-09-03,2026,Term 3,Grade 5,Thursday,3,11:15,12:15,Mathematics,,,
CAL006549,2026-09-03,2026,Term 3,Grade 5,Thursday,4,13:00,14:00,English,,,
CAL006550,2026-09-03,2026,Term 3,Grade 5,Thursday,5,14:00,15:00,Science,,,
CAL006551,2026-09-03,2026,Term 3,Grade 6,Thursday,1,08:45,09:45,Humanities,,,
CAL006552,2026-09-03,2026,Term 3,Grade 6,Thursday,2,09:45,10:45,Design and Technology,,,
CAL006553,2026-09-03,2026,Term 3,Grade 6,Thursday,3,11:15,12:15,Mathematics,,,
CAL006554,2026-09-03,2026,Term 3,Grade 6,Thursday,4,13:00,14:00,English,,,
CAL006555,2026-09-03,2026,Term 3,Grade 6,Thursday,5,14:00,15:00,Science,,,
CAL006556,2026-09-04,2026,Term 3,Grade 4,Friday,1,08:45,09:45,Arts,,,
CAL006557,2026-09-04,2026,Term 3,Grade 4,Friday,2,09:45,10:45,Mathematics,,,
CAL006558,2026-09-04,2026,Term 3,Grade 4,Friday,3,11:15,12:15,English,,,
CAL006559,2026-09-04,2026,Term 3,Grade 4,Friday,4,13:00,14:00,Science,,,
CAL006560,2026-09-04,2026,Term 3,Grade 4,Friday,5,14:00,15:00,Humanities,,,
CAL006561,2026-09-04,2026,Term 3,Grade 5,Friday,1,08:45,09:45,Health and Physical Education,,,
CAL006562,2026-09-04,2026,Term 3,Grade 5,Friday,2,09:45,10:45,Mathematics,,,
CAL006563,2026-09-04,2026,Term 3,Grade 5,Friday,3,11:15,12:15,English,,,
CAL006564,2026-09-04,2026,Term 3,Grade 5,Friday,4,13:00,14:00,Science,,,
CAL006565,2026-09-04,2026,Term 3,Grade 5,Friday,5,14:00,15:00,Humanities,,,
CAL006566,2026-09-04,2026,Term 3,Grade 6,Friday,1,08:45,09:45,Design and Technology,,,
CAL006567,2026-09-04,2026,Term 3,Grade 6,Friday,2,09:45,10:45,Mathematics,,,
CAL006568,2026-09-04,2026,Term 3,Grade 6,Friday,3,11:15,12:15,English,,,
CAL006569,2026-09-04,2026,Term 3,Grade 6,Friday,4,13:00,14:00,Science,,,
CAL006570,2026-09-04,2026,Term 3,Grade 6,Friday,5,14:00,15:00,Humanities,,,
CAL006571,2026-09-07,2026,Term 3,Grade 4,Monday,1,08:45,09:45,Mathematics,,,
CAL006572,2026-09-07,2026,Term 3,Grade 4,Monday,2,09:45,10:45,English,,,
CAL006573,2026-09-07,2026,Term 3,Grade 4,Monday,3,11:15,12:15,Science,,,
CAL006574,2026-09-07,2026,Term 3,Grade 4,Monday,4,13:00,14:00,Humanities,,,
CAL006575,2026-09-07,2026,Term 3,Grade 4,Monday,5,14:00,15:00,Arts,,,
CAL006576,2026-09-07,2026,Term 3,Grade 5,Monday,1,08:45,09:45,Mathematics,,,
CAL006577,2026-09-07,2026,Term 3,Grade 5,Monday,2,09:45,10:45,English,,,
CAL006578,2026-09-07,2026,Term 3,Grade 5,Monday,3,11:15,12:15,Science,,,
CAL006579,2026-09-07,2026,Term 3,Grade 5,Monday,4,13:00,14:00,Humanities,,,
CAL006580,2026-09-07,2026,Term 3,Grade 5,Monday,5,14:00,15:00,Health and Physical Education,,,
CAL006581,2026-09-07,2026,Term 3,Grade 6,Monday,1,08:45,09:45,Mathematics,,,
CAL006582,2026-09-07,2026,Term 3,Grade 6,Monday,2,09:45,10:45,English,,,
CAL006583,2026-09-07,2026,Term 3,Grade 6,Monday,3,11:15,12:15,Science,,,
CAL006584,2026-09-07,2026,Term 3,Grade 6,Monday,4,13:00,14:00,Humanities,,,
CAL006585,2026-09-07,2026,Term 3,Grade 6,Monday,5,14:00,15:00,Design and Technology,,,
CAL006586,2026-09-08,2026,Term 3,Grade 4,Tuesday,1,08:45,09:45,English,,,
CAL006587,2026-09-08,2026,Term 3,Grade 4,Tuesday,2,09:45,10:45,Science,,,
CAL006588,2026-09-08,2026,Term 3,Grade 4,Tuesday,3,11:15,12:15,Humanities,,,
CAL006589,2026-09-08,2026,Term 3,Grade 4,Tuesday,4,13:00,14:00,Arts,,,
CAL006590,2026-09-08,2026,Term 3,Grade 4,Tuesday,5,14:00,15:00,Mathematics,,,
CAL006591,2026-09-08,2026,Term 3,Grade 5,Tuesday,1,08:45,09:45,English,,,
CAL006592,2026-09-08,2026,Term 3,Grade 5,Tuesday,2,09:45,10:45,Science,,,
CAL006593,2026-09-08,2026,Term 3,Grade 5,Tuesday,3,11:15,12:15,Humanities,,,
CAL006594,2026-09-08,2026,Term 3,Grade 5,Tuesday,4,13:00,14:00,Health and Physical Education,,,
CAL006595,2026-09-08,2026,Term 3,Grade 5,Tuesday,5,14:00,15:00,Mathematics,,,
CAL006596,2026-09-08,2026,Term 3,Grade 6,Tuesday,1,08:45,09:45,English,,,
CAL006597,2026-09-08,2026,Term 3,Grade 6,Tuesday,2,09:45,10:45,Science,,,
CAL006598,2026-09-08,2026,Term 3,Grade 6,Tuesday,3,11:15,12:15,Humanities,,,
CAL006599,2026-09-08,2026,Term 3,Grade 6,Tuesday,4,13:00,14:00,Design and Technology,,,
CAL006600,2026-09-08,2026,Term 3,Grade 6,Tuesday,5,14:00,15:00,Mathematics,,,
CAL006601,2026-09-09,2026,Term 3,Grade 4,Wednesday,1,08:45,09:45,Science,,,
CAL006602,2026-09-09,2026,Term 3,Grade 4,Wednesday,2,09:45,10:45,Humanities,,,
CAL006603,2026-09-09,2026,Term 3,Grade 4,Wednesday,3,11:15,12:15,Arts,,,
CAL006604,2026-09-09,2026,Term 3,Grade 4,Wednesday,4,13:00,14:00,Mathematics,,,
CAL006605,2026-09-09,2026,Term 3,Grade 4,Wednesday,5,14:00,15:00,English,,,
CAL006606,2026-09-09,2026,Term 3,Grade 5,Wednesday,1,08:45,09:45,Science,,,
CAL006607,2026-09-09,2026,Term 3,Grade 5,Wednesday,2,09:45,10:45,Humanities,,,
CAL006608,2026-09-09,2026,Term 3,Grade 5,Wednesday,3,11:15,12:15,Health and Physical Education,,,
CAL006609,2026-09-09,2026,Term 3,Grade 5,Wednesday,4,13:00,14:00,Mathematics,,,
CAL006610,2026-09-09,2026,Term 3,Grade 5,Wednesday,5,14:00,15:00,English,,,
CAL006611,2026-09-09,2026,Term 3,Grade 6,Wednesday,1,08:45,09:45,Science,,,
CAL006612,2026-09-09,2026,Term 3,Grade 6,Wednesday,2,09:45,10:45,Humanities,,,
CAL006613,2026-09-09,2026,Term 3,Grade 6,Wednesday,3,11:15,12:15,Design and Technology,,,
CAL006614,2026-09-09,2026,Term 3,Grade 6,Wednesday,4,13:00,14:00,Mathematics,,,
CAL006615,2026-09-09,2026,Term 3,Grade 6,Wednesday,5,14:00,15:00,English,,,
CAL006616,2026-09-10,2026,Term 3,Grade 4,Thursday,1,08:45,09:45,Humanities,,,
CAL006617,2026-09-10,2026,Term 3,Grade 4,Thursday,2,09:45,10:45,Arts,,,
CAL006618,2026-09-10,2026,Term 3,Grade 4,Thursday,3,11:15,12:15,Mathematics,,,
CAL006619,2026-09-10,2026,Term 3,Grade 4,Thursday,4,13:00,14:00,English,,,
CAL006620,2026-09-10,2026,Term 3,Grade 4,Thursday,5,14:00,15:00,Science,,,
CAL006621,2026-09-10,2026,Term 3,Grade 5,Thursday,1,08:45,09:45,Humanities,,,
CAL006622,2026-09-10,2026,Term 3,Grade 5,Thursday,2,09:45,10:45,Health and Physical Education,,,
CAL006623,2026-09-10,2026,Term 3,Grade 5,Thursday,3,11:15,12:15,Mathematics,,,
CAL006624,2026-09-10,2026,Term 3,Grade 5,Thursday,4,13:00,14:00,English,,,
CAL006625,2026-09-10,2026,Term 3,Grade 5,Thursday,5,14:00,15:00,Science,,,
CAL006626,2026-09-10,2026,Term 3,Grade 6,Thursday,1,08:45,09:45,Humanities,,,
CAL006627,2026-09-10,2026,Term 3,Grade 6,Thursday,2,09:45,10:45,Design and Technology,,,
CAL006628,2026-09-10,2026,Term 3,Grade 6,Thursday,3,11:15,12:15,Mathematics,,,
CAL006629,2026-09-10,2026,Term 3,Grade 6,Thursday,4,13:00,14:00,English,,,
CAL006630,2026-09-10,2026,Term 3,Grade 6,Thursday,5,14:00,15:00,Science,,,
CAL006631,2026-09-11,2026,Term 3,Grade 4,Friday,1,08:45,09:45,Arts,,Science Fair,School event
CAL006632,2026-09-11,2026,Term 3,Grade 4,Friday,2,09:45,10:45,Mathematics,,Science Fair,School event
CAL006633,2026-09-11,2026,Term 3,Grade 4,Friday,3,11:15,12:15,English,,Science Fair,School event
CAL006634,2026-09-11,2026,Term 3,Grade 4,Friday,4,13:00,14:00,Science,,Science Fair,School event
CAL006635,2026-09-11,2026,Term 3,Grade 4,Friday,5,14:00,15:00,Humanities,,Science Fair,School event
CAL006636,2026-09-11,2026,Term 3,Grade 5,Friday,1,08:45,09:45,Health and Physical Education,,Science Fair,School event
CAL006637,2026-09-11,2026,Term 3,Grade 5,Friday,2,09:45,10:45,Mathematics,,Science Fair,School event
CAL006638,2026-09-11,2026,Term 3,Grade 5,Friday,3,11:15,12:15,English,,Science Fair,School event
CAL006639,2026-09-11,2026,Term 3,Grade 5,Friday,4,13:00,14:00,Science,,Science Fair,School event
CAL006640,2026-09-11,2026,Term 3,Grade 5,Friday,5,14:00,15:00,Humanities,,Science Fair,School event
CAL006641,2026-09-11,2026,Term 3,Grade 6,Friday,1,08:45,09:45,Design and Technology,,Science Fair,School event
CAL006642,2026-09-11,2026,Term 3,Grade 6,Friday,2,09:45,10:45,Mathematics,,Science Fair,School event
CAL006643,2026-09-11,2026,Term 3,Grade 6,Friday,3,11:15,12:15,English,,Science Fair,School event
CAL006644,2026-09-11,2026,Term 3,Grade 6,Friday,4,13:00,14:00,Science,,Science Fair,School event
CAL006645,2026-09-11,2026,Term 3,Grade 6,Friday,5,14:00,15:00,Humanities,,Science Fair,School event
CAL006646,2026-09-14,2026,Term 3,Grade 4,Monday,1,08:45,09:45,Mathematics,,,
CAL006647,2026-09-14,2026,Term 3,Grade 4,Monday,2,09:45,10:45,English,,,
CAL006648,2026-09-14,2026,Term 3,Grade 4,Monday,3,11:15,12:15,Science,,,
CAL006649,2026-09-14,2026,Term 3,Grade 4,Monday,4,13:00,14:00,Humanities,,,
CAL006650,2026-09-14,2026,Term 3,Grade 4,Monday,5,14:00,15:00,Arts,,,
CAL006651,2026-09-14,2026,Term 3,Grade 5,Monday,1,08:45,09:45,Mathematics,,,
CAL006652,2026-09-14,2026,Term 3,Grade 5,Monday,2,09:45,10:45,English,,,
CAL006653,2026-09-14,2026,Term 3,Grade 5,Monday,3,11:15,12:15,Science,,,
CAL006654,2026-09-14,2026,Term 3,Grade 5,Monday,4,13:00,14:00,Humanities,,,
CAL006655,2026-09-14,2026,Term 3,Grade 5,Monday,5,14:00,15:00,Health and Physical Education,,,
CAL006656,2026-09-14,2026,Term 3,Grade 6,Monday,1,08:45,09:45,Mathematics,,,
CAL006657,2026-09-14,2026,Term 3,Grade 6,Monday,2,09:45,10:45,English,,,
CAL006658,2026-09-14,2026,Term 3,Grade 6,Monday,3,11:15,12:15,Science,,,
CAL006659,2026-09-14,2026,Term 3,Grade 6,Monday,4,13:00,14:00,Humanities,,,
CAL006660,2026-09-14,2026,Term 3,Grade 6,Monday,5,14:00,15:00,Design and Technology,,,
CAL006661,2026-09-15,2026,Term 3,Grade 4,Tuesday,1,08:45,09:45,English,,,
CAL006662,2026-09-15,2026,Term 3,Grade 4,Tuesday,2,09:45,10:45,Science,,,
CAL006663,2026-09-15,2026,Term 3,Grade 4,Tuesday,3,11:15,12:15,Humanities,,,
CAL006664,2026-09-15,2026,Term 3,Grade 4,Tuesday,4,13:00,14:00,Arts,,,
CAL006665,2026-09-15,2026,Term 3,Grade 4,Tuesday,5,14:00,15:00,Mathematics,,,
CAL006666,2026-09-15,2026,Term 3,Grade 5,Tuesday,1,08:45,09:45,English,,,
CAL006667,2026-09-15,2026,Term 3,Grade 5,Tuesday,2,09:45,10:45,Science,,,
CAL006668,2026-09-15,2026,Term 3,Grade 5,Tuesday,3,11:15,12:15,Humanities,,,
CAL006669,2026-09-15,2026,Term 3,Grade 5,Tuesday,4,13:00,14:00,Health and Physical Education,,,
CAL006670,2026-09-15,2026,Term 3,Grade 5,Tuesday,5,14:00,15:00,Mathematics,,,
CAL006671,2026-09-15,2026,Term 3,Grade 6,Tuesday,1,08:45,09:45,English,,,
CAL006672,2026-09-15,2026,Term 3,Grade 6,Tuesday,2,09:45,10:45,Science,,,
CAL006673,2026-09-15,2026,Term 3,Grade 6,Tuesday,3,11:15,12:15,Humanities,,,
CAL006674,2026-09-15,2026,Term 3,Grade 6,Tuesday,4,13:00,14:00,Design and Technology,,,
CAL006675,2026-09-15,2026,Term 3,Grade 6,Tuesday,5,14:00,15:00,Mathematics,,,
CAL006676,2026-09-16,2026,Term 3,Grade 4,Wednesday,1,08:45,09:45,Science,,,
CAL006677,2026-09-16,2026,Term 3,Grade 4,Wednesday,2,09:45,10:45,Humanities,,,
CAL006678,2026-09-16,2026,Term 3,Grade 4,Wednesday,3,11:15,12:15,Arts,,,
CAL006679,2026-09-16,2026,Term 3,Grade 4,Wednesday,4,13:00,14:00,Mathematics,,,
CAL006680,2026-09-16,2026,Term 3,Grade 4,Wednesday,5,14:00,15:00,English,,,
CAL006681,2026-09-16,2026,Term 3,Grade 5,Wednesday,1,08:45,09:45,Science,,,
CAL006682,2026-09-16,2026,Term 3,Grade 5,Wednesday,2,09:45,10:45,Humanities,,,
CAL006683,2026-09-16,2026,Term 3,Grade 5,Wednesday,3,11:15,12:15,Health and Physical Education,,,
CAL006684,2026-09-16,2026,Term 3,Grade 5,Wednesday,4,13:00,14:00,Mathematics,,,
CAL006685,2026-09-16,2026,Term 3,Grade 5,Wednesday,5,14:00,15:00,English,,,
CAL006686,2026-09-16,2026,Term 3,Grade 6,Wednesday,1,08:45,09:45,Science,,,
CAL006687,2026-09-16,2026,Term 3,Grade 6,Wednesday,2,09:45,10:45,Humanities,,,
CAL006688,2026-09-16,2026,Term 3,Grade 6,Wednesday,3,11:15,12:15,Design and Technology,,,
CAL006689,2026-09-16,2026,Term 3,Grade 6,Wednesday,4,13:00,14:00,Mathematics,,,
CAL006690,2026-09-16,2026,Term 3,Grade 6,Wednesday,5,14:00,15:00,English,,,
CAL006691,2026-09-17,2026,Term 3,Grade 4,Thursday,1,08:45,09:45,Humanities,,,
CAL006692,2026-09-17,2026,Term 3,Grade 4,Thursday,2,09:45,10:45,Arts,,,
CAL006693,2026-09-17,2026,Term 3,Grade 4,Thursday,3,11:15,12:15,Mathematics,,,
CAL006694,2026-09-17,2026,Term 3,Grade 4,Thursday,4,13:00,14:00,English,,,
CAL006695,2026-09-17,2026,Term 3,Grade 4,Thursday,5,14:00,15:00,Science,,,
CAL006696,2026-09-17,2026,Term 3,Grade 5,Thursday,1,08:45,09:45,Humanities,,,
CAL006697,2026-09-17,2026,Term 3,Grade 5,Thursday,2,09:45,10:45,Health and Physical Education,,,
CAL006698,2026-09-17,2026,Term 3,Grade 5,Thursday,3,11:15,12:15,Mathematics,,,
CAL006699,2026-09-17,2026,Term 3,Grade 5,Thursday,4,13:00,14:00,English,,,
CAL006700,2026-09-17,2026,Term 3,Grade 5,Thursday,5,14:00,15:00,Science,,,
CAL006701,2026-09-17,2026,Term 3,Grade 6,Thursday,1,08:45,09:45,Humanities,,,
CAL006702,2026-09-17,2026,Term 3,Grade 6,Thursday,2,09:45,10:45,Design and Technology,,,
CAL006703,2026-09-17,2026,Term 3,Grade 6,Thursday,3,11:15,12:15,Mathematics,,,
CAL006704,2026-09-17,2026,Term 3,Grade 6,Thursday,4,13:00,14:00,English,,,
CAL006705,2026-09-17,2026,Term 3,Grade 6,Thursday,5,14:00,15:00,Science,,,
CAL006706,2026-09-18,2026,Term 3,Grade 4,Friday,1,08:45,09:45,Arts,,,
CAL006707,2026-09-18,2026,Term 3,Grade 4,Friday,2,09:45,10:45,Mathematics,,,
CAL006708,2026-09-18,2026,Term 3,Grade 4,Friday,3,11:15,12:15,English,,,
CAL006709,2026-09-18,2026,Term 3,Grade 4,Friday,4,13:00,14:00,Science,,,
CAL006710,2026-09-18,2026,Term 3,Grade 4,Friday,5,14:00,15:00,Humanities,,,
CAL006711,2026-09-18,2026,Term 3,Grade 5,Friday,1,08:45,09:45,Health and Physical Education,,,
CAL006712,2026-09-18,2026,Term 3,Grade 5,Friday,2,09:45,10:45,Mathematics,,,
CAL006713,2026-09-18,2026,Term 3,Grade 5,Friday,3,11:15,12:15,English,,,
CAL006714,2026-09-18,2026,Term 3,Grade 5,Friday,4,13:00,14:00,Science,,,
CAL006715,2026-09-18,2026,Term 3,Grade 5,Friday,5,14:00,15:00,Humanities,,,
CAL006716,2026-09-18,2026,Term 3,Grade 6,Friday,1,08:45,09:45,Design and Technology,,,
CAL006717,2026-09-18,2026,Term 3,Grade 6,Friday,2,09:45,10:45,Mathematics,,,
CAL006718,2026-09-18,2026,Term 3,Grade 6,Friday,3,11:15,12:15,English,,,
CAL006719,2026-09-18,2026,Term 3,Grade 6,Friday,4,13:00,14:00,Science,,,
CAL006720,2026-09-18,2026,Term 3,Grade 6,Friday,5,14:00,15:00,Humanities,,,
CAL006721,2026-09-21,2026,Term 3,Grade 4,Monday,1,08:45,09:45,Mathematics,,,
CAL006722,2026-09-21,2026,Term 3,Grade 4,Monday,2,09:45,10:45,English,,,
CAL006723,2026-09-21,2026,Term 3,Grade 4,Monday,3,11:15,12:15,Science,,,
CAL006724,2026-09-21,2026,Term 3,Grade 4,Monday,4,13:00,14:00,Humanities,,,
CAL006725,2026-09-21,2026,Term 3,Grade 4,Monday,5,14:00,15:00,Arts,,,
CAL006726,2026-09-21,2026,Term 3,Grade 5,Monday,1,08:45,09:45,Mathematics,,,
CAL006727,2026-09-21,2026,Term 3,Grade 5,Monday,2,09:45,10:45,English,,,
CAL006728,2026-09-21,2026,Term 3,Grade 5,Monday,3,11:15,12:15,Science,,,
CAL006729,2026-09-21,2026,Term 3,Grade 5,Monday,4,13:00,14:00,Humanities,,,
CAL006730,2026-09-21,2026,Term 3,Grade 5,Monday,5,14:00,15:00,Health and Physical Education,,,
CAL006731,2026-09-21,2026,Term 3,Grade 6,Monday,1,08:45,09:45,Mathematics,,,
CAL006732,2026-09-21,2026,Term 3,Grade 6,Monday,2,09:45,10:45,English,,,
CAL006733,2026-09-21,2026,Term 3,Grade 6,Monday,3,11:15,12:15,Science,,,
CAL006734,2026-09-21,2026,Term 3,Grade 6,Monday,4,13:00,14:00,Humanities,,,
CAL006735,2026-09-21,2026,Term 3,Grade 6,Monday,5,14:00,15:00,Design and Technology,,,
CAL006736,2026-09-22,2026,Term 3,Grade 4,Tuesday,1,08:45,09:45,English,,,
CAL006737,2026-09-22,2026,Term 3,Grade 4,Tuesday,2,09:45,10:45,Science,,,
CAL006738,2026-09-22,2026,Term 3,Grade 4,Tuesday,3,11:15,12:15,Humanities,,,
CAL006739,2026-09-22,2026,Term 3,Grade 4,Tuesday,4,13:00,14:00,Arts,,,
CAL006740,2026-09-22,2026,Term 3,Grade 4,Tuesday,5,14:00,15:00,Mathematics,,,
CAL006741,2026-09-22,2026,Term 3,Grade 5,Tuesday,1,08:45,09:45,English,,,
CAL006742,2026-09-22,2026,Term 3,Grade 5,Tuesday,2,09:45,10:45,Science,,,
CAL006743,2026-09-22,2026,Term 3,Grade 5,Tuesday,3,11:15,12:15,Humanities,,,
CAL006744,2026-09-22,2026,Term 3,Grade 5,Tuesday,4,13:00,14:00,Health and Physical Education,,,
CAL006745,2026-09-22,2026,Term 3,Grade 5,Tuesday,5,14:00,15:00,Mathematics,,,
CAL006746,2026-09-22,2026,Term 3,Grade 6,Tuesday,1,08:45,09:45,English,,,
CAL006747,2026-09-22,2026,Term 3,Grade 6,Tuesday,2,09:45,10:45,Science,,,
CAL006748,2026-09-22,2026,Term 3,Grade 6,Tuesday,3,11:15,12:15,Humanities,,,
CAL006749,2026-09-22,2026,Term 3,Grade 6,Tuesday,4,13:00,14:00,Design and Technology,,,
CAL006750,2026-09-22,2026,Term 3,Grade 6,Tuesday,5,14:00,15:00,Mathematics,,,
CAL006751,2026-09-23,2026,Term 3,Grade 4,Wednesday,1,08:45,09:45,Science,,,
CAL006752,2026-09-23,2026,Term 3,Grade 4,Wednesday,2,09:45,10:45,Humanities,,,
CAL006753,2026-09-23,2026,Term 3,Grade 4,Wednesday,3,11:15,12:15,Arts,,,
CAL006754,2026-09-23,2026,Term 3,Grade 4,Wednesday,4,13:00,14:00,Mathematics,,,
CAL006755,2026-09-23,2026,Term 3,Grade 4,Wednesday,5,14:00,15:00,English,,,
CAL006756,2026-09-23,2026,Term 3,Grade 5,Wednesday,1,08:45,09:45,Science,,,
CAL006757,2026-09-23,2026,Term 3,Grade 5,Wednesday,2,09:45,10:45,Humanities,,,
CAL006758,2026-09-23,2026,Term 3,Grade 5,Wednesday,3,11:15,12:15,Health and Physical Education,,,
CAL006759,2026-09-23,2026,Term 3,Grade 5,Wednesday,4,13:00,14:00,Mathematics,,,
CAL006760,2026-09-23,2026,Term 3,Grade 5,Wednesday,5,14:00,15:00,English,,,
CAL006761,2026-09-23,2026,Term 3,Grade 6,Wednesday,1,08:45,09:45,Science,,,
CAL006762,2026-09-23,2026,Term 3,Grade 6,Wednesday,2,09:45,10:45,Humanities,,,
CAL006763,2026-09-23,2026,Term 3,Grade 6,Wednesday,3,11:15,12:15,Design and Technology,,,
CAL006764,2026-09-23,2026,Term 3,Grade 6,Wednesday,4,13:00,14:00,Mathematics,,,
CAL006765,2026-09-23,2026,Term 3,Grade 6,Wednesday,5,14:00,15:00,English,,,
CAL006766,2026-09-24,2026,Term 3,Grade 4,Thursday,1,08:45,09:45,Humanities,,,
CAL006767,2026-09-24,2026,Term 3,Grade 4,Thursday,2,09:45,10:45,Arts,,,
CAL006768,2026-09-24,2026,Term 3,Grade 4,Thursday,3,11:15,12:15,Mathematics,,,
CAL006769,2026-09-24,2026,Term 3,Grade 4,Thursday,4,13:00,14:00,English,,,
CAL006770,2026-09-24,2026,Term 3,Grade 4,Thursday,5,14:00,15:00,Science,,,
CAL006771,2026-09-24,2026,Term 3,Grade 5,Thursday,1,08:45,09:45,Humanities,,,
CAL006772,2026-09-24,2026,Term 3,Grade 5,Thursday,2,09:45,10:45,Health and Physical Education,,,
CAL006773,2026-09-24,2026,Term 3,Grade 5,Thursday,3,11:15,12:15,Mathematics,,,
CAL006774,2026-09-24,2026,Term 3,Grade 5,Thursday,4,13:00,14:00,English,,,
CAL006775,2026-09-24,2026,Term 3,Grade 5,Thursday,5,14:00,15:00,Science,,,
CAL006776,2026-09-24,2026,Term 3,Grade 6,Thursday,1,08:45,09:45,Humanities,,,
CAL006777,2026-09-24,2026,Term 3,Grade 6,Thursday,2,09:45,10:45,Design and Technology,,,
CAL006778,2026-09-24,2026,Term 3,Grade 6,Thursday,3,11:15,12:15,Mathematics,,,
CAL006779,2026-09-24,2026,Term 3,Grade 6,Thursday,4,13:00,14:00,English,,,
CAL006780,2026-09-24,2026,Term 3,Grade 6,Thursday,5,14:00,15:00,Science,,,
CAL006781,2026-09-25,2026,Term 3,Grade 4,Friday,1,08:45,09:45,Arts,,,
CAL006782,2026-09-25,2026,Term 3,Grade 4,Friday,2,09:45,10:45,Mathematics,,,
CAL006783,2026-09-25,2026,Term 3,Grade 4,Friday,3,11:15,12:15,English,,,
CAL006784,2026-09-25,2026,Term 3,Grade 4,Friday,4,13:00,14:00,Science,,,
CAL006785,2026-09-25,2026,Term 3,Grade 4,Friday,5,14:00,15:00,Humanities,,,
CAL006786,2026-09-25,2026,Term 3,Grade 5,Friday,1,08:45,09:45,Health and Physical Education,,,
CAL006787,2026-09-25,2026,Term 3,Grade 5,Friday,2,09:45,10:45,Mathematics,,,
CAL006788,2026-09-25,2026,Term 3,Grade 5,Friday,3,11:15,12:15,English,,,
CAL006789,2026-09-25,2026,Term 3,Grade 5,Friday,4,13:00,14:00,Science,,,
CAL006790,2026-09-25,2026,Term 3,Grade 5,Friday,5,14:00,15:00,Humanities,,,
CAL006791,2026-09-25,2026,Term 3,Grade 6,Friday,1,08:45,09:45,Design and Technology,,,
CAL006792,2026-09-25,2026,Term 3,Grade 6,Friday,2,09:45,10:45,Mathematics,,,
CAL006793,2026-09-25,2026,Term 3,Grade 6,Friday,3,11:15,12:15,English,,,
CAL006794,2026-09-25,2026,Term 3,Grade 6,Friday,4,13:00,14:00,Science,,,
CAL006795,2026-09-25,2026,Term 3,Grade 6,Friday,5,14:00,15:00,Humanities,,,
CAL006796,2026-09-28,2026,Term 3,Grade 4,Monday,1,08:45,09:45,Mathematics,,,
CAL006797,2026-09-28,2026,Term 3,Grade 4,Monday,2,09:45,10:45,English,,,
CAL006798,2026-09-28,2026,Term 3,Grade 4,Monday,3,11:15,12:15,Science,,,
CAL006799,2026-09-28,2026,Term 3,Grade 4,Monday,4,13:00,14:00,Humanities,,,
CAL006800,2026-09-28,2026,Term 3,Grade 4,Monday,5,14:00,15:00,Arts,,,
CAL006801,2026-09-28,2026,Term 3,Grade 5,Monday,1,08:45,09:45,Mathematics,,,
CAL006802,2026-09-28,2026,Term 3,Grade 5,Monday,2,09:45,10:45,English,,,
CAL006803,2026-09-28,2026,Term 3,Grade 5,Monday,3,11:15,12:15,Science,,,
CAL006804,2026-09-28,2026,Term 3,Grade 5,Monday,4,13:00,14:00,Humanities,,,
CAL006805,2026-09-28,2026,Term 3,Grade 5,Monday,5,14:00,15:00,Health and Physical Education,,,
CAL006806,2026-09-28,2026,Term 3,Grade 6,Monday,1,08:45,09:45,Mathematics,,,
CAL006807,2026-09-28,2026,Term 3,Grade 6,Monday,2,09:45,10:45,English,,,
CAL006808,2026-09-28,2026,Term 3,Grade 6,Monday,3,11:15,12:15,Science,,,
CAL006809,2026-09-28,2026,Term 3,Grade 6,Monday,4,13:00,14:00,Humanities,,,
CAL006810,2026-09-28,2026,Term 3,Grade 6,Monday,5,14:00,15:00,Design and Technology,,,
CAL006811,2026-09-29,2026,Term 3,Grade 4,Tuesday,1,08:45,09:45,English,,,
CAL006812,2026-09-29,2026,Term 3,Grade 4,Tuesday,2,09:45,10:45,Science,,,
CAL006813,2026-09-29,2026,Term 3,Grade 4,Tuesday,3,11:15,12:15,Humanities,,,
CAL006814,2026-09-29,2026,Term 3,Grade 4,Tuesday,4,13:00,14:00,Arts,,,
CAL006815,2026-09-29,2026,Term 3,Grade 4,Tuesday,5,14:00,15:00,Mathematics,,,
CAL006816,2026-09-29,2026,Term 3,Grade 5,Tuesday,1,08:45,09:45,English,,,
CAL006817,2026-09-29,2026,Term 3,Grade 5,Tuesday,2,09:45,10:45,Science,,,
CAL006818,2026-09-29,2026,Term 3,Grade 5,Tuesday,3,11:15,12:15,Humanities,,,
CAL006819,2026-09-29,2026,Term 3,Grade 5,Tuesday,4,13:00,14:00,Health and Physical Education,,,
CAL006820,2026-09-29,2026,Term 3,Grade 5,Tuesday,5,14:00,15:00,Mathematics,,,
CAL006821,2026-09-29,2026,Term 3,Grade 6,Tuesday,1,08:45,09:45,English,,,
CAL006822,2026-09-29,2026,Term 3,Grade 6,Tuesday,2,09:45,10:45,Science,,,
CAL006823,2026-09-29,2026,Term 3,Grade 6,Tuesday,3,11:15,12:15,Humanities,,,
CAL006824,2026-09-29,2026,Term 3,Grade 6,Tuesday,4,13:00,14:00,Design and Technology,,,
CAL006825,2026-09-29,2026,Term 3,Grade 6,Tuesday,5,14:00,15:00,Mathematics,,,
CAL006826,2026-09-30,2026,Term 3,Grade 4,Wednesday,1,08:45,09:45,Science,,,
CAL006827,2026-09-30,2026,Term 3,Grade 4,Wednesday,2,09:45,10:45,Humanities,,,
CAL006828,2026-09-30,2026,Term 3,Grade 4,Wednesday,3,11:15,12:15,Arts,,,
CAL006829,2026-09-30,2026,Term 3,Grade 4,Wednesday,4,13:00,14:00,Mathematics,,,
CAL006830,2026-09-30,2026,Term 3,Grade 4,Wednesday,5,14:00,15:00,English,,,
CAL006831,2026-09-30,2026,Term 3,Grade 5,Wednesday,1,08:45,09:45,Science,,,
CAL006832,2026-09-30,2026,Term 3,Grade 5,Wednesday,2,09:45,10:45,Humanities,,,
CAL006833,2026-09-30,2026,Term 3,Grade 5,Wednesday,3,11:15,12:15,Health and Physical Education,,,
CAL006834,2026-09-30,2026,Term 3,Grade 5,Wednesday,4,13:00,14:00,Mathematics,,,
CAL006835,2026-09-30,2026,Term 3,Grade 5,Wednesday,5,14:00,15:00,English,,,
CAL006836,2026-09-30,2026,Term 3,Grade 6,Wednesday,1,08:45,09:45,Science,,,
CAL006837,2026-09-30,2026,Term 3,Grade 6,Wednesday,2,09:45,10:45,Humanities,,,
CAL006838,2026-09-30,2026,Term 3,Grade 6,Wednesday,3,11:15,12:15,Design and Technology,,,
CAL006839,2026-09-30,2026,Term 3,Grade 6,Wednesday,4,13:00,14:00,Mathematics,,,
CAL006840,2026-09-30,2026,Term 3,Grade 6,Wednesday,5,14:00,15:00,English,,,
CAL006841,2026-10-01,2026,Term 4,Grade 4,Thursday,1,08:45,09:45,Humanities,,,
CAL006842,2026-10-01,2026,Term 4,Grade 4,Thursday,2,09:45,10:45,Arts,,,
CAL006843,2026-10-01,2026,Term 4,Grade 4,Thursday,3,11:15,12:15,Mathematics,,,
CAL006844,2026-10-01,2026,Term 4,Grade 4,Thursday,4,13:00,14:00,English,,,
CAL006845,2026-10-01,2026,Term 4,Grade 4,Thursday,5,14:00,15:00,Science,,,
CAL006846,2026-10-01,2026,Term 4,Grade 5,Thursday,1,08:45,09:45,Humanities,,,
CAL006847,2026-10-01,2026,Term 4,Grade 5,Thursday,2,09:45,10:45,Health and Physical Education,,,
CAL006848,2026-10-01,2026,Term 4,Grade 5,Thursday,3,11:15,12:15,Mathematics,,,
CAL006849,2026-10-01,2026,Term 4,Grade 5,Thursday,4,13:00,14:00,English,,,
CAL006850,2026-10-01,2026,Term 4,Grade 5,Thursday,5,14:00,15:00,Science,,,
CAL006851,2026-10-01,2026,Term 4,Grade 6,Thursday,1,08:45,09:45,Humanities,,,
CAL006852,2026-10-01,2026,Term 4,Grade 6,Thursday,2,09:45,10:45,Design and Technology,,,
CAL006853,2026-10-01,2026,Term 4,Grade 6,Thursday,3,11:15,12:15,Mathematics,,,
CAL006854,2026-10-01,2026,Term 4,Grade 6,Thursday,4,13:00,14:00,English,,,
CAL006855,2026-10-01,2026,Term 4,Grade 6,Thursday,5,14:00,15:00,Science,,,
CAL006856,2026-10-02,2026,Term 4,Grade 4,Friday,1,08:45,09:45,Arts,,,
CAL006857,2026-10-02,2026,Term 4,Grade 4,Friday,2,09:45,10:45,Mathematics,,,
CAL006858,2026-10-02,2026,Term 4,Grade 4,Friday,3,11:15,12:15,English,,,
CAL006859,2026-10-02,2026,Term 4,Grade 4,Friday,4,13:00,14:00,Science,,,
CAL006860,2026-10-02,2026,Term 4,Grade 4,Friday,5,14:00,15:00,Humanities,,,
CAL006861,2026-10-02,2026,Term 4,Grade 5,Friday,1,08:45,09:45,Health and Physical Education,,,
CAL006862,2026-10-02,2026,Term 4,Grade 5,Friday,2,09:45,10:45,Mathematics,,,
CAL006863,2026-10-02,2026,Term 4,Grade 5,Friday,3,11:15,12:15,English,,,
CAL006864,2026-10-02,2026,Term 4,Grade 5,Friday,4,13:00,14:00,Science,,,
CAL006865,2026-10-02,2026,Term 4,Grade 5,Friday,5,14:00,15:00,Humanities,,,
CAL006866,2026-10-02,2026,Term 4,Grade 6,Friday,1,08:45,09:45,Design and Technology,,,
CAL006867,2026-10-02,2026,Term 4,Grade 6,Friday,2,09:45,10:45,Mathematics,,,
CAL006868,2026-10-02,2026,Term 4,Grade 6,Friday,3,11:15,12:15,English,,,
CAL006869,2026-10-02,2026,Term 4,Grade 6,Friday,4,13:00,14:00,Science,,,
CAL006870,2026-10-02,2026,Term 4,Grade 6,Friday,5,14:00,15:00,Humanities,,,
CAL006871,2026-10-05,2026,Term 4,Grade 4,Monday,1,08:45,09:45,Mathematics,,,
CAL006872,2026-10-05,2026,Term 4,Grade 4,Monday,2,09:45,10:45,English,,,
CAL006873,2026-10-05,2026,Term 4,Grade 4,Monday,3,11:15,12:15,Science,,,
CAL006874,2026-10-05,2026,Term 4,Grade 4,Monday,4,13:00,14:00,Humanities,,,
CAL006875,2026-10-05,2026,Term 4,Grade 4,Monday,5,14:00,15:00,Arts,,,
CAL006876,2026-10-05,2026,Term 4,Grade 5,Monday,1,08:45,09:45,Mathematics,,,
CAL006877,2026-10-05,2026,Term 4,Grade 5,Monday,2,09:45,10:45,English,,,
CAL006878,2026-10-05,2026,Term 4,Grade 5,Monday,3,11:15,12:15,Science,,,
CAL006879,2026-10-05,2026,Term 4,Grade 5,Monday,4,13:00,14:00,Humanities,,,
CAL006880,2026-10-05,2026,Term 4,Grade 5,Monday,5,14:00,15:00,Health and Physical Education,,,
CAL006881,2026-10-05,2026,Term 4,Grade 6,Monday,1,08:45,09:45,Mathematics,,,
CAL006882,2026-10-05,2026,Term 4,Grade 6,Monday,2,09:45,10:45,English,,,
CAL006883,2026-10-05,2026,Term 4,Grade 6,Monday,3,11:15,12:15,Science,,,
CAL006884,2026-10-05,2026,Term 4,Grade 6,Monday,4,13:00,14:00,Humanities,,,
CAL006885,2026-10-05,2026,Term 4,Grade 6,Monday,5,14:00,15:00,Design and Technology,,,
CAL006886,2026-10-06,2026,Term 4,Grade 4,Tuesday,1,08:45,09:45,English,,,
CAL006887,2026-10-06,2026,Term 4,Grade 4,Tuesday,2,09:45,10:45,Science,,,
CAL006888,2026-10-06,2026,Term 4,Grade 4,Tuesday,3,11:15,12:15,Humanities,,,
CAL006889,2026-10-06,2026,Term 4,Grade 4,Tuesday,4,13:00,14:00,Arts,,,
CAL006890,2026-10-06,2026,Term 4,Grade 4,Tuesday,5,14:00,15:00,Mathematics,,,
CAL006891,2026-10-06,2026,Term 4,Grade 5,Tuesday,1,08:45,09:45,English,,,
CAL006892,2026-10-06,2026,Term 4,Grade 5,Tuesday,2,09:45,10:45,Science,,,
CAL006893,2026-10-06,2026,Term 4,Grade 5,Tuesday,3,11:15,12:15,Humanities,,,
CAL006894,2026-10-06,2026,Term 4,Grade 5,Tuesday,4,13:00,14:00,Health and Physical Education,,,
CAL006895,2026-10-06,2026,Term 4,Grade 5,Tuesday,5,14:00,15:00,Mathematics,,,
CAL006896,2026-10-06,2026,Term 4,Grade 6,Tuesday,1,08:45,09:45,English,,,
CAL006897,2026-10-06,2026,Term 4,Grade 6,Tuesday,2,09:45,10:45,Science,,,
CAL006898,2026-10-06,2026,Term 4,Grade 6,Tuesday,3,11:15,12:15,Humanities,,,
CAL006899,2026-10-06,2026,Term 4,Grade 6,Tuesday,4,13:00,14:00,Design and Technology,,,
CAL006900,2026-10-06,2026,Term 4,Grade 6,Tuesday,5,14:00,15:00,Mathematics,,,
CAL006901,2026-10-07,2026,Term 4,Grade 4,Wednesday,1,08:45,09:45,Science,,,
CAL006902,2026-10-07,2026,Term 4,Grade 4,Wednesday,2,09:45,10:45,Humanities,,,
CAL006903,2026-10-07,2026,Term 4,Grade 4,Wednesday,3,11:15,12:15,Arts,,,
CAL006904,2026-10-07,2026,Term 4,Grade 4,Wednesday,4,13:00,14:00,Mathematics,,,
CAL006905,2026-10-07,2026,Term 4,Grade 4,Wednesday,5,14:00,15:00,English,,,
CAL006906,2026-10-07,2026,Term 4,Grade 5,Wednesday,1,08:45,09:45,Science,,,
CAL006907,2026-10-07,2026,Term 4,Grade 5,Wednesday,2,09:45,10:45,Humanities,,,
CAL006908,2026-10-07,2026,Term 4,Grade 5,Wednesday,3,11:15,12:15,Health and Physical Education,,,
CAL006909,2026-10-07,2026,Term 4,Grade 5,Wednesday,4,13:00,14:00,Mathematics,,,
CAL006910,2026-10-07,2026,Term 4,Grade 5,Wednesday,5,14:00,15:00,English,,,
CAL006911,2026-10-07,2026,Term 4,Grade 6,Wednesday,1,08:45,09:45,Science,,,
CAL006912,2026-10-07,2026,Term 4,Grade 6,Wednesday,2,09:45,10:45,Humanities,,,
CAL006913,2026-10-07,2026,Term 4,Grade 6,Wednesday,3,11:15,12:15,Design and Technology,,,
CAL006914,2026-10-07,2026,Term 4,Grade 6,Wednesday,4,13:00,14:00,Mathematics,,,
CAL006915,2026-10-07,2026,Term 4,Grade 6,Wednesday,5,14:00,15:00,English,,,
CAL006916,2026-10-08,2026,Term 4,Grade 4,Thursday,1,08:45,09:45,Humanities,,,
CAL006917,2026-10-08,2026,Term 4,Grade 4,Thursday,2,09:45,10:45,Arts,,,
CAL006918,2026-10-08,2026,Term 4,Grade 4,Thursday,3,11:15,12:15,Mathematics,,,
CAL006919,2026-10-08,2026,Term 4,Grade 4,Thursday,4,13:00,14:00,English,,,
CAL006920,2026-10-08,2026,Term 4,Grade 4,Thursday,5,14:00,15:00,Science,,,
CAL006921,2026-10-08,2026,Term 4,Grade 5,Thursday,1,08:45,09:45,Humanities,,,
CAL006922,2026-10-08,2026,Term 4,Grade 5,Thursday,2,09:45,10:45,Health and Physical Education,,,
CAL006923,2026-10-08,2026,Term 4,Grade 5,Thursday,3,11:15,12:15,Mathematics,,,
CAL006924,2026-10-08,2026,Term 4,Grade 5,Thursday,4,13:00,14:00,English,,,
CAL006925,2026-10-08,2026,Term 4,Grade 5,Thursday,5,14:00,15:00,Science,,,
CAL006926,2026-10-08,2026,Term 4,Grade 6,Thursday,1,08:45,09:45,Humanities,,,
CAL006927,2026-10-08,2026,Term 4,Grade 6,Thursday,2,09:45,10:45,Design and Technology,,,
CAL006928,2026-10-08,2026,Term 4,Grade 6,Thursday,3,11:15,12:15,Mathematics,,,
CAL006929,2026-10-08,2026,Term 4,Grade 6,Thursday,4,13:00,14:00,English,,,
CAL006930,2026-10-08,2026,Term 4,Grade 6,Thursday,5,14:00,15:00,Science,,,
CAL006931,2026-10-09,2026,Term 4,Grade 4,Friday,1,08:45,09:45,Arts,,,
CAL006932,2026-10-09,2026,Term 4,Grade 4,Friday,2,09:45,10:45,Mathematics,,,
CAL006933,2026-10-09,2026,Term 4,Grade 4,Friday,3,11:15,12:15,English,,,
CAL006934,2026-10-09,2026,Term 4,Grade 4,Friday,4,13:00,14:00,Science,,,
CAL006935,2026-10-09,2026,Term 4,Grade 4,Friday,5,14:00,15:00,Humanities,,,
CAL006936,2026-10-09,2026,Term 4,Grade 5,Friday,1,08:45,09:45,Health and Physical Education,,,
CAL006937,2026-10-09,2026,Term 4,Grade 5,Friday,2,09:45,10:45,Mathematics,,,
CAL006938,2026-10-09,2026,Term 4,Grade 5,Friday,3,11:15,12:15,English,,,
CAL006939,2026-10-09,2026,Term 4,Grade 5,Friday,4,13:00,14:00,Science,,,
CAL006940,2026-10-09,2026,Term 4,Grade 5,Friday,5,14:00,15:00,Humanities,,,
CAL006941,2026-10-09,2026,Term 4,Grade 6,Friday,1,08:45,09:45,Design and Technology,,,
CAL006942,2026-10-09,2026,Term 4,Grade 6,Friday,2,09:45,10:45,Mathematics,,,
CAL006943,2026-10-09,2026,Term 4,Grade 6,Friday,3,11:15,12:15,English,,,
CAL006944,2026-10-09,2026,Term 4,Grade 6,Friday,4,13:00,14:00,Science,,,
CAL006945,2026-10-09,2026,Term 4,Grade 6,Friday,5,14:00,15:00,Humanities,,,
CAL006946,2026-10-12,2026,Term 4,Grade 4,Monday,1,08:45,09:45,Mathematics,,,
CAL006947,2026-10-12,2026,Term 4,Grade 4,Monday,2,09:45,10:45,English,,,
CAL006948,2026-10-12,2026,Term 4,Grade 4,Monday,3,11:15,12:15,Science,,,
CAL006949,2026-10-12,2026,Term 4,Grade 4,Monday,4,13:00,14:00,Humanities,,,
CAL006950,2026-10-12,2026,Term 4,Grade 4,Monday,5,14:00,15:00,Arts,,,
CAL006951,2026-10-12,2026,Term 4,Grade 5,Monday,1,08:45,09:45,Mathematics,,,
CAL006952,2026-10-12,2026,Term 4,Grade 5,Monday,2,09:45,10:45,English,,,
CAL006953,2026-10-12,2026,Term 4,Grade 5,Monday,3,11:15,12:15,Science,,,
CAL006954,2026-10-12,2026,Term 4,Grade 5,Monday,4,13:00,14:00,Humanities,,,
CAL006955,2026-10-12,2026,Term 4,Grade 5,Monday,5,14:00,15:00,Health and Physical Education,,,
CAL006956,2026-10-12,2026,Term 4,Grade 6,Monday,1,08:45,09:45,Mathematics,,,
CAL006957,2026-10-12,2026,Term 4,Grade 6,Monday,2,09:45,10:45,English,,,
CAL006958,2026-10-12,2026,Term 4,Grade 6,Monday,3,11:15,12:15,Science,,,
CAL006959,2026-10-12,2026,Term 4,Grade 6,Monday,4,13:00,14:00,Humanities,,,
CAL006960,2026-10-12,2026,Term 4,Grade 6,Monday,5,14:00,15:00,Design and Technology,,,
CAL006961,2026-10-13,2026,Term 4,Grade 4,Tuesday,1,08:45,09:45,English,,,
CAL006962,2026-10-13,2026,Term 4,Grade 4,Tuesday,2,09:45,10:45,Science,,,
CAL006963,2026-10-13,2026,Term 4,Grade 4,Tuesday,3,11:15,12:15,Humanities,,,
CAL006964,2026-10-13,2026,Term 4,Grade 4,Tuesday,4,13:00,14:00,Arts,,,
CAL006965,2026-10-13,2026,Term 4,Grade 4,Tuesday,5,14:00,15:00,Mathematics,,,
CAL006966,2026-10-13,2026,Term 4,Grade 5,Tuesday,1,08:45,09:45,English,,,
CAL006967,2026-10-13,2026,Term 4,Grade 5,Tuesday,2,09:45,10:45,Science,,,
CAL006968,2026-10-13,2026,Term 4,Grade 5,Tuesday,3,11:15,12:15,Humanities,,,
CAL006969,2026-10-13,2026,Term 4,Grade 5,Tuesday,4,13:00,14:00,Health and Physical Education,,,
CAL006970,2026-10-13,2026,Term 4,Grade 5,Tuesday,5,14:00,15:00,Mathematics,,,
CAL006971,2026-10-13,2026,Term 4,Grade 6,Tuesday,1,08:45,09:45,English,,,
CAL006972,2026-10-13,2026,Term 4,Grade 6,Tuesday,2,09:45,10:45,Science,,,
CAL006973,2026-10-13,2026,Term 4,Grade 6,Tuesday,3,11:15,12:15,Humanities,,,
CAL006974,2026-10-13,2026,Term 4,Grade 6,Tuesday,4,13:00,14:00,Design and Technology,,,
CAL006975,2026-10-13,2026,Term 4,Grade 6,Tuesday,5,14:00,15:00,Mathematics,,,
CAL006976,2026-10-14,2026,Term 4,Grade 4,Wednesday,1,08:45,09:45,Science,,,
CAL006977,2026-10-14,2026,Term 4,Grade 4,Wednesday,2,09:45,10:45,Humanities,,,
CAL006978,2026-10-14,2026,Term 4,Grade 4,Wednesday,3,11:15,12:15,Arts,,,
CAL006979,2026-10-14,2026,Term 4,Grade 4,Wednesday,4,13:00,14:00,Mathematics,,,
CAL006980,2026-10-14,2026,Term 4,Grade 4,Wednesday,5,14:00,15:00,English,,,
CAL006981,2026-10-14,2026,Term 4,Grade 5,Wednesday,1,08:45,09:45,Science,,,
CAL006982,2026-10-14,2026,Term 4,Grade 5,Wednesday,2,09:45,10:45,Humanities,,,
CAL006983,2026-10-14,2026,Term 4,Grade 5,Wednesday,3,11:15,12:15,Health and Physical Education,,,
CAL006984,2026-10-14,2026,Term 4,Grade 5,Wednesday,4,13:00,14:00,Mathematics,,,
CAL006985,2026-10-14,2026,Term 4,Grade 5,Wednesday,5,14:00,15:00,English,,,
CAL006986,2026-10-14,2026,Term 4,Grade 6,Wednesday,1,08:45,09:45,Science,,,
CAL006987,2026-10-14,2026,Term 4,Grade 6,Wednesday,2,09:45,10:45,Humanities,,,
CAL006988,2026-10-14,2026,Term 4,Grade 6,Wednesday,3,11:15,12:15,Design and Technology,,,
CAL006989,2026-10-14,2026,Term 4,Grade 6,Wednesday,4,13:00,14:00,Mathematics,,,
CAL006990,2026-10-14,2026,Term 4,Grade 6,Wednesday,5,14:00,15:00,English,,,
CAL006991,2026-10-15,2026,Term 4,Grade 4,Thursday,1,08:45,09:45,Humanities,,,
CAL006992,2026-10-15,2026,Term 4,Grade 4,Thursday,2,09:45,10:45,Arts,,,
CAL006993,2026-10-15,2026,Term 4,Grade 4,Thursday,3,11:15,12:15,Mathematics,,,
CAL006994,2026-10-15,2026,Term 4,Grade 4,Thursday,4,13:00,14:00,English,,,
CAL006995,2026-10-15,2026,Term 4,Grade 4,Thursday,5,14:00,15:00,Science,,,
CAL006996,2026-10-15,2026,Term 4,Grade 5,Thursday,1,08:45,09:45,Humanities,,,
CAL006997,2026-10-15,2026,Term 4,Grade 5,Thursday,2,09:45,10:45,Health and Physical Education,,,
CAL006998,2026-10-15,2026,Term 4,Grade 5,Thursday,3,11:15,12:15,Mathematics,,,
CAL006999,2026-10-15,2026,Term 4,Grade 5,Thursday,4,13:00,14:00,English,,,
CAL007000,2026-10-15,2026,Term 4,Grade 5,Thursday,5,14:00,15:00,Science,,,
CAL007001,2026-10-15,2026,Term 4,Grade 6,Thursday,1,08:45,09:45,Humanities,,,
CAL007002,2026-10-15,2026,Term 4,Grade 6,Thursday,2,09:45,10:45,Design and Technology,,,
CAL007003,2026-10-15,2026,Term 4,Grade 6,Thursday,3,11:15,12:15,Mathematics,,,
CAL007004,2026-10-15,2026,Term 4,Grade 6,Thursday,4,13:00,14:00,English,,,
CAL007005,2026-10-15,2026,Term 4,Grade 6,Thursday,5,14:00,15:00,Science,,,
CAL007006,2026-10-16,2026,Term 4,Grade 4,Friday,1,08:45,09:45,Arts,,,
CAL007007,2026-10-16,2026,Term 4,Grade 4,Friday,2,09:45,10:45,Mathematics,,,
CAL007008,2026-10-16,2026,Term 4,Grade 4,Friday,3,11:15,12:15,English,,,
CAL007009,2026-10-16,2026,Term 4,Grade 4,Friday,4,13:00,14:00,Science,,,
CAL007010,2026-10-16,2026,Term 4,Grade 4,Friday,5,14:00,15:00,Humanities,,,
CAL007011,2026-10-16,2026,Term 4,Grade 5,Friday,1,08:45,09:45,Health and Physical Education,,,
CAL007012,2026-10-16,2026,Term 4,Grade 5,Friday,2,09:45,10:45,Mathematics,,,
CAL007013,2026-10-16,2026,Term 4,Grade 5,Friday,3,11:15,12:15,English,,,
CAL007014,2026-10-16,2026,Term 4,Grade 5,Friday,4,13:00,14:00,Science,,,
CAL007015,2026-10-16,2026,Term 4,Grade 5,Friday,5,14:00,15:00,Humanities,,,
CAL007016,2026-10-16,2026,Term 4,Grade 6,Friday,1,08:45,09:45,Design and Technology,,,
CAL007017,2026-10-16,2026,Term 4,Grade 6,Friday,2,09:45,10:45,Mathematics,,,
CAL007018,2026-10-16,2026,Term 4,Grade 6,Friday,3,11:15,12:15,English,,,
CAL007019,2026-10-16,2026,Term 4,Grade 6,Friday,4,13:00,14:00,Science,,,
CAL007020,2026-10-16,2026,Term 4,Grade 6,Friday,5,14:00,15:00,Humanities,,,
CAL007021,2026-10-19,2026,Term 4,Grade 4,Monday,1,08:45,09:45,Mathematics,,,
CAL007022,2026-10-19,2026,Term 4,Grade 4,Monday,2,09:45,10:45,English,,,
CAL007023,2026-10-19,2026,Term 4,Grade 4,Monday,3,11:15,12:15,Science,,,
CAL007024,2026-10-19,2026,Term 4,Grade 4,Monday,4,13:00,14:00,Humanities,,,
CAL007025,2026-10-19,2026,Term 4,Grade 4,Monday,5,14:00,15:00,Arts,,,
CAL007026,2026-10-19,2026,Term 4,Grade 5,Monday,1,08:45,09:45,Mathematics,,,
CAL007027,2026-10-19,2026,Term 4,Grade 5,Monday,2,09:45,10:45,English,,,
CAL007028,2026-10-19,2026,Term 4,Grade 5,Monday,3,11:15,12:15,Science,,,
CAL007029,2026-10-19,2026,Term 4,Grade 5,Monday,4,13:00,14:00,Humanities,,,
CAL007030,2026-10-19,2026,Term 4,Grade 5,Monday,5,14:00,15:00,Health and Physical Education,,,
CAL007031,2026-10-19,2026,Term 4,Grade 6,Monday,1,08:45,09:45,Mathematics,,,
CAL007032,2026-10-19,2026,Term 4,Grade 6,Monday,2,09:45,10:45,English,,,
CAL007033,2026-10-19,2026,Term 4,Grade 6,Monday,3,11:15,12:15,Science,,,
CAL007034,2026-10-19,2026,Term 4,Grade 6,Monday,4,13:00,14:00,Humanities,,,
CAL007035,2026-10-19,2026,Term 4,Grade 6,Monday,5,14:00,15:00,Design and Technology,,,
CAL007036,2026-10-20,2026,Term 4,Grade 4,Tuesday,1,08:45,09:45,English,,,
CAL007037,2026-10-20,2026,Term 4,Grade 4,Tuesday,2,09:45,10:45,Science,,,
CAL007038,2026-10-20,2026,Term 4,Grade 4,Tuesday,3,11:15,12:15,Humanities,,,
CAL007039,2026-10-20,2026,Term 4,Grade 4,Tuesday,4,13:00,14:00,Arts,,,
CAL007040,2026-10-20,2026,Term 4,Grade 4,Tuesday,5,14:00,15:00,Mathematics,,,
CAL007041,2026-10-20,2026,Term 4,Grade 5,Tuesday,1,08:45,09:45,English,,,
CAL007042,2026-10-20,2026,Term 4,Grade 5,Tuesday,2,09:45,10:45,Science,,,
CAL007043,2026-10-20,2026,Term 4,Grade 5,Tuesday,3,11:15,12:15,Humanities,,,
CAL007044,2026-10-20,2026,Term 4,Grade 5,Tuesday,4,13:00,14:00,Health and Physical Education,,,
CAL007045,2026-10-20,2026,Term 4,Grade 5,Tuesday,5,14:00,15:00,Mathematics,,,
CAL007046,2026-10-20,2026,Term 4,Grade 6,Tuesday,1,08:45,09:45,English,,,
CAL007047,2026-10-20,2026,Term 4,Grade 6,Tuesday,2,09:45,10:45,Science,,,
CAL007048,2026-10-20,2026,Term 4,Grade 6,Tuesday,3,11:15,12:15,Humanities,,,
CAL007049,2026-10-20,2026,Term 4,Grade 6,Tuesday,4,13:00,14:00,Design and Technology,,,
CAL007050,2026-10-20,2026,Term 4,Grade 6,Tuesday,5,14:00,15:00,Mathematics,,,
CAL007051,2026-10-21,2026,Term 4,Grade 4,Wednesday,1,08:45,09:45,Science,,,
CAL007052,2026-10-21,2026,Term 4,Grade 4,Wednesday,2,09:45,10:45,Humanities,,,
CAL007053,2026-10-21,2026,Term 4,Grade 4,Wednesday,3,11:15,12:15,Arts,,,
CAL007054,2026-10-21,2026,Term 4,Grade 4,Wednesday,4,13:00,14:00,Mathematics,,,
CAL007055,2026-10-21,2026,Term 4,Grade 4,Wednesday,5,14:00,15:00,English,,,
CAL007056,2026-10-21,2026,Term 4,Grade 5,Wednesday,1,08:45,09:45,Science,,,
CAL007057,2026-10-21,2026,Term 4,Grade 5,Wednesday,2,09:45,10:45,Humanities,,,
CAL007058,2026-10-21,2026,Term 4,Grade 5,Wednesday,3,11:15,12:15,Health and Physical Education,,,
CAL007059,2026-10-21,2026,Term 4,Grade 5,Wednesday,4,13:00,14:00,Mathematics,,,
CAL007060,2026-10-21,2026,Term 4,Grade 5,Wednesday,5,14:00,15:00,English,,,
CAL007061,2026-10-21,2026,Term 4,Grade 6,Wednesday,1,08:45,09:45,Science,,,
CAL007062,2026-10-21,2026,Term 4,Grade 6,Wednesday,2,09:45,10:45,Humanities,,,
CAL007063,2026-10-21,2026,Term 4,Grade 6,Wednesday,3,11:15,12:15,Design and Technology,,,
CAL007064,2026-10-21,2026,Term 4,Grade 6,Wednesday,4,13:00,14:00,Mathematics,,,
CAL007065,2026-10-21,2026,Term 4,Grade 6,Wednesday,5,14:00,15:00,English,,,
CAL007066,2026-10-22,2026,Term 4,Grade 4,Thursday,1,08:45,09:45,Humanities,,,
CAL007067,2026-10-22,2026,Term 4,Grade 4,Thursday,2,09:45,10:45,Arts,,,
CAL007068,2026-10-22,2026,Term 4,Grade 4,Thursday,3,11:15,12:15,Mathematics,,,
CAL007069,2026-10-22,2026,Term 4,Grade 4,Thursday,4,13:00,14:00,English,,,
CAL007070,2026-10-22,2026,Term 4,Grade 4,Thursday,5,14:00,15:00,Science,,,
CAL007071,2026-10-22,2026,Term 4,Grade 5,Thursday,1,08:45,09:45,Humanities,,,
CAL007072,2026-10-22,2026,Term 4,Grade 5,Thursday,2,09:45,10:45,Health and Physical Education,,,
CAL007073,2026-10-22,2026,Term 4,Grade 5,Thursday,3,11:15,12:15,Mathematics,,,
CAL007074,2026-10-22,2026,Term 4,Grade 5,Thursday,4,13:00,14:00,English,,,
CAL007075,2026-10-22,2026,Term 4,Grade 5,Thursday,5,14:00,15:00,Science,,,
CAL007076,2026-10-22,2026,Term 4,Grade 6,Thursday,1,08:45,09:45,Humanities,,,
CAL007077,2026-10-22,2026,Term 4,Grade 6,Thursday,2,09:45,10:45,Design and Technology,,,
CAL007078,2026-10-22,2026,Term 4,Grade 6,Thursday,3,11:15,12:15,Mathematics,,,
CAL007079,2026-10-22,2026,Term 4,Grade 6,Thursday,4,13:00,14:00,English,,,
CAL007080,2026-10-22,2026,Term 4,Grade 6,Thursday,5,14:00,15:00,Science,,,
CAL007081,2026-10-23,2026,Term 4,Grade 4,Friday,1,08:45,09:45,Arts,,,
CAL007082,2026-10-23,2026,Term 4,Grade 4,Friday,2,09:45,10:45,Mathematics,,,
CAL007083,2026-10-23,2026,Term 4,Grade 4,Friday,3,11:15,12:15,English,,,
CAL007084,2026-10-23,2026,Term 4,Grade 4,Friday,4,13:00,14:00,Science,,,
CAL007085,2026-10-23,2026,Term 4,Grade 4,Friday,5,14:00,15:00,Humanities,,,
CAL007086,2026-10-23,2026,Term 4,Grade 5,Friday,1,08:45,09:45,Health and Physical Education,,,
CAL007087,2026-10-23,2026,Term 4,Grade 5,Friday,2,09:45,10:45,Mathematics,,,
CAL007088,2026-10-23,2026,Term 4,Grade 5,Friday,3,11:15,12:15,English,,,
CAL007089,2026-10-23,2026,Term 4,Grade 5,Friday,4,13:00,14:00,Science,,,
CAL007090,2026-10-23,2026,Term 4,Grade 5,Friday,5,14:00,15:00,Humanities,,,
CAL007091,2026-10-23,2026,Term 4,Grade 6,Friday,1,08:45,09:45,Design and Technology,,,
CAL007092,2026-10-23,2026,Term 4,Grade 6,Friday,2,09:45,10:45,Mathematics,,,
CAL007093,2026-10-23,2026,Term 4,Grade 6,Friday,3,11:15,12:15,English,,,
CAL007094,2026-10-23,2026,Term 4,Grade 6,Friday,4,13:00,14:00,Science,,,
CAL007095,2026-10-23,2026,Term 4,Grade 6,Friday,5,14:00,15:00,Humanities,,,
CAL007096,2026-10-26,2026,Term 4,Grade 4,Monday,1,08:45,09:45,Mathematics,,,
CAL007097,2026-10-26,2026,Term 4,Grade 4,Monday,2,09:45,10:45,English,,,
CAL007098,2026-10-26,2026,Term 4,Grade 4,Monday,3,11:15,12:15,Science,,,
CAL007099,2026-10-26,2026,Term 4,Grade 4,Monday,4,13:00,14:00,Humanities,,,
CAL007100,2026-10-26,2026,Term 4,Grade 4,Monday,5,14:00,15:00,Arts,,,
CAL007101,2026-10-26,2026,Term 4,Grade 5,Monday,1,08:45,09:45,Mathematics,,,
CAL007102,2026-10-26,2026,Term 4,Grade 5,Monday,2,09:45,10:45,English,,,
CAL007103,2026-10-26,2026,Term 4,Grade 5,Monday,3,11:15,12:15,Science,,,
CAL007104,2026-10-26,2026,Term 4,Grade 5,Monday,4,13:00,14:00,Humanities,,,
CAL007105,2026-10-26,2026,Term 4,Grade 5,Monday,5,14:00,15:00,Health and Physical Education,,,
CAL007106,2026-10-26,2026,Term 4,Grade 6,Monday,1,08:45,09:45,Mathematics,,,
CAL007107,2026-10-26,2026,Term 4,Grade 6,Monday,2,09:45,10:45,English,,,
CAL007108,2026-10-26,2026,Term 4,Grade 6,Monday,3,11:15,12:15,Science,,,
CAL007109,2026-10-26,2026,Term 4,Grade 6,Monday,4,13:00,14:00,Humanities,,,
CAL007110,2026-10-26,2026,Term 4,Grade 6,Monday,5,14:00,15:00,Design and Technology,,,
CAL007111,2026-10-27,2026,Term 4,Grade 4,Tuesday,1,08:45,09:45,English,,,
CAL007112,2026-10-27,2026,Term 4,Grade 4,Tuesday,2,09:45,10:45,Science,,,
CAL007113,2026-10-27,2026,Term 4,Grade 4,Tuesday,3,11:15,12:15,Humanities,,,
CAL007114,2026-10-27,2026,Term 4,Grade 4,Tuesday,4,13:00,14:00,Arts,,,
CAL007115,2026-10-27,2026,Term 4,Grade 4,Tuesday,5,14:00,15:00,Mathematics,,,
CAL007116,2026-10-27,2026,Term 4,Grade 5,Tuesday,1,08:45,09:45,English,,,
CAL007117,2026-10-27,2026,Term 4,Grade 5,Tuesday,2,09:45,10:45,Science,,,
CAL007118,2026-10-27,2026,Term 4,Grade 5,Tuesday,3,11:15,12:15,Humanities,,,
CAL007119,2026-10-27,2026,Term 4,Grade 5,Tuesday,4,13:00,14:00,Health and Physical Education,,,
CAL007120,2026-10-27,2026,Term 4,Grade 5,Tuesday,5,14:00,15:00,Mathematics,,,
CAL007121,2026-10-27,2026,Term 4,Grade 6,Tuesday,1,08:45,09:45,English,,,
CAL007122,2026-10-27,2026,Term 4,Grade 6,Tuesday,2,09:45,10:45,Science,,,
CAL007123,2026-10-27,2026,Term 4,Grade 6,Tuesday,3,11:15,12:15,Humanities,,,
CAL007124,2026-10-27,2026,Term 4,Grade 6,Tuesday,4,13:00,14:00,Design and Technology,,,
CAL007125,2026-10-27,2026,Term 4,Grade 6,Tuesday,5,14:00,15:00,Mathematics,,,
CAL007126,2026-10-28,2026,Term 4,Grade 4,Wednesday,1,08:45,09:45,Science,,,
CAL007127,2026-10-28,2026,Term 4,Grade 4,Wednesday,2,09:45,10:45,Humanities,,,
CAL007128,2026-10-28,2026,Term 4,Grade 4,Wednesday,3,11:15,12:15,Arts,,,
CAL007129,2026-10-28,2026,Term 4,Grade 4,Wednesday,4,13:00,14:00,Mathematics,,,
CAL007130,2026-10-28,2026,Term 4,Grade 4,Wednesday,5,14:00,15:00,English,,,
CAL007131,2026-10-28,2026,Term 4,Grade 5,Wednesday,1,08:45,09:45,Science,,,
CAL007132,2026-10-28,2026,Term 4,Grade 5,Wednesday,2,09:45,10:45,Humanities,,,
CAL007133,2026-10-28,2026,Term 4,Grade 5,Wednesday,3,11:15,12:15,Health and Physical Education,,,
CAL007134,2026-10-28,2026,Term 4,Grade 5,Wednesday,4,13:00,14:00,Mathematics,,,
CAL007135,2026-10-28,2026,Term 4,Grade 5,Wednesday,5,14:00,15:00,English,,,
CAL007136,2026-10-28,2026,Term 4,Grade 6,Wednesday,1,08:45,09:45,Science,,,
CAL007137,2026-10-28,2026,Term 4,Grade 6,Wednesday,2,09:45,10:45,Humanities,,,
CAL007138,2026-10-28,2026,Term 4,Grade 6,Wednesday,3,11:15,12:15,Design and Technology,,,
CAL007139,2026-10-28,2026,Term 4,Grade 6,Wednesday,4,13:00,14:00,Mathematics,,,
CAL007140,2026-10-28,2026,Term 4,Grade 6,Wednesday,5,14:00,15:00,English,,,
CAL007141,2026-10-29,2026,Term 4,Grade 4,Thursday,1,08:45,09:45,Humanities,,,
CAL007142,2026-10-29,2026,Term 4,Grade 4,Thursday,2,09:45,10:45,Arts,,,
CAL007143,2026-10-29,2026,Term 4,Grade 4,Thursday,3,11:15,12:15,Mathematics,,,
CAL007144,2026-10-29,2026,Term 4,Grade 4,Thursday,4,13:00,14:00,English,,,
CAL007145,2026-10-29,2026,Term 4,Grade 4,Thursday,5,14:00,15:00,Science,,,
CAL007146,2026-10-29,2026,Term 4,Grade 5,Thursday,1,08:45,09:45,Humanities,,,
CAL007147,2026-10-29,2026,Term 4,Grade 5,Thursday,2,09:45,10:45,Health and Physical Education,,,
CAL007148,2026-10-29,2026,Term 4,Grade 5,Thursday,3,11:15,12:15,Mathematics,,,
CAL007149,2026-10-29,2026,Term 4,Grade 5,Thursday,4,13:00,14:00,English,,,
CAL007150,2026-10-29,2026,Term 4,Grade 5,Thursday,5,14:00,15:00,Science,,,
CAL007151,2026-10-29,2026,Term 4,Grade 6,Thursday,1,08:45,09:45,Humanities,,,
CAL007152,2026-10-29,2026,Term 4,Grade 6,Thursday,2,09:45,10:45,Design and Technology,,,
CAL007153,2026-10-29,2026,Term 4,Grade 6,Thursday,3,11:15,12:15,Mathematics,,,
CAL007154,2026-10-29,2026,Term 4,Grade 6,Thursday,4,13:00,14:00,English,,,
CAL007155,2026-10-29,2026,Term 4,Grade 6,Thursday,5,14:00,15:00,Science,,,
CAL007156,2026-10-30,2026,Term 4,Grade 4,Friday,1,08:45,09:45,Arts,,,
CAL007157,2026-10-30,2026,Term 4,Grade 4,Friday,2,09:45,10:45,Mathematics,,,
CAL007158,2026-10-30,2026,Term 4,Grade 4,Friday,3,11:15,12:15,English,,,
CAL007159,2026-10-30,2026,Term 4,Grade 4,Friday,4,13:00,14:00,Science,,,
CAL007160,2026-10-30,2026,Term 4,Grade 4,Friday,5,14:00,15:00,Humanities,,,
CAL007161,2026-10-30,2026,Term 4,Grade 5,Friday,1,08:45,09:45,Health and Physical Education,,,
CAL007162,2026-10-30,2026,Term 4,Grade 5,Friday,2,09:45,10:45,Mathematics,,,
CAL007163,2026-10-30,2026,Term 4,Grade 5,Friday,3,11:15,12:15,English,,,
CAL007164,2026-10-30,2026,Term 4,Grade 5,Friday,4,13:00,14:00,Science,,,
CAL007165,2026-10-30,2026,Term 4,Grade 5,Friday,5,14:00,15:00,Humanities,,,
CAL007166,2026-10-30,2026,Term 4,Grade 6,Friday,1,08:45,09:45,Design and Technology,,,
CAL007167,2026-10-30,2026,Term 4,Grade 6,Friday,2,09:45,10:45,Mathematics,,,
CAL007168,2026-10-30,2026,Term 4,Grade 6,Friday,3,11:15,12:15,English,,,
CAL007169,2026-10-30,2026,Term 4,Grade 6,Friday,4,13:00,14:00,Science,,,
CAL007170,2026-10-30,2026,Term 4,Grade 6,Friday,5,14:00,15:00,Humanities,,,
CAL007171,2026-11-02,2026,Term 4,Grade 4,Monday,1,08:45,09:45,Mathematics,,,
CAL007172,2026-11-02,2026,Term 4,Grade 4,Monday,2,09:45,10:45,English,,,
CAL007173,2026-11-02,2026,Term 4,Grade 4,Monday,3,11:15,12:15,Science,,,
CAL007174,2026-11-02,2026,Term 4,Grade 4,Monday,4,13:00,14:00,Humanities,,,
CAL007175,2026-11-02,2026,Term 4,Grade 4,Monday,5,14:00,15:00,Arts,,,
CAL007176,2026-11-02,2026,Term 4,Grade 5,Monday,1,08:45,09:45,Mathematics,,,
CAL007177,2026-11-02,2026,Term 4,Grade 5,Monday,2,09:45,10:45,English,,,
CAL007178,2026-11-02,2026,Term 4,Grade 5,Monday,3,11:15,12:15,Science,,,
CAL007179,2026-11-02,2026,Term 4,Grade 5,Monday,4,13:00,14:00,Humanities,,,
CAL007180,2026-11-02,2026,Term 4,Grade 5,Monday,5,14:00,15:00,Health and Physical Education,,,
CAL007181,2026-11-02,2026,Term 4,Grade 6,Monday,1,08:45,09:45,Mathematics,,,
CAL007182,2026-11-02,2026,Term 4,Grade 6,Monday,2,09:45,10:45,English,,,
CAL007183,2026-11-02,2026,Term 4,Grade 6,Monday,3,11:15,12:15,Science,,,
CAL007184,2026-11-02,2026,Term 4,Grade 6,Monday,4,13:00,14:00,Humanities,,,
CAL007185,2026-11-02,2026,Term 4,Grade 6,Monday,5,14:00,15:00,Design and Technology,,,
CAL007186,2026-11-03,2026,Term 4,Grade 4,Tuesday,1,08:45,09:45,English,,,
CAL007187,2026-11-03,2026,Term 4,Grade 4,Tuesday,2,09:45,10:45,Science,,,
CAL007188,2026-11-03,2026,Term 4,Grade 4,Tuesday,3,11:15,12:15,Humanities,,,
CAL007189,2026-11-03,2026,Term 4,Grade 4,Tuesday,4,13:00,14:00,Arts,,,
CAL007190,2026-11-03,2026,Term 4,Grade 4,Tuesday,5,14:00,15:00,Mathematics,,,
CAL007191,2026-11-03,2026,Term 4,Grade 5,Tuesday,1,08:45,09:45,English,,,
CAL007192,2026-11-03,2026,Term 4,Grade 5,Tuesday,2,09:45,10:45,Science,,,
CAL007193,2026-11-03,2026,Term 4,Grade 5,Tuesday,3,11:15,12:15,Humanities,,,
CAL007194,2026-11-03,2026,Term 4,Grade 5,Tuesday,4,13:00,14:00,Health and Physical Education,,,
CAL007195,2026-11-03,2026,Term 4,Grade 5,Tuesday,5,14:00,15:00,Mathematics,,,
CAL007196,2026-11-03,2026,Term 4,Grade 6,Tuesday,1,08:45,09:45,English,,,
CAL007197,2026-11-03,2026,Term 4,Grade 6,Tuesday,2,09:45,10:45,Science,,,
CAL007198,2026-11-03,2026,Term 4,Grade 6,Tuesday,3,11:15,12:15,Humanities,,,
CAL007199,2026-11-03,2026,Term 4,Grade 6,Tuesday,4,13:00,14:00,Design and Technology,,,
CAL007200,2026-11-03,2026,Term 4,Grade 6,Tuesday,5,14:00,15:00,Mathematics,,,
CAL007201,2026-11-04,2026,Term 4,Grade 4,Wednesday,1,08:45,09:45,Science,,,
CAL007202,2026-11-04,2026,Term 4,Grade 4,Wednesday,2,09:45,10:45,Humanities,,,
CAL007203,2026-11-04,2026,Term 4,Grade 4,Wednesday,3,11:15,12:15,Arts,,,
CAL007204,2026-11-04,2026,Term 4,Grade 4,Wednesday,4,13:00,14:00,Mathematics,,,
CAL007205,2026-11-04,2026,Term 4,Grade 4,Wednesday,5,14:00,15:00,English,,,
CAL007206,2026-11-04,2026,Term 4,Grade 5,Wednesday,1,08:45,09:45,Science,,,
CAL007207,2026-11-04,2026,Term 4,Grade 5,Wednesday,2,09:45,10:45,Humanities,,,
CAL007208,2026-11-04,2026,Term 4,Grade 5,Wednesday,3,11:15,12:15,Health and Physical Education,,,
CAL007209,2026-11-04,2026,Term 4,Grade 5,Wednesday,4,13:00,14:00,Mathematics,,,
CAL007210,2026-11-04,2026,Term 4,Grade 5,Wednesday,5,14:00,15:00,English,,,
CAL007211,2026-11-04,2026,Term 4,Grade 6,Wednesday,1,08:45,09:45,Science,,,
CAL007212,2026-11-04,2026,Term 4,Grade 6,Wednesday,2,09:45,10:45,Humanities,,,
CAL007213,2026-11-04,2026,Term 4,Grade 6,Wednesday,3,11:15,12:15,Design and Technology,,,
CAL007214,2026-11-04,2026,Term 4,Grade 6,Wednesday,4,13:00,14:00,Mathematics,,,
CAL007215,2026-11-04,2026,Term 4,Grade 6,Wednesday,5,14:00,15:00,English,,,
CAL007216,2026-11-05,2026,Term 4,Grade 4,Thursday,1,08:45,09:45,Humanities,,,
CAL007217,2026-11-05,2026,Term 4,Grade 4,Thursday,2,09:45,10:45,Arts,,,
CAL007218,2026-11-05,2026,Term 4,Grade 4,Thursday,3,11:15,12:15,Mathematics,,,
CAL007219,2026-11-05,2026,Term 4,Grade 4,Thursday,4,13:00,14:00,English,,,
CAL007220,2026-11-05,2026,Term 4,Grade 4,Thursday,5,14:00,15:00,Science,,,
CAL007221,2026-11-05,2026,Term 4,Grade 5,Thursday,1,08:45,09:45,Humanities,,,
CAL007222,2026-11-05,2026,Term 4,Grade 5,Thursday,2,09:45,10:45,Health and Physical Education,,,
CAL007223,2026-11-05,2026,Term 4,Grade 5,Thursday,3,11:15,12:15,Mathematics,,,
CAL007224,2026-11-05,2026,Term 4,Grade 5,Thursday,4,13:00,14:00,English,,,
CAL007225,2026-11-05,2026,Term 4,Grade 5,Thursday,5,14:00,15:00,Science,,,
CAL007226,2026-11-05,2026,Term 4,Grade 6,Thursday,1,08:45,09:45,Humanities,,,
CAL007227,2026-11-05,2026,Term 4,Grade 6,Thursday,2,09:45,10:45,Design and Technology,,,
CAL007228,2026-11-05,2026,Term 4,Grade 6,Thursday,3,11:15,12:15,Mathematics,,,
CAL007229,2026-11-05,2026,Term 4,Grade 6,Thursday,4,13:00,14:00,English,,,
CAL007230,2026-11-05,2026,Term 4,Grade 6,Thursday,5,14:00,15:00,Science,,,
CAL007231,2026-11-06,2026,Term 4,Grade 4,Friday,1,08:45,09:45,Arts,,,
CAL007232,2026-11-06,2026,Term 4,Grade 4,Friday,2,09:45,10:45,Mathematics,,,
CAL007233,2026-11-06,2026,Term 4,Grade 4,Friday,3,11:15,12:15,English,,,
CAL007234,2026-11-06,2026,Term 4,Grade 4,Friday,4,13:00,14:00,Science,,,
CAL007235,2026-11-06,2026,Term 4,Grade 4,Friday,5,14:00,15:00,Humanities,,,
CAL007236,2026-11-06,2026,Term 4,Grade 5,Friday,1,08:45,09:45,Health and Physical Education,,,
CAL007237,2026-11-06,2026,Term 4,Grade 5,Friday,2,09:45,10:45,Mathematics,,,
CAL007238,2026-11-06,2026,Term 4,Grade 5,Friday,3,11:15,12:15,English,,,
CAL007239,2026-11-06,2026,Term 4,Grade 5,Friday,4,13:00,14:00,Science,,,
CAL007240,2026-11-06,2026,Term 4,Grade 5,Friday,5,14:00,15:00,Humanities,,,
CAL007241,2026-11-06,2026,Term 4,Grade 6,Friday,1,08:45,09:45,Design and Technology,,,
CAL007242,2026-11-06,2026,Term 4,Grade 6,Friday,2,09:45,10:45,Mathematics,,,
CAL007243,2026-11-06,2026,Term 4,Grade 6,Friday,3,11:15,12:15,English,,,
CAL007244,2026-11-06,2026,Term 4,Grade 6,Friday,4,13:00,14:00,Science,,,
CAL007245,2026-11-06,2026,Term 4,Grade 6,Friday,5,14:00,15:00,Humanities,,,
CAL007246,2026-11-09,2026,Term 4,Grade 4,Monday,1,08:45,09:45,Mathematics,,,
CAL007247,2026-11-09,2026,Term 4,Grade 4,Monday,2,09:45,10:45,English,,,
CAL007248,2026-11-09,2026,Term 4,Grade 4,Monday,3,11:15,12:15,Science,,,
CAL007249,2026-11-09,2026,Term 4,Grade 4,Monday,4,13:00,14:00,Humanities,,,
CAL007250,2026-11-09,2026,Term 4,Grade 4,Monday,5,14:00,15:00,Arts,,,
CAL007251,2026-11-09,2026,Term 4,Grade 5,Monday,1,08:45,09:45,Mathematics,,,
CAL007252,2026-11-09,2026,Term 4,Grade 5,Monday,2,09:45,10:45,English,,,
CAL007253,2026-11-09,2026,Term 4,Grade 5,Monday,3,11:15,12:15,Science,,,
CAL007254,2026-11-09,2026,Term 4,Grade 5,Monday,4,13:00,14:00,Humanities,,,
CAL007255,2026-11-09,2026,Term 4,Grade 5,Monday,5,14:00,15:00,Health and Physical Education,,,
CAL007256,2026-11-09,2026,Term 4,Grade 6,Monday,1,08:45,09:45,Mathematics,,,
CAL007257,2026-11-09,2026,Term 4,Grade 6,Monday,2,09:45,10:45,English,,,
CAL007258,2026-11-09,2026,Term 4,Grade 6,Monday,3,11:15,12:15,Science,,,
CAL007259,2026-11-09,2026,Term 4,Grade 6,Monday,4,13:00,14:00,Humanities,,,
CAL007260,2026-11-09,2026,Term 4,Grade 6,Monday,5,14:00,15:00,Design and Technology,,,
CAL007261,2026-11-10,2026,Term 4,Grade 4,Tuesday,1,08:45,09:45,English,,,
CAL007262,2026-11-10,2026,Term 4,Grade 4,Tuesday,2,09:45,10:45,Science,,,
CAL007263,2026-11-10,2026,Term 4,Grade 4,Tuesday,3,11:15,12:15,Humanities,,,
CAL007264,2026-11-10,2026,Term 4,Grade 4,Tuesday,4,13:00,14:00,Arts,,,
CAL007265,2026-11-10,2026,Term 4,Grade 4,Tuesday,5,14:00,15:00,Mathematics,,,
CAL007266,2026-11-10,2026,Term 4,Grade 5,Tuesday,1,08:45,09:45,English,,,
CAL007267,2026-11-10,2026,Term 4,Grade 5,Tuesday,2,09:45,10:45,Science,,,
CAL007268,2026-11-10,2026,Term 4,Grade 5,Tuesday,3,11:15,12:15,Humanities,,,
CAL007269,2026-11-10,2026,Term 4,Grade 5,Tuesday,4,13:00,14:00,Health and Physical Education,,,
CAL007270,2026-11-10,2026,Term 4,Grade 5,Tuesday,5,14:00,15:00,Mathematics,,,
CAL007271,2026-11-10,2026,Term 4,Grade 6,Tuesday,1,08:45,09:45,English,,,
CAL007272,2026-11-10,2026,Term 4,Grade 6,Tuesday,2,09:45,10:45,Science,,,
CAL007273,2026-11-10,2026,Term 4,Grade 6,Tuesday,3,11:15,12:15,Humanities,,,
CAL007274,2026-11-10,2026,Term 4,Grade 6,Tuesday,4,13:00,14:00,Design and Technology,,,
CAL007275,2026-11-10,2026,Term 4,Grade 6,Tuesday,5,14:00,15:00,Mathematics,,,
CAL007276,2026-11-11,2026,Term 4,Grade 4,Wednesday,1,08:45,09:45,Science,,,
CAL007277,2026-11-11,2026,Term 4,Grade 4,Wednesday,2,09:45,10:45,Humanities,,,
CAL007278,2026-11-11,2026,Term 4,Grade 4,Wednesday,3,11:15,12:15,Arts,,,
CAL007279,2026-11-11,2026,Term 4,Grade 4,Wednesday,4,13:00,14:00,Mathematics,,,
CAL007280,2026-11-11,2026,Term 4,Grade 4,Wednesday,5,14:00,15:00,English,,,
CAL007281,2026-11-11,2026,Term 4,Grade 5,Wednesday,1,08:45,09:45,Science,,,
CAL007282,2026-11-11,2026,Term 4,Grade 5,Wednesday,2,09:45,10:45,Humanities,,,
CAL007283,2026-11-11,2026,Term 4,Grade 5,Wednesday,3,11:15,12:15,Health and Physical Education,,,
CAL007284,2026-11-11,2026,Term 4,Grade 5,Wednesday,4,13:00,14:00,Mathematics,,,
CAL007285,2026-11-11,2026,Term 4,Grade 5,Wednesday,5,14:00,15:00,English,,,
CAL007286,2026-11-11,2026,Term 4,Grade 6,Wednesday,1,08:45,09:45,Science,,,
CAL007287,2026-11-11,2026,Term 4,Grade 6,Wednesday,2,09:45,10:45,Humanities,,,
CAL007288,2026-11-11,2026,Term 4,Grade 6,Wednesday,3,11:15,12:15,Design and Technology,,,
CAL007289,2026-11-11,2026,Term 4,Grade 6,Wednesday,4,13:00,14:00,Mathematics,,,
CAL007290,2026-11-11,2026,Term 4,Grade 6,Wednesday,5,14:00,15:00,English,,,
CAL007291,2026-11-12,2026,Term 4,Grade 4,Thursday,1,08:45,09:45,Humanities,,,
CAL007292,2026-11-12,2026,Term 4,Grade 4,Thursday,2,09:45,10:45,Arts,,,
CAL007293,2026-11-12,2026,Term 4,Grade 4,Thursday,3,11:15,12:15,Mathematics,,,
CAL007294,2026-11-12,2026,Term 4,Grade 4,Thursday,4,13:00,14:00,English,,,
CAL007295,2026-11-12,2026,Term 4,Grade 4,Thursday,5,14:00,15:00,Science,,,
CAL007296,2026-11-12,2026,Term 4,Grade 5,Thursday,1,08:45,09:45,Humanities,,,
CAL007297,2026-11-12,2026,Term 4,Grade 5,Thursday,2,09:45,10:45,Health and Physical Education,,,
CAL007298,2026-11-12,2026,Term 4,Grade 5,Thursday,3,11:15,12:15,Mathematics,,,
CAL007299,2026-11-12,2026,Term 4,Grade 5,Thursday,4,13:00,14:00,English,,,
CAL007300,2026-11-12,2026,Term 4,Grade 5,Thursday,5,14:00,15:00,Science,,,
CAL007301,2026-11-12,2026,Term 4,Grade 6,Thursday,1,08:45,09:45,Humanities,,,
CAL007302,2026-11-12,2026,Term 4,Grade 6,Thursday,2,09:45,10:45,Design and Technology,,,
CAL007303,2026-11-12,2026,Term 4,Grade 6,Thursday,3,11:15,12:15,Mathematics,,,
CAL007304,2026-11-12,2026,Term 4,Grade 6,Thursday,4,13:00,14:00,English,,,
CAL007305,2026-11-12,2026,Term 4,Grade 6,Thursday,5,14:00,15:00,Science,,,
CAL007306,2026-11-13,2026,Term 4,Grade 4,Friday,1,08:45,09:45,Arts,,,
CAL007307,2026-11-13,2026,Term 4,Grade 4,Friday,2,09:45,10:45,Mathematics,,,
CAL007308,2026-11-13,2026,Term 4,Grade 4,Friday,3,11:15,12:15,English,,,
CAL007309,2026-11-13,2026,Term 4,Grade 4,Friday,4,13:00,14:00,Science,,,
CAL007310,2026-11-13,2026,Term 4,Grade 4,Friday,5,14:00,15:00,Humanities,,,
CAL007311,2026-11-13,2026,Term 4,Grade 5,Friday,1,08:45,09:45,Health and Physical Education,,,
CAL007312,2026-11-13,2026,Term 4,Grade 5,Friday,2,09:45,10:45,Mathematics,,,
CAL007313,2026-11-13,2026,Term 4,Grade 5,Friday,3,11:15,12:15,English,,,
CAL007314,2026-11-13,2026,Term 4,Grade 5,Friday,4,13:00,14:00,Science,,,
CAL007315,2026-11-13,2026,Term 4,Grade 5,Friday,5,14:00,15:00,Humanities,,,
CAL007316,2026-11-13,2026,Term 4,Grade 6,Friday,1,08:45,09:45,Design and Technology,,,
CAL007317,2026-11-13,2026,Term 4,Grade 6,Friday,2,09:45,10:45,Mathematics,,,
CAL007318,2026-11-13,2026,Term 4,Grade 6,Friday,3,11:15,12:15,English,,,
CAL007319,2026-11-13,2026,Term 4,Grade 6,Friday,4,13:00,14:00,Science,,,
CAL007320,2026-11-13,2026,Term 4,Grade 6,Friday,5,14:00,15:00,Humanities,,,
CAL007321,2026-11-16,2026,Term 4,Grade 4,Monday,1,08:45,09:45,Mathematics,,,
CAL007322,2026-11-16,2026,Term 4,Grade 4,Monday,2,09:45,10:45,English,,,
CAL007323,2026-11-16,2026,Term 4,Grade 4,Monday,3,11:15,12:15,Science,,,
CAL007324,2026-11-16,2026,Term 4,Grade 4,Monday,4,13:00,14:00,Humanities,,,
CAL007325,2026-11-16,2026,Term 4,Grade 4,Monday,5,14:00,15:00,Arts,,,
CAL007326,2026-11-16,2026,Term 4,Grade 5,Monday,1,08:45,09:45,Mathematics,,,
CAL007327,2026-11-16,2026,Term 4,Grade 5,Monday,2,09:45,10:45,English,,,
CAL007328,2026-11-16,2026,Term 4,Grade 5,Monday,3,11:15,12:15,Science,,,
CAL007329,2026-11-16,2026,Term 4,Grade 5,Monday,4,13:00,14:00,Humanities,,,
CAL007330,2026-11-16,2026,Term 4,Grade 5,Monday,5,14:00,15:00,Health and Physical Education,,,
CAL007331,2026-11-16,2026,Term 4,Grade 6,Monday,1,08:45,09:45,Mathematics,,,
CAL007332,2026-11-16,2026,Term 4,Grade 6,Monday,2,09:45,10:45,English,,,
CAL007333,2026-11-16,2026,Term 4,Grade 6,Monday,3,11:15,12:15,Science,,,
CAL007334,2026-11-16,2026,Term 4,Grade 6,Monday,4,13:00,14:00,Humanities,,,
CAL007335,2026-11-16,2026,Term 4,Grade 6,Monday,5,14:00,15:00,Design and Technology,,,
CAL007336,2026-11-17,2026,Term 4,Grade 4,Tuesday,1,08:45,09:45,English,,,
CAL007337,2026-11-17,2026,Term 4,Grade 4,Tuesday,2,09:45,10:45,Science,,,
CAL007338,2026-11-17,2026,Term 4,Grade 4,Tuesday,3,11:15,12:15,Humanities,,,
CAL007339,2026-11-17,2026,Term 4,Grade 4,Tuesday,4,13:00,14:00,Arts,,,
CAL007340,2026-11-17,2026,Term 4,Grade 4,Tuesday,5,14:00,15:00,Mathematics,,,
CAL007341,2026-11-17,2026,Term 4,Grade 5,Tuesday,1,08:45,09:45,English,,,
CAL007342,2026-11-17,2026,Term 4,Grade 5,Tuesday,2,09:45,10:45,Science,,,
CAL007343,2026-11-17,2026,Term 4,Grade 5,Tuesday,3,11:15,12:15,Humanities,,,
CAL007344,2026-11-17,2026,Term 4,Grade 5,Tuesday,4,13:00,14:00,Health and Physical Education,,,
CAL007345,2026-11-17,2026,Term 4,Grade 5,Tuesday,5,14:00,15:00,Mathematics,,,
CAL007346,2026-11-17,2026,Term 4,Grade 6,Tuesday,1,08:45,09:45,English,,,
CAL007347,2026-11-17,2026,Term 4,Grade 6,Tuesday,2,09:45,10:45,Science,,,
CAL007348,2026-11-17,2026,Term 4,Grade 6,Tuesday,3,11:15,12:15,Humanities,,,
CAL007349,2026-11-17,2026,Term 4,Grade 6,Tuesday,4,13:00,14:00,Design and Technology,,,
CAL007350,2026-11-17,2026,Term 4,Grade 6,Tuesday,5,14:00,15:00,Mathematics,,,
CAL007351,2026-11-18,2026,Term 4,Grade 4,Wednesday,1,08:45,09:45,Science,,,
CAL007352,2026-11-18,2026,Term 4,Grade 4,Wednesday,2,09:45,10:45,Humanities,,,
CAL007353,2026-11-18,2026,Term 4,Grade 4,Wednesday,3,11:15,12:15,Arts,,,
CAL007354,2026-11-18,2026,Term 4,Grade 4,Wednesday,4,13:00,14:00,Mathematics,,,
CAL007355,2026-11-18,2026,Term 4,Grade 4,Wednesday,5,14:00,15:00,English,,,
CAL007356,2026-11-18,2026,Term 4,Grade 5,Wednesday,1,08:45,09:45,Science,,,
CAL007357,2026-11-18,2026,Term 4,Grade 5,Wednesday,2,09:45,10:45,Humanities,,,
CAL007358,2026-11-18,2026,Term 4,Grade 5,Wednesday,3,11:15,12:15,Health and Physical Education,,,
CAL007359,2026-11-18,2026,Term 4,Grade 5,Wednesday,4,13:00,14:00,Mathematics,,,
CAL007360,2026-11-18,2026,Term 4,Grade 5,Wednesday,5,14:00,15:00,English,,,
CAL007361,2026-11-18,2026,Term 4,Grade 6,Wednesday,1,08:45,09:45,Science,,,
CAL007362,2026-11-18,2026,Term 4,Grade 6,Wednesday,2,09:45,10:45,Humanities,,,
CAL007363,2026-11-18,2026,Term 4,Grade 6,Wednesday,3,11:15,12:15,Design and Technology,,,
CAL007364,2026-11-18,2026,Term 4,Grade 6,Wednesday,4,13:00,14:00,Mathematics,,,
CAL007365,2026-11-18,2026,Term 4,Grade 6,Wednesday,5,14:00,15:00,English,,,
CAL007366,2026-11-19,2026,Term 4,Grade 4,Thursday,1,08:45,09:45,Humanities,,,
CAL007367,2026-11-19,2026,Term 4,Grade 4,Thursday,2,09:45,10:45,Arts,,,
CAL007368,2026-11-19,2026,Term 4,Grade 4,Thursday,3,11:15,12:15,Mathematics,,,
CAL007369,2026-11-19,2026,Term 4,Grade 4,Thursday,4,13:00,14:00,English,,,
CAL007370,2026-11-19,2026,Term 4,Grade 4,Thursday,5,14:00,15:00,Science,,,
CAL007371,2026-11-19,2026,Term 4,Grade 5,Thursday,1,08:45,09:45,Humanities,,,
CAL007372,2026-11-19,2026,Term 4,Grade 5,Thursday,2,09:45,10:45,Health and Physical Education,,,
CAL007373,2026-11-19,2026,Term 4,Grade 5,Thursday,3,11:15,12:15,Mathematics,,,
CAL007374,2026-11-19,2026,Term 4,Grade 5,Thursday,4,13:00,14:00,English,,,
CAL007375,2026-11-19,2026,Term 4,Grade 5,Thursday,5,14:00,15:00,Science,,,
CAL007376,2026-11-19,2026,Term 4,Grade 6,Thursday,1,08:45,09:45,Humanities,,,
CAL007377,2026-11-19,2026,Term 4,Grade 6,Thursday,2,09:45,10:45,Design and Technology,,,
CAL007378,2026-11-19,2026,Term 4,Grade 6,Thursday,3,11:15,12:15,Mathematics,,,
CAL007379,2026-11-19,2026,Term 4,Grade 6,Thursday,4,13:00,14:00,English,,,
CAL007380,2026-11-19,2026,Term 4,Grade 6,Thursday,5,14:00,15:00,Science,,,
CAL007381,2026-11-20,2026,Term 4,Grade 4,Friday,1,08:45,09:45,Arts,,Sports Day,School event
CAL007382,2026-11-20,2026,Term 4,Grade 4,Friday,2,09:45,10:45,Mathematics,,Sports Day,School event
CAL007383,2026-11-20,2026,Term 4,Grade 4,Friday,3,11:15,12:15,English,,Sports Day,School event
CAL007384,2026-11-20,2026,Term 4,Grade 4,Friday,4,13:00,14:00,Science,,Sports Day,School event
CAL007385,2026-11-20,2026,Term 4,Grade 4,Friday,5,14:00,15:00,Humanities,,Sports Day,School event
CAL007386,2026-11-20,2026,Term 4,Grade 5,Friday,1,08:45,09:45,Health and Physical Education,,Sports Day,School event
CAL007387,2026-11-20,2026,Term 4,Grade 5,Friday,2,09:45,10:45,Mathematics,,Sports Day,School event
CAL007388,2026-11-20,2026,Term 4,Grade 5,Friday,3,11:15,12:15,English,,Sports Day,School event
CAL007389,2026-11-20,2026,Term 4,Grade 5,Friday,4,13:00,14:00,Science,,Sports Day,School event
CAL007390,2026-11-20,2026,Term 4,Grade 5,Friday,5,14:00,15:00,Humanities,,Sports Day,School event
CAL007391,2026-11-20,2026,Term 4,Grade 6,Friday,1,08:45,09:45,Design and Technology,,Sports Day,School event
CAL007392,2026-11-20,2026,Term 4,Grade 6,Friday,2,09:45,10:45,Mathematics,,Sports Day,School event
CAL007393,2026-11-20,2026,Term 4,Grade 6,Friday,3,11:15,12:15,English,,Sports Day,School event
CAL007394,2026-11-20,2026,Term 4,Grade 6,Friday,4,13:00,14:00,Science,,Sports Day,School event
CAL007395,2026-11-20,2026,Term 4,Grade 6,Friday,5,14:00,15:00,Humanities,,Sports Day,School event
CAL007396,2026-11-23,2026,Term 4,Grade 4,Monday,1,08:45,09:45,Mathematics,,,
CAL007397,2026-11-23,2026,Term 4,Grade 4,Monday,2,09:45,10:45,English,,,
CAL007398,2026-11-23,2026,Term 4,Grade 4,Monday,3,11:15,12:15,Science,,,
CAL007399,2026-11-23,2026,Term 4,Grade 4,Monday,4,13:00,14:00,Humanities,,,
CAL007400,2026-11-23,2026,Term 4,Grade 4,Monday,5,14:00,15:00,Arts,,,
CAL007401,2026-11-23,2026,Term 4,Grade 5,Monday,1,08:45,09:45,Mathematics,,,
CAL007402,2026-11-23,2026,Term 4,Grade 5,Monday,2,09:45,10:45,English,,,
CAL007403,2026-11-23,2026,Term 4,Grade 5,Monday,3,11:15,12:15,Science,,,
CAL007404,2026-11-23,2026,Term 4,Grade 5,Monday,4,13:00,14:00,Humanities,,,
CAL007405,2026-11-23,2026,Term 4,Grade 5,Monday,5,14:00,15:00,Health and Physical Education,,,
CAL007406,2026-11-23,2026,Term 4,Grade 6,Monday,1,08:45,09:45,Mathematics,,,
CAL007407,2026-11-23,2026,Term 4,Grade 6,Monday,2,09:45,10:45,English,,,
CAL007408,2026-11-23,2026,Term 4,Grade 6,Monday,3,11:15,12:15,Science,,,
CAL007409,2026-11-23,2026,Term 4,Grade 6,Monday,4,13:00,14:00,Humanities,,,
CAL007410,2026-11-23,2026,Term 4,Grade 6,Monday,5,14:00,15:00,Design and Technology,,,
CAL007411,2026-11-24,2026,Term 4,Grade 4,Tuesday,1,08:45,09:45,English,,,
CAL007412,2026-11-24,2026,Term 4,Grade 4,Tuesday,2,09:45,10:45,Science,,,
CAL007413,2026-11-24,2026,Term 4,Grade 4,Tuesday,3,11:15,12:15,Humanities,,,
CAL007414,2026-11-24,2026,Term 4,Grade 4,Tuesday,4,13:00,14:00,Arts,,,
CAL007415,2026-11-24,2026,Term 4,Grade 4,Tuesday,5,14:00,15:00,Mathematics,,,
CAL007416,2026-11-24,2026,Term 4,Grade 5,Tuesday,1,08:45,09:45,English,,,
CAL007417,2026-11-24,2026,Term 4,Grade 5,Tuesday,2,09:45,10:45,Science,,,
CAL007418,2026-11-24,2026,Term 4,Grade 5,Tuesday,3,11:15,12:15,Humanities,,,
CAL007419,2026-11-24,2026,Term 4,Grade 5,Tuesday,4,13:00,14:00,Health and Physical Education,,,
CAL007420,2026-11-24,2026,Term 4,Grade 5,Tuesday,5,14:00,15:00,Mathematics,,,
CAL007421,2026-11-24,2026,Term 4,Grade 6,Tuesday,1,08:45,09:45,English,,,
CAL007422,2026-11-24,2026,Term 4,Grade 6,Tuesday,2,09:45,10:45,Science,,,
CAL007423,2026-11-24,2026,Term 4,Grade 6,Tuesday,3,11:15,12:15,Humanities,,,
CAL007424,2026-11-24,2026,Term 4,Grade 6,Tuesday,4,13:00,14:00,Design and Technology,,,
CAL007425,2026-11-24,2026,Term 4,Grade 6,Tuesday,5,14:00,15:00,Mathematics,,,
CAL007426,2026-11-25,2026,Term 4,Grade 4,Wednesday,1,08:45,09:45,Science,,,
CAL007427,2026-11-25,2026,Term 4,Grade 4,Wednesday,2,09:45,10:45,Humanities,,,
CAL007428,2026-11-25,2026,Term 4,Grade 4,Wednesday,3,11:15,12:15,Arts,,,
CAL007429,2026-11-25,2026,Term 4,Grade 4,Wednesday,4,13:00,14:00,Mathematics,,,
CAL007430,2026-11-25,2026,Term 4,Grade 4,Wednesday,5,14:00,15:00,English,,,
CAL007431,2026-11-25,2026,Term 4,Grade 5,Wednesday,1,08:45,09:45,Science,,,
CAL007432,2026-11-25,2026,Term 4,Grade 5,Wednesday,2,09:45,10:45,Humanities,,,
CAL007433,2026-11-25,2026,Term 4,Grade 5,Wednesday,3,11:15,12:15,Health and Physical Education,,,
CAL007434,2026-11-25,2026,Term 4,Grade 5,Wednesday,4,13:00,14:00,Mathematics,,,
CAL007435,2026-11-25,2026,Term 4,Grade 5,Wednesday,5,14:00,15:00,English,,,
CAL007436,2026-11-25,2026,Term 4,Grade 6,Wednesday,1,08:45,09:45,Science,,,
CAL007437,2026-11-25,2026,Term 4,Grade 6,Wednesday,2,09:45,10:45,Humanities,,,
CAL007438,2026-11-25,2026,Term 4,Grade 6,Wednesday,3,11:15,12:15,Design and Technology,,,
CAL007439,2026-11-25,2026,Term 4,Grade 6,Wednesday,4,13:00,14:00,Mathematics,,,
CAL007440,2026-11-25,2026,Term 4,Grade 6,Wednesday,5,14:00,15:00,English,,,
CAL007441,2026-11-26,2026,Term 4,Grade 4,Thursday,1,08:45,09:45,Humanities,,,
CAL007442,2026-11-26,2026,Term 4,Grade 4,Thursday,2,09:45,10:45,Arts,,,
CAL007443,2026-11-26,2026,Term 4,Grade 4,Thursday,3,11:15,12:15,Mathematics,,,
CAL007444,2026-11-26,2026,Term 4,Grade 4,Thursday,4,13:00,14:00,English,,,
CAL007445,2026-11-26,2026,Term 4,Grade 4,Thursday,5,14:00,15:00,Science,,,
CAL007446,2026-11-26,2026,Term 4,Grade 5,Thursday,1,08:45,09:45,Humanities,,,
CAL007447,2026-11-26,2026,Term 4,Grade 5,Thursday,2,09:45,10:45,Health and Physical Education,,,
CAL007448,2026-11-26,2026,Term 4,Grade 5,Thursday,3,11:15,12:15,Mathematics,,,
CAL007449,2026-11-26,2026,Term 4,Grade 5,Thursday,4,13:00,14:00,English,,,
CAL007450,2026-11-26,2026,Term 4,Grade 5,Thursday,5,14:00,15:00,Science,,,
CAL007451,2026-11-26,2026,Term 4,Grade 6,Thursday,1,08:45,09:45,Humanities,,,
CAL007452,2026-11-26,2026,Term 4,Grade 6,Thursday,2,09:45,10:45,Design and Technology,,,
CAL007453,2026-11-26,2026,Term 4,Grade 6,Thursday,3,11:15,12:15,Mathematics,,,
CAL007454,2026-11-26,2026,Term 4,Grade 6,Thursday,4,13:00,14:00,English,,,
CAL007455,2026-11-26,2026,Term 4,Grade 6,Thursday,5,14:00,15:00,Science,,,
CAL007456,2026-11-27,2026,Term 4,Grade 4,Friday,1,08:45,09:45,Arts,,,
CAL007457,2026-11-27,2026,Term 4,Grade 4,Friday,2,09:45,10:45,Mathematics,,,
CAL007458,2026-11-27,2026,Term 4,Grade 4,Friday,3,11:15,12:15,English,,,
CAL007459,2026-11-27,2026,Term 4,Grade 4,Friday,4,13:00,14:00,Science,,,
CAL007460,2026-11-27,2026,Term 4,Grade 4,Friday,5,14:00,15:00,Humanities,,,
CAL007461,2026-11-27,2026,Term 4,Grade 5,Friday,1,08:45,09:45,Health and Physical Education,,,
CAL007462,2026-11-27,2026,Term 4,Grade 5,Friday,2,09:45,10:45,Mathematics,,,
CAL007463,2026-11-27,2026,Term 4,Grade 5,Friday,3,11:15,12:15,English,,,
CAL007464,2026-11-27,2026,Term 4,Grade 5,Friday,4,13:00,14:00,Science,,,
CAL007465,2026-11-27,2026,Term 4,Grade 5,Friday,5,14:00,15:00,Humanities,,,
CAL007466,2026-11-27,2026,Term 4,Grade 6,Friday,1,08:45,09:45,Design and Technology,,,
CAL007467,2026-11-27,2026,Term 4,Grade 6,Friday,2,09:45,10:45,Mathematics,,,
CAL007468,2026-11-27,2026,Term 4,Grade 6,Friday,3,11:15,12:15,English,,,
CAL007469,2026-11-27,2026,Term 4,Grade 6,Friday,4,13:00,14:00,Science,,,
CAL007470,2026-11-27,2026,Term 4,Grade 6,Friday,5,14:00,15:00,Humanities,,,
CAL007471,2026-11-30,2026,Term 4,Grade 4,Monday,1,08:45,09:45,Mathematics,,,
CAL007472,2026-11-30,2026,Term 4,Grade 4,Monday,2,09:45,10:45,English,,,
CAL007473,2026-11-30,2026,Term 4,Grade 4,Monday,3,11:15,12:15,Science,,,
CAL007474,2026-11-30,2026,Term 4,Grade 4,Monday,4,13:00,14:00,Humanities,,,
CAL007475,2026-11-30,2026,Term 4,Grade 4,Monday,5,14:00,15:00,Arts,,,
CAL007476,2026-11-30,2026,Term 4,Grade 5,Monday,1,08:45,09:45,Mathematics,,,
CAL007477,2026-11-30,2026,Term 4,Grade 5,Monday,2,09:45,10:45,English,,,
CAL007478,2026-11-30,2026,Term 4,Grade 5,Monday,3,11:15,12:15,Science,,,
CAL007479,2026-11-30,2026,Term 4,Grade 5,Monday,4,13:00,14:00,Humanities,,,
CAL007480,2026-11-30,2026,Term 4,Grade 5,Monday,5,14:00,15:00,Health and Physical Education,,,
CAL007481,2026-11-30,2026,Term 4,Grade 6,Monday,1,08:45,09:45,Mathematics,,,
CAL007482,2026-11-30,2026,Term 4,Grade 6,Monday,2,09:45,10:45,English,,,
CAL007483,2026-11-30,2026,Term 4,Grade 6,Monday,3,11:15,12:15,Science,,,
CAL007484,2026-11-30,2026,Term 4,Grade 6,Monday,4,13:00,14:00,Humanities,,,
CAL007485,2026-11-30,2026,Term 4,Grade 6,Monday,5,14:00,15:00,Design and Technology,,,
CAL007486,2026-12-01,2026,Term 4,Grade 4,Tuesday,1,08:45,09:45,English,,,
CAL007487,2026-12-01,2026,Term 4,Grade 4,Tuesday,2,09:45,10:45,Science,,,
CAL007488,2026-12-01,2026,Term 4,Grade 4,Tuesday,3,11:15,12:15,Humanities,,,
CAL007489,2026-12-01,2026,Term 4,Grade 4,Tuesday,4,13:00,14:00,Arts,,,
CAL007490,2026-12-01,2026,Term 4,Grade 4,Tuesday,5,14:00,15:00,Mathematics,,,
CAL007491,2026-12-01,2026,Term 4,Grade 5,Tuesday,1,08:45,09:45,English,,,
CAL007492,2026-12-01,2026,Term 4,Grade 5,Tuesday,2,09:45,10:45,Science,,,
CAL007493,2026-12-01,2026,Term 4,Grade 5,Tuesday,3,11:15,12:15,Humanities,,,
CAL007494,2026-12-01,2026,Term 4,Grade 5,Tuesday,4,13:00,14:00,Health and Physical Education,,,
CAL007495,2026-12-01,2026,Term 4,Grade 5,Tuesday,5,14:00,15:00,Mathematics,,,
CAL007496,2026-12-01,2026,Term 4,Grade 6,Tuesday,1,08:45,09:45,English,,,
CAL007497,2026-12-01,2026,Term 4,Grade 6,Tuesday,2,09:45,10:45,Science,,,
CAL007498,2026-12-01,2026,Term 4,Grade 6,Tuesday,3,11:15,12:15,Humanities,,,
CAL007499,2026-12-01,2026,Term 4,Grade 6,Tuesday,4,13:00,14:00,Design and Technology,,,
CAL007500,2026-12-01,2026,Term 4,Grade 6,Tuesday,5,14:00,15:00,Mathematics,,,
CAL007501,2026-12-02,2026,Term 4,Grade 4,Wednesday,1,08:45,09:45,Science,,,
CAL007502,2026-12-02,2026,Term 4,Grade 4,Wednesday,2,09:45,10:45,Humanities,,,
CAL007503,2026-12-02,2026,Term 4,Grade 4,Wednesday,3,11:15,12:15,Arts,,,
CAL007504,2026-12-02,2026,Term 4,Grade 4,Wednesday,4,13:00,14:00,Mathematics,,,
CAL007505,2026-12-02,2026,Term 4,Grade 4,Wednesday,5,14:00,15:00,English,,,
CAL007506,2026-12-02,2026,Term 4,Grade 5,Wednesday,1,08:45,09:45,Science,,,
CAL007507,2026-12-02,2026,Term 4,Grade 5,Wednesday,2,09:45,10:45,Humanities,,,
CAL007508,2026-12-02,2026,Term 4,Grade 5,Wednesday,3,11:15,12:15,Health and Physical Education,,,
CAL007509,2026-12-02,2026,Term 4,Grade 5,Wednesday,4,13:00,14:00,Mathematics,,,
CAL007510,2026-12-02,2026,Term 4,Grade 5,Wednesday,5,14:00,15:00,English,,,
CAL007511,2026-12-02,2026,Term 4,Grade 6,Wednesday,1,08:45,09:45,Science,,,
CAL007512,2026-12-02,2026,Term 4,Grade 6,Wednesday,2,09:45,10:45,Humanities,,,
CAL007513,2026-12-02,2026,Term 4,Grade 6,Wednesday,3,11:15,12:15,Design and Technology,,,
CAL007514,2026-12-02,2026,Term 4,Grade 6,Wednesday,4,13:00,14:00,Mathematics,,,
CAL007515,2026-12-02,2026,Term 4,Grade 6,Wednesday,5,14:00,15:00,English,,,
CAL007516,2026-12-03,2026,Term 4,Grade 4,Thursday,1,08:45,09:45,Humanities,,,
CAL007517,2026-12-03,2026,Term 4,Grade 4,Thursday,2,09:45,10:45,Arts,,,
CAL007518,2026-12-03,2026,Term 4,Grade 4,Thursday,3,11:15,12:15,Mathematics,,,
CAL007519,2026-12-03,2026,Term 4,Grade 4,Thursday,4,13:00,14:00,English,,,
CAL007520,2026-12-03,2026,Term 4,Grade 4,Thursday,5,14:00,15:00,Science,,,
CAL007521,2026-12-03,2026,Term 4,Grade 5,Thursday,1,08:45,09:45,Humanities,,,
CAL007522,2026-12-03,2026,Term 4,Grade 5,Thursday,2,09:45,10:45,Health and Physical Education,,,
CAL007523,2026-12-03,2026,Term 4,Grade 5,Thursday,3,11:15,12:15,Mathematics,,,
CAL007524,2026-12-03,2026,Term 4,Grade 5,Thursday,4,13:00,14:00,English,,,
CAL007525,2026-12-03,2026,Term 4,Grade 5,Thursday,5,14:00,15:00,Science,,,
CAL007526,2026-12-03,2026,Term 4,Grade 6,Thursday,1,08:45,09:45,Humanities,,,
CAL007527,2026-12-03,2026,Term 4,Grade 6,Thursday,2,09:45,10:45,Design and Technology,,,
CAL007528,2026-12-03,2026,Term 4,Grade 6,Thursday,3,11:15,12:15,Mathematics,,,
CAL007529,2026-12-03,2026,Term 4,Grade 6,Thursday,4,13:00,14:00,English,,,
CAL007530,2026-12-03,2026,Term 4,Grade 6,Thursday,5,14:00,15:00,Science,,,
CAL007531,2026-12-04,2026,Term 4,Grade 4,Friday,1,08:45,09:45,Arts,,,
CAL007532,2026-12-04,2026,Term 4,Grade 4,Friday,2,09:45,10:45,Mathematics,,,
CAL007533,2026-12-04,2026,Term 4,Grade 4,Friday,3,11:15,12:15,English,,,
CAL007534,2026-12-04,2026,Term 4,Grade 4,Friday,4,13:00,14:00,Science,,,
CAL007535,2026-12-04,2026,Term 4,Grade 4,Friday,5,14:00,15:00,Humanities,,,
CAL007536,2026-12-04,2026,Term 4,Grade 5,Friday,1,08:45,09:45,Health and Physical Education,,,
CAL007537,2026-12-04,2026,Term 4,Grade 5,Friday,2,09:45,10:45,Mathematics,,,
CAL007538,2026-12-04,2026,Term 4,Grade 5,Friday,3,11:15,12:15,English,,,
CAL007539,2026-12-04,2026,Term 4,Grade 5,Friday,4,13:00,14:00,Science,,,
CAL007540,2026-12-04,2026,Term 4,Grade 5,Friday,5,14:00,15:00,Humanities,,,
CAL007541,2026-12-04,2026,Term 4,Grade 6,Friday,1,08:45,09:45,Design and Technology,,,
CAL007542,2026-12-04,2026,Term 4,Grade 6,Friday,2,09:45,10:45,Mathematics,,,
CAL007543,2026-12-04,2026,Term 4,Grade 6,Friday,3,11:15,12:15,English,,,
CAL007544,2026-12-04,2026,Term 4,Grade 6,Friday,4,13:00,14:00,Science,,,
CAL007545,2026-12-04,2026,Term 4,Grade 6,Friday,5,14:00,15:00,Humanities,,,
CAL007546,2026-12-07,2026,Term 4,Grade 4,Monday,1,08:45,09:45,Mathematics,,,
CAL007547,2026-12-07,2026,Term 4,Grade 4,Monday,2,09:45,10:45,English,,,
CAL007548,2026-12-07,2026,Term 4,Grade 4,Monday,3,11:15,12:15,Science,,,
CAL007549,2026-12-07,2026,Term 4,Grade 4,Monday,4,13:00,14:00,Humanities,,,
CAL007550,2026-12-07,2026,Term 4,Grade 4,Monday,5,14:00,15:00,Arts,,,
CAL007551,2026-12-07,2026,Term 4,Grade 5,Monday,1,08:45,09:45,Mathematics,,,
CAL007552,2026-12-07,2026,Term 4,Grade 5,Monday,2,09:45,10:45,English,,,
CAL007553,2026-12-07,2026,Term 4,Grade 5,Monday,3,11:15,12:15,Science,,,
CAL007554,2026-12-07,2026,Term 4,Grade 5,Monday,4,13:00,14:00,Humanities,,,
CAL007555,2026-12-07,2026,Term 4,Grade 5,Monday,5,14:00,15:00,Health and Physical Education,,,
CAL007556,2026-12-07,2026,Term 4,Grade 6,Monday,1,08:45,09:45,Mathematics,,,
CAL007557,2026-12-07,2026,Term 4,Grade 6,Monday,2,09:45,10:45,English,,,
CAL007558,2026-12-07,2026,Term 4,Grade 6,Monday,3,11:15,12:15,Science,,,
CAL007559,2026-12-07,2026,Term 4,Grade 6,Monday,4,13:00,14:00,Humanities,,,
CAL007560,2026-12-07,2026,Term 4,Grade 6,Monday,5,14:00,15:00,Design and Technology,,,
CAL007561,2026-12-08,2026,Term 4,Grade 4,Tuesday,1,08:45,09:45,English,,,
CAL007562,2026-12-08,2026,Term 4,Grade 4,Tuesday,2,09:45,10:45,Science,,,
CAL007563,2026-12-08,2026,Term 4,Grade 4,Tuesday,3,11:15,12:15,Humanities,,,
CAL007564,2026-12-08,2026,Term 4,Grade 4,Tuesday,4,13:00,14:00,Arts,,,
CAL007565,2026-12-08,2026,Term 4,Grade 4,Tuesday,5,14:00,15:00,Mathematics,,,
CAL007566,2026-12-08,2026,Term 4,Grade 5,Tuesday,1,08:45,09:45,English,,,
CAL007567,2026-12-08,2026,Term 4,Grade 5,Tuesday,2,09:45,10:45,Science,,,
CAL007568,2026-12-08,2026,Term 4,Grade 5,Tuesday,3,11:15,12:15,Humanities,,,
CAL007569,2026-12-08,2026,Term 4,Grade 5,Tuesday,4,13:00,14:00,Health and Physical Education,,,
CAL007570,2026-12-08,2026,Term 4,Grade 5,Tuesday,5,14:00,15:00,Mathematics,,,
CAL007571,2026-12-08,2026,Term 4,Grade 6,Tuesday,1,08:45,09:45,English,,,
CAL007572,2026-12-08,2026,Term 4,Grade 6,Tuesday,2,09:45,10:45,Science,,,
CAL007573,2026-12-08,2026,Term 4,Grade 6,Tuesday,3,11:15,12:15,Humanities,,,
CAL007574,2026-12-08,2026,Term 4,Grade 6,Tuesday,4,13:00,14:00,Design and Technology,,,
CAL007575,2026-12-08,2026,Term 4,Grade 6,Tuesday,5,14:00,15:00,Mathematics,,,
CAL007576,2026-12-09,2026,Term 4,Grade 4,Wednesday,1,08:45,09:45,Science,,,
CAL007577,2026-12-09,2026,Term 4,Grade 4,Wednesday,2,09:45,10:45,Humanities,,,
CAL007578,2026-12-09,2026,Term 4,Grade 4,Wednesday,3,11:15,12:15,Arts,,,
CAL007579,2026-12-09,2026,Term 4,Grade 4,Wednesday,4,13:00,14:00,Mathematics,,,
CAL007580,2026-12-09,2026,Term 4,Grade 4,Wednesday,5,14:00,15:00,English,,,
CAL007581,2026-12-09,2026,Term 4,Grade 5,Wednesday,1,08:45,09:45,Science,,,
CAL007582,2026-12-09,2026,Term 4,Grade 5,Wednesday,2,09:45,10:45,Humanities,,,
CAL007583,2026-12-09,2026,Term 4,Grade 5,Wednesday,3,11:15,12:15,Health and Physical Education,,,
CAL007584,2026-12-09,2026,Term 4,Grade 5,Wednesday,4,13:00,14:00,Mathematics,,,
CAL007585,2026-12-09,2026,Term 4,Grade 5,Wednesday,5,14:00,15:00,English,,,
CAL007586,2026-12-09,2026,Term 4,Grade 6,Wednesday,1,08:45,09:45,Science,,,
CAL007587,2026-12-09,2026,Term 4,Grade 6,Wednesday,2,09:45,10:45,Humanities,,,
CAL007588,2026-12-09,2026,Term 4,Grade 6,Wednesday,3,11:15,12:15,Design and Technology,,,
CAL007589,2026-12-09,2026,Term 4,Grade 6,Wednesday,4,13:00,14:00,Mathematics,,,
CAL007590,2026-12-09,2026,Term 4,Grade 6,Wednesday,5,14:00,15:00,English,,,
CAL007591,2026-12-10,2026,Term 4,Grade 4,Thursday,1,08:45,09:45,Humanities,,,
CAL007592,2026-12-10,2026,Term 4,Grade 4,Thursday,2,09:45,10:45,Arts,,,
CAL007593,2026-12-10,2026,Term 4,Grade 4,Thursday,3,11:15,12:15,Mathematics,,,
CAL007594,2026-12-10,2026,Term 4,Grade 4,Thursday,4,13:00,14:00,English,,,
CAL007595,2026-12-10,2026,Term 4,Grade 4,Thursday,5,14:00,15:00,Science,,,
CAL007596,2026-12-10,2026,Term 4,Grade 5,Thursday,1,08:45,09:45,Humanities,,,
CAL007597,2026-12-10,2026,Term 4,Grade 5,Thursday,2,09:45,10:45,Health and Physical Education,,,
CAL007598,2026-12-10,2026,Term 4,Grade 5,Thursday,3,11:15,12:15,Mathematics,,,
CAL007599,2026-12-10,2026,Term 4,Grade 5,Thursday,4,13:00,14:00,English,,,
CAL007600,2026-12-10,2026,Term 4,Grade 5,Thursday,5,14:00,15:00,Science,,,
CAL007601,2026-12-10,2026,Term 4,Grade 6,Thursday,1,08:45,09:45,Humanities,,,
CAL007602,2026-12-10,2026,Term 4,Grade 6,Thursday,2,09:45,10:45,Design and Technology,,,
CAL007603,2026-12-10,2026,Term 4,Grade 6,Thursday,3,11:15,12:15,Mathematics,,,
CAL007604,2026-12-10,2026,Term 4,Grade 6,Thursday,4,13:00,14:00,English,,,
CAL007605,2026-12-10,2026,Term 4,Grade 6,Thursday,5,14:00,15:00,Science,,,
CAL007606,2026-12-11,2026,Term 4,Grade 4,Friday,1,08:45,09:45,Arts,,,
CAL007607,2026-12-11,2026,Term 4,Grade 4,Friday,2,09:45,10:45,Mathematics,,,
CAL007608,2026-12-11,2026,Term 4,Grade 4,Friday,3,11:15,12:15,English,,,
CAL007609,2026-12-11,2026,Term 4,Grade 4,Friday,4,13:00,14:00,Science,,,
CAL007610,2026-12-11,2026,Term 4,Grade 4,Friday,5,14:00,15:00,Humanities,,,
CAL007611,2026-12-11,2026,Term 4,Grade 5,Friday,1,08:45,09:45,Health and Physical Education,,,
CAL007612,2026-12-11,2026,Term 4,Grade 5,Friday,2,09:45,10:45,Mathematics,,,
CAL007613,2026-12-11,2026,Term 4,Grade 5,Friday,3,11:15,12:15,English,,,
CAL007614,2026-12-11,2026,Term 4,Grade 5,Friday,4,13:00,14:00,Science,,,
CAL007615,2026-12-11,2026,Term 4,Grade 5,Friday,5,14:00,15:00,Humanities,,,
CAL007616,2026-12-11,2026,Term 4,Grade 6,Friday,1,08:45,09:45,Design and Technology,,,
CAL007617,2026-12-11,2026,Term 4,Grade 6,Friday,2,09:45,10:45,Mathematics,,,
CAL007618,2026-12-11,2026,Term 4,Grade 6,Friday,3,11:15,12:15,English,,,
CAL007619,2026-12-11,2026,Term 4,Grade 6,Friday,4,13:00,14:00,Science,,,
CAL007620,2026-12-11,2026,Term 4,Grade 6,Friday,5,14:00,15:00,Humanities,,,
CAL007621,2026-12-14,2026,Term 4,Grade 4,Monday,1,08:45,09:45,Mathematics,,,
CAL007622,2026-12-14,2026,Term 4,Grade 4,Monday,2,09:45,10:45,English,,,
CAL007623,2026-12-14,2026,Term 4,Grade 4,Monday,3,11:15,12:15,Science,,,
CAL007624,2026-12-14,2026,Term 4,Grade 4,Monday,4,13:00,14:00,Humanities,,,
CAL007625,2026-12-14,2026,Term 4,Grade 4,Monday,5,14:00,15:00,Arts,,,
CAL007626,2026-12-14,2026,Term 4,Grade 5,Monday,1,08:45,09:45,Mathematics,,,
CAL007627,2026-12-14,2026,Term 4,Grade 5,Monday,2,09:45,10:45,English,,,
CAL007628,2026-12-14,2026,Term 4,Grade 5,Monday,3,11:15,12:15,Science,,,
CAL007629,2026-12-14,2026,Term 4,Grade 5,Monday,4,13:00,14:00,Humanities,,,
CAL007630,2026-12-14,2026,Term 4,Grade 5,Monday,5,14:00,15:00,Health and Physical Education,,,
CAL007631,2026-12-14,2026,Term 4,Grade 6,Monday,1,08:45,09:45,Mathematics,,,
CAL007632,2026-12-14,2026,Term 4,Grade 6,Monday,2,09:45,10:45,English,,,
CAL007633,2026-12-14,2026,Term 4,Grade 6,Monday,3,11:15,12:15,Science,,,
CAL007634,2026-12-14,2026,Term 4,Grade 6,Monday,4,13:00,14:00,Humanities,,,
CAL007635,2026-12-14,2026,Term 4,Grade 6,Monday,5,14:00,15:00,Design and Technology,,,
CAL007636,2026-12-15,2026,Term 4,Grade 4,Tuesday,1,08:45,09:45,English,,,
CAL007637,2026-12-15,2026,Term 4,Grade 4,Tuesday,2,09:45,10:45,Science,,,
CAL007638,2026-12-15,2026,Term 4,Grade 4,Tuesday,3,11:15,12:15,Humanities,,,
CAL007639,2026-12-15,2026,Term 4,Grade 4,Tuesday,4,13:00,14:00,Arts,,,
CAL007640,2026-12-15,2026,Term 4,Grade 4,Tuesday,5,14:00,15:00,Mathematics,,,
CAL007641,2026-12-15,2026,Term 4,Grade 5,Tuesday,1,08:45,09:45,English,,,
CAL007642,2026-12-15,2026,Term 4,Grade 5,Tuesday,2,09:45,10:45,Science,,,
CAL007643,2026-12-15,2026,Term 4,Grade 5,Tuesday,3,11:15,12:15,Humanities,,,
CAL007644,2026-12-15,2026,Term 4,Grade 5,Tuesday,4,13:00,14:00,Health and Physical Education,,,
CAL007645,2026-12-15,2026,Term 4,Grade 5,Tuesday,5,14:00,15:00,Mathematics,,,
CAL007646,2026-12-15,2026,Term 4,Grade 6,Tuesday,1,08:45,09:45,English,,,
CAL007647,2026-12-15,2026,Term 4,Grade 6,Tuesday,2,09:45,10:45,Science,,,
CAL007648,2026-12-15,2026,Term 4,Grade 6,Tuesday,3,11:15,12:15,Humanities,,,
CAL007649,2026-12-15,2026,Term 4,Grade 6,Tuesday,4,13:00,14:00,Design and Technology,,,
CAL007650,2026-12-15,2026,Term 4,Grade 6,Tuesday,5,14:00,15:00,Mathematics,,,
CAL007651,2026-12-16,2026,Term 4,Grade 4,Wednesday,1,08:45,09:45,Science,,,
CAL007652,2026-12-16,2026,Term 4,Grade 4,Wednesday,2,09:45,10:45,Humanities,,,
CAL007653,2026-12-16,2026,Term 4,Grade 4,Wednesday,3,11:15,12:15,Arts,,,
CAL007654,2026-12-16,2026,Term 4,Grade 4,Wednesday,4,13:00,14:00,Mathematics,,,
CAL007655,2026-12-16,2026,Term 4,Grade 4,Wednesday,5,14:00,15:00,English,,,
CAL007656,2026-12-16,2026,Term 4,Grade 5,Wednesday,1,08:45,09:45,Science,,,
CAL007657,2026-12-16,2026,Term 4,Grade 5,Wednesday,2,09:45,10:45,Humanities,,,
CAL007658,2026-12-16,2026,Term 4,Grade 5,Wednesday,3,11:15,12:15,Health and Physical Education,,,
CAL007659,2026-12-16,2026,Term 4,Grade 5,Wednesday,4,13:00,14:00,Mathematics,,,
CAL007660,2026-12-16,2026,Term 4,Grade 5,Wednesday,5,14:00,15:00,English,,,
CAL007661,2026-12-16,2026,Term 4,Grade 6,Wednesday,1,08:45,09:45,Science,,,
CAL007662,2026-12-16,2026,Term 4,Grade 6,Wednesday,2,09:45,10:45,Humanities,,,
CAL007663,2026-12-16,2026,Term 4,Grade 6,Wednesday,3,11:15,12:15,Design and Technology,,,
CAL007664,2026-12-16,2026,Term 4,Grade 6,Wednesday,4,13:00,14:00,Mathematics,,,
CAL007665,2026-12-16,2026,Term 4,Grade 6,Wednesday,5,14:00,15:00,English,,,
CAL007666,2026-12-17,2026,Term 4,Grade 4,Thursday,1,08:45,09:45,Humanities,,,
CAL007667,2026-12-17,2026,Term 4,Grade 4,Thursday,2,09:45,10:45,Arts,,,
CAL007668,2026-12-17,2026,Term 4,Grade 4,Thursday,3,11:15,12:15,Mathematics,,,
CAL007669,2026-12-17,2026,Term 4,Grade 4,Thursday,4,13:00,14:00,English,,,
CAL007670,2026-12-17,2026,Term 4,Grade 4,Thursday,5,14:00,15:00,Science,,,
CAL007671,2026-12-17,2026,Term 4,Grade 5,Thursday,1,08:45,09:45,Humanities,,,
CAL007672,2026-12-17,2026,Term 4,Grade 5,Thursday,2,09:45,10:45,Health and Physical Education,,,
CAL007673,2026-12-17,2026,Term 4,Grade 5,Thursday,3,11:15,12:15,Mathematics,,,
CAL007674,2026-12-17,2026,Term 4,Grade 5,Thursday,4,13:00,14:00,English,,,
CAL007675,2026-12-17,2026,Term 4,Grade 5,Thursday,5,14:00,15:00,Science,,,
CAL007676,2026-12-17,2026,Term 4,Grade 6,Thursday,1,08:45,09:45,Humanities,,,
CAL007677,2026-12-17,2026,Term 4,Grade 6,Thursday,2,09:45,10:45,Design and Technology,,,
CAL007678,2026-12-17,2026,Term 4,Grade 6,Thursday,3,11:15,12:15,Mathematics,,,
CAL007679,2026-12-17,2026,Term 4,Grade 6,Thursday,4,13:00,14:00,English,,,
CAL007680,2026-12-17,2026,Term 4,Grade 6,Thursday,5,14:00,15:00,Science,,,
CAL007681,2026-12-18,2026,Term 4,Grade 4,Friday,1,08:45,09:45,Arts,,,
CAL007682,2026-12-18,2026,Term 4,Grade 4,Friday,2,09:45,10:45,Mathematics,,,
CAL007683,2026-12-18,2026,Term 4,Grade 4,Friday,3,11:15,12:15,English,,,
CAL007684,2026-12-18,2026,Term 4,Grade 4,Friday,4,13:00,14:00,Science,,,
CAL007685,2026-12-18,2026,Term 4,Grade 4,Friday,5,14:00,15:00,Humanities,,,
CAL007686,2026-12-18,2026,Term 4,Grade 5,Friday,1,08:45,09:45,Health and Physical Education,,,
CAL007687,2026-12-18,2026,Term 4,Grade 5,Friday,2,09:45,10:45,Mathematics,,,
CAL007688,2026-12-18,2026,Term 4,Grade 5,Friday,3,11:15,12:15,English,,,
CAL007689,2026-12-18,2026,Term 4,Grade 5,Friday,4,13:00,14:00,Science,,,
CAL007690,2026-12-18,2026,Term 4,Grade 5,Friday,5,14:00,15:00,Humanities,,,
CAL007691,2026-12-18,2026,Term 4,Grade 6,Friday,1,08:45,09:45,Design and Technology,,,
CAL007692,2026-12-18,2026,Term 4,Grade 6,Friday,2,09:45,10:45,Mathematics,,,
CAL007693,2026-12-18,2026,Term 4,Grade 6,Friday,3,11:15,12:15,English,,,
CAL007694,2026-12-18,2026,Term 4,Grade 6,Friday,4,13:00,14:00,Science,,,
CAL007695,2026-12-18,2026,Term 4,Grade 6,Friday,5,14:00,15:00,Humanities,,,
CAL007696,2026-12-21,2026,Term 4,Grade 4,Monday,1,08:45,09:45,Mathematics,,,
CAL007697,2026-12-21,2026,Term 4,Grade 4,Monday,2,09:45,10:45,English,,,
CAL007698,2026-12-21,2026,Term 4,Grade 4,Monday,3,11:15,12:15,Science,,,
CAL007699,2026-12-21,2026,Term 4,Grade 4,Monday,4,13:00,14:00,Humanities,,,
CAL007700,2026-12-21,2026,Term 4,Grade 4,Monday,5,14:00,15:00,Arts,,,
CAL007701,2026-12-21,2026,Term 4,Grade 5,Monday,1,08:45,09:45,Mathematics,,,
CAL007702,2026-12-21,2026,Term 4,Grade 5,Monday,2,09:45,10:45,English,,,
CAL007703,2026-12-21,2026,Term 4,Grade 5,Monday,3,11:15,12:15,Science,,,
CAL007704,2026-12-21,2026,Term 4,Grade 5,Monday,4,13:00,14:00,Humanities,,,
CAL007705,2026-12-21,2026,Term 4,Grade 5,Monday,5,14:00,15:00,Health and Physical Education,,,
CAL007706,2026-12-21,2026,Term 4,Grade 6,Monday,1,08:45,09:45,Mathematics,,,
CAL007707,2026-12-21,2026,Term 4,Grade 6,Monday,2,09:45,10:45,English,,,
CAL007708,2026-12-21,2026,Term 4,Grade 6,Monday,3,11:15,12:15,Science,,,
CAL007709,2026-12-21,2026,Term 4,Grade 6,Monday,4,13:00,14:00,Humanities,,,
CAL007710,2026-12-21,2026,Term 4,Grade 6,Monday,5,14:00,15:00,Design and Technology,,,
CAL007711,2026-12-22,2026,Term 4,Grade 4,Tuesday,1,08:45,09:45,English,,,
CAL007712,2026-12-22,2026,Term 4,Grade 4,Tuesday,2,09:45,10:45,Science,,,
CAL007713,2026-12-22,2026,Term 4,Grade 4,Tuesday,3,11:15,12:15,Humanities,,,
CAL007714,2026-12-22,2026,Term 4,Grade 4,Tuesday,4,13:00,14:00,Arts,,,
CAL007715,2026-12-22,2026,Term 4,Grade 4,Tuesday,5,14:00,15:00,Mathematics,,,
CAL007716,2026-12-22,2026,Term 4,Grade 5,Tuesday,1,08:45,09:45,English,,,
CAL007717,2026-12-22,2026,Term 4,Grade 5,Tuesday,2,09:45,10:45,Science,,,
CAL007718,2026-12-22,2026,Term 4,Grade 5,Tuesday,3,11:15,12:15,Humanities,,,
CAL007719,2026-12-22,2026,Term 4,Grade 5,Tuesday,4,13:00,14:00,Health and Physical Education,,,
CAL007720,2026-12-22,2026,Term 4,Grade 5,Tuesday,5,14:00,15:00,Mathematics,,,
CAL007721,2026-12-22,2026,Term 4,Grade 6,Tuesday,1,08:45,09:45,English,,,
CAL007722,2026-12-22,2026,Term 4,Grade 6,Tuesday,2,09:45,10:45,Science,,,
CAL007723,2026-12-22,2026,Term 4,Grade 6,Tuesday,3,11:15,12:15,Humanities,,,
CAL007724,2026-12-22,2026,Term 4,Grade 6,Tuesday,4,13:00,14:00,Design and Technology,,,
CAL007725,2026-12-22,2026,Term 4,Grade 6,Tuesday,5,14:00,15:00,Mathematics,,,
CAL007726,2026-12-23,2026,Term 4,Grade 4,Wednesday,1,08:45,09:45,Science,,,
CAL007727,2026-12-23,2026,Term 4,Grade 4,Wednesday,2,09:45,10:45,Humanities,,,
CAL007728,2026-12-23,2026,Term 4,Grade 4,Wednesday,3,11:15,12:15,Arts,,,
CAL007729,2026-12-23,2026,Term 4,Grade 4,Wednesday,4,13:00,14:00,Mathematics,,,
CAL007730,2026-12-23,2026,Term 4,Grade 4,Wednesday,5,14:00,15:00,English,,,
CAL007731,2026-12-23,2026,Term 4,Grade 5,Wednesday,1,08:45,09:45,Science,,,
CAL007732,2026-12-23,2026,Term 4,Grade 5,Wednesday,2,09:45,10:45,Humanities,,,
CAL007733,2026-12-23,2026,Term 4,Grade 5,Wednesday,3,11:15,12:15,Health and Physical Education,,,
CAL007734,2026-12-23,2026,Term 4,Grade 5,Wednesday,4,13:00,14:00,Mathematics,,,
CAL007735,2026-12-23,2026,Term 4,Grade 5,Wednesday,5,14:00,15:00,English,,,
CAL007736,2026-12-23,2026,Term 4,Grade 6,Wednesday,1,08:45,09:45,Science,,,
CAL007737,2026-12-23,2026,Term 4,Grade 6,Wednesday,2,09:45,10:45,Humanities,,,
CAL007738,2026-12-23,2026,Term 4,Grade 6,Wednesday,3,11:15,12:15,Design and Technology,,,
CAL007739,2026-12-23,2026,Term 4,Grade 6,Wednesday,4,13:00,14:00,Mathematics,,,
CAL007740,2026-12-23,2026,Term 4,Grade 6,Wednesday,5,14:00,15:00,English,,,
CAL007741,2026-12-24,2026,Term 4,Grade 4,Thursday,1,08:45,09:45,Humanities,,,
CAL007742,2026-12-24,2026,Term 4,Grade 4,Thursday,2,09:45,10:45,Arts,,,
CAL007743,2026-12-24,2026,Term 4,Grade 4,Thursday,3,11:15,12:15,Mathematics,,,
CAL007744,2026-12-24,2026,Term 4,Grade 4,Thursday,4,13:00,14:00,English,,,
CAL007745,2026-12-24,2026,Term 4,Grade 4,Thursday,5,14:00,15:00,Science,,,
CAL007746,2026-12-24,2026,Term 4,Grade 5,Thursday,1,08:45,09:45,Humanities,,,
CAL007747,2026-12-24,2026,Term 4,Grade 5,Thursday,2,09:45,10:45,Health and Physical Education,,,
CAL007748,2026-12-24,2026,Term 4,Grade 5,Thursday,3,11:15,12:15,Mathematics,,,
CAL007749,2026-12-24,2026,Term 4,Grade 5,Thursday,4,13:00,14:00,English,,,
CAL007750,2026-12-24,2026,Term 4,Grade 5,Thursday,5,14:00,15:00,Science,,,
CAL007751,2026-12-24,2026,Term 4,Grade 6,Thursday,1,08:45,09:45,Humanities,,,
CAL007752,2026-12-24,2026,Term 4,Grade 6,Thursday,2,09:45,10:45,Design and Technology,,,
CAL007753,2026-12-24,2026,Term 4,Grade 6,Thursday,3,11:15,12:15,Mathematics,,,
CAL007754,2026-12-24,2026,Term 4,Grade 6,Thursday,4,13:00,14:00,English,,,
CAL007755,2026-12-24,2026,Term 4,Grade 6,Thursday,5,14:00,15:00,Science,,,
CAL007756,2026-12-25,2026,Term 4,Grade 4,Friday,1,08:45,09:45,Arts,,,
CAL007757,2026-12-25,2026,Term 4,Grade 4,Friday,2,09:45,10:45,Mathematics,,,
CAL007758,2026-12-25,2026,Term 4,Grade 4,Friday,3,11:15,12:15,English,,,
CAL007759,2026-12-25,2026,Term 4,Grade 4,Friday,4,13:00,14:00,Science,,,
CAL007760,2026-12-25,2026,Term 4,Grade 4,Friday,5,14:00,15:00,Humanities,,,
CAL007761,2026-12-25,2026,Term 4,Grade 5,Friday,1,08:45,09:45,Health and Physical Education,,,
CAL007762,2026-12-25,2026,Term 4,Grade 5,Friday,2,09:45,10:45,Mathematics,,,
CAL007763,2026-12-25,2026,Term 4,Grade 5,Friday,3,11:15,12:15,English,,,
CAL007764,2026-12-25,2026,Term 4,Grade 5,Friday,4,13:00,14:00,Science,,,
CAL007765,2026-12-25,2026,Term 4,Grade 5,Friday,5,14:00,15:00,Humanities,,,
CAL007766,2026-12-25,2026,Term 4,Grade 6,Friday,1,08:45,09:45,Design and Technology,,,
CAL007767,2026-12-25,2026,Term 4,Grade 6,Friday,2,09:45,10:45,Mathematics,,,
CAL007768,2026-12-25,2026,Term 4,Grade 6,Friday,3,11:15,12:15,English,,,
CAL007769,2026-12-25,2026,Term 4,Grade 6,Friday,4,13:00,14:00,Science,,,
CAL007770,2026-12-25,2026,Term 4,Grade 6,Friday,5,14:00,15:00,Humanities,,,
CAL007771,2026-12-28,2026,Term 4,Grade 4,Monday,1,08:45,09:45,Mathematics,,,
CAL007772,2026-12-28,2026,Term 4,Grade 4,Monday,2,09:45,10:45,English,,,
CAL007773,2026-12-28,2026,Term 4,Grade 4,Monday,3,11:15,12:15,Science,,,
CAL007774,2026-12-28,2026,Term 4,Grade 4,Monday,4,13:00,14:00,Humanities,,,
CAL007775,2026-12-28,2026,Term 4,Grade 4,Monday,5,14:00,15:00,Arts,,,
CAL007776,2026-12-28,2026,Term 4,Grade 5,Monday,1,08:45,09:45,Mathematics,,,
CAL007777,2026-12-28,2026,Term 4,Grade 5,Monday,2,09:45,10:45,English,,,
CAL007778,2026-12-28,2026,Term 4,Grade 5,Monday,3,11:15,12:15,Science,,,
CAL007779,2026-12-28,2026,Term 4,Grade 5,Monday,4,13:00,14:00,Humanities,,,
CAL007780,2026-12-28,2026,Term 4,Grade 5,Monday,5,14:00,15:00,Health and Physical Education,,,
CAL007781,2026-12-28,2026,Term 4,Grade 6,Monday,1,08:45,09:45,Mathematics,,,
CAL007782,2026-12-28,2026,Term 4,Grade 6,Monday,2,09:45,10:45,English,,,
CAL007783,2026-12-28,2026,Term 4,Grade 6,Monday,3,11:15,12:15,Science,,,
CAL007784,2026-12-28,2026,Term 4,Grade 6,Monday,4,13:00,14:00,Humanities,,,
CAL007785,2026-12-28,2026,Term 4,Grade 6,Monday,5,14:00,15:00,Design and Technology,,,
CAL007786,2026-12-29,2026,Term 4,Grade 4,Tuesday,1,08:45,09:45,English,,,
CAL007787,2026-12-29,2026,Term 4,Grade 4,Tuesday,2,09:45,10:45,Science,,,
CAL007788,2026-12-29,2026,Term 4,Grade 4,Tuesday,3,11:15,12:15,Humanities,,,
CAL007789,2026-12-29,2026,Term 4,Grade 4,Tuesday,4,13:00,14:00,Arts,,,
CAL007790,2026-12-29,2026,Term 4,Grade 4,Tuesday,5,14:00,15:00,Mathematics,,,
CAL007791,2026-12-29,2026,Term 4,Grade 5,Tuesday,1,08:45,09:45,English,,,
CAL007792,2026-12-29,2026,Term 4,Grade 5,Tuesday,2,09:45,10:45,Science,,,
CAL007793,2026-12-29,2026,Term 4,Grade 5,Tuesday,3,11:15,12:15,Humanities,,,
CAL007794,2026-12-29,2026,Term 4,Grade 5,Tuesday,4,13:00,14:00,Health and Physical Education,,,
CAL007795,2026-12-29,2026,Term 4,Grade 5,Tuesday,5,14:00,15:00,Mathematics,,,
CAL007796,2026-12-29,2026,Term 4,Grade 6,Tuesday,1,08:45,09:45,English,,,
CAL007797,2026-12-29,2026,Term 4,Grade 6,Tuesday,2,09:45,10:45,Science,,,
CAL007798,2026-12-29,2026,Term 4,Grade 6,Tuesday,3,11:15,12:15,Humanities,,,
CAL007799,2026-12-29,2026,Term 4,Grade 6,Tuesday,4,13:00,14:00,Design and Technology,,,
CAL007800,2026-12-29,2026,Term 4,Grade 6,Tuesday,5,14:00,15:00,Mathematics,,,
CAL007801,2026-12-30,2026,Term 4,Grade 4,Wednesday,1,08:45,09:45,Science,,,
CAL007802,2026-12-30,2026,Term 4,Grade 4,Wednesday,2,09:45,10:45,Humanities,,,
CAL007803,2026-12-30,2026,Term 4,Grade 4,Wednesday,3,11:15,12:15,Arts,,,
CAL007804,2026-12-30,2026,Term 4,Grade 4,Wednesday,4,13:00,14:00,Mathematics,,,
CAL007805,2026-12-30,2026,Term 4,Grade 4,Wednesday,5,14:00,15:00,English,,,
CAL007806,2026-12-30,2026,Term 4,Grade 5,Wednesday,1,08:45,09:45,Science,,,
CAL007807,2026-12-30,2026,Term 4,Grade 5,Wednesday,2,09:45,10:45,Humanities,,,
CAL007808,2026-12-30,2026,Term 4,Grade 5,Wednesday,3,11:15,12:15,Health and Physical Education,,,
CAL007809,2026-12-30,2026,Term 4,Grade 5,Wednesday,4,13:00,14:00,Mathematics,,,
CAL007810,2026-12-30,2026,Term 4,Grade 5,Wednesday,5,14:00,15:00,English,,,
CAL007811,2026-12-30,2026,Term 4,Grade 6,Wednesday,1,08:45,09:45,Science,,,
CAL007812,2026-12-30,2026,Term 4,Grade 6,Wednesday,2,09:45,10:45,Humanities,,,
CAL007813,2026-12-30,2026,Term 4,Grade 6,Wednesday,3,11:15,12:15,Design and Technology,,,
CAL007814,2026-12-30,2026,Term 4,Grade 6,Wednesday,4,13:00,14:00,Mathematics,,,
CAL007815,2026-12-30,2026,Term 4,Grade 6,Wednesday,5,14:00,15:00,English,,,
CAL007816,2026-12-31,2026,Term 4,Grade 4,Thursday,1,08:45,09:45,Humanities,,,
CAL007817,2026-12-31,2026,Term 4,Grade 4,Thursday,2,09:45,10:45,Arts,,,
CAL007818,2026-12-31,2026,Term 4,Grade 4,Thursday,3,11:15,12:15,Mathematics,,,
CAL007819,2026-12-31,2026,Term 4,Grade 4,Thursday,4,13:00,14:00,English,,,
CAL007820,2026-12-31,2026,Term 4,Grade 4,Thursday,5,14:00,15:00,Science,,,
CAL007821,2026-12-31,2026,Term 4,Grade 5,Thursday,1,08:45,09:45,Humanities,,,
CAL007822,2026-12-31,2026,Term 4,Grade 5,Thursday,2,09:45,10:45,Health and Physical Education,,,
CAL007823,2026-12-31,2026,Term 4,Grade 5,Thursday,3,11:15,12:15,Mathematics,,,
CAL007824,2026-12-31,2026,Term 4,Grade 5,Thursday,4,13:00,14:00,English,,,
CAL007825,2026-12-31,2026,Term 4,Grade 5,Thursday,5,14:00,15:00,Science,,,
CAL007826,2026-12-31,2026,Term 4,Grade 6,Thursday,1,08:45,09:45,Humanities,,,
CAL007827,2026-12-31,2026,Term 4,Grade 6,Thursday,2,09:45,10:45,Design and Technology,,,
CAL007828,2026-12-31,2026,Term 4,Grade 6,Thursday,3,11:15,12:15,Mathematics,,,
CAL007829,2026-12-31,2026,Term 4,Grade 6,Thursday,4,13:00,14:00,English,,,
CAL007830,2026-12-31,2026,Term 4,Grade 6,Thursday,5,14:00,15:00,Science,,,
